NORAD_CAT_ID,OBJECT_NAME,OPS_STATUS_CODE,PERIGEE,APOGEE,INCLINATION
100000,SARAMAGO,+,496.0,509.0,97.46
100001,STARLINK-38128,+,348.0,353.0,70.0
100002,STARLINK-37711,+,348.0,353.0,70.0
100003,STARLINK-38123,+,348.0,353.0,70.0
100004,STARLINK-38107,+,348.0,353.0,70.0
100005,STARLINK-38122,+,348.0,353.0,70.0
100006,STARLINK-38117,+,348.0,353.0,70.0
100007,STARLINK-38054,+,348.0,353.0,70.0
100008,STARLINK-38124,+,349.0,353.0,70.0
100009,STARLINK-38119,+,349.0,352.0,70.0
100010,STARLINK-38045,+,348.0,353.0,70.0
100011,STARLINK-38051,+,348.0,353.0,70.0
100012,STARLINK-38092,+,349.0,352.0,70.0
100013,STARLINK-37719,+,348.0,353.0,70.0
100014,STARLINK-38106,+,348.0,353.0,70.0
100015,STARLINK-37299,+,348.0,353.0,70.0
100016,STARLINK-38052,+,348.0,353.0,70.0
100017,STARLINK-38114,+,348.0,353.0,70.0
100018,STARLINK-37239,+,347.0,354.0,70.0
100019,STARLINK-37580,+,348.0,353.0,70.0
100020,STARLINK-38032,+,348.0,353.0,70.0
100021,STARLINK-38110,+,348.0,353.0,70.0
100022,STARLINK-38103,+,348.0,353.0,70.0
100023,STARLINK-38102,+,348.0,353.0,70.0
100024,STARLINK-38108,+,348.0,353.0,70.0
100025,STARLINK-38109,+,348.0,353.0,70.0
100026,STARLINK-38034,+,348.0,352.0,70.0
100027,STARLINK-38094,+,349.0,353.0,70.0
100028,STARLINK-37844,+,436.0,437.0,53.16
100029,STARLINK-37610,+,462.0,464.0,53.16
100030,STARLINK-37845,+,459.0,461.0,53.16
100031,STARLINK-37336,+,459.0,460.0,53.16
100032,STARLINK-37481,+,462.0,463.0,53.16
100033,STARLINK-37458,+,443.0,444.0,53.16
100034,STARLINK-37917,+,418.0,420.0,53.16
100035,STARLINK-37415,+,437.0,459.0,53.16
100036,STARLINK-37560,+,425.0,429.0,53.16
100037,STARLINK-37847,+,429.0,430.0,53.16
100038,STARLINK-37672,+,462.0,463.0,53.16
100039,STARLINK-37693,+,455.0,456.0,53.16
100040,STARLINK-37714,+,423.0,424.0,53.16
100041,STARLINK-37448,+,448.0,451.0,53.16
100042,STARLINK-38002,+,458.0,461.0,53.16
100043,STARLINK-38023,+,459.0,460.0,53.16
100044,STARLINK-37984,+,452.0,454.0,53.16
100045,STARLINK-37808,+,459.0,460.0,53.16
100046,STARLINK-37807,+,459.0,460.0,53.16
100047,STARLINK-37756,+,430.0,431.0,53.16
100048,STARLINK-37752,+,459.0,460.0,53.16
100049,STARLINK-37848,+,459.0,460.0,53.16
100050,STARLINK-37826,+,462.0,463.0,53.16
100051,STARLINK-37677,+,453.0,458.0,53.16
100052,STARLINK-37797,+,459.0,460.0,53.16
100053,STARLINK-37796,+,434.0,434.0,53.16
100054,STARLINK-37505,+,459.0,460.0,53.16
100055,STARLINK-37605,+,412.0,429.0,53.16
100056,STARLINK-37650,+,459.0,460.0,53.16
100059,PRAETORIAN SDA_501,+,934.0,955.0,81.48
100060,PRAETORIAN SDA_502,+,933.0,955.0,81.48
100061,PRAETORIAN SDA_503,+,931.0,955.0,81.48
100062,PRAETORIAN SDA_504,+,935.0,955.0,81.48
100063,PRAETORIAN SDA_505,+,931.0,955.0,81.48
100064,PRAETORIAN SDA_506,+,930.0,955.0,81.48
100065,PRAETORIAN SDA_507,+,935.0,955.0,81.48
100066,PRAETORIAN SDA_508,+,934.0,955.0,81.48
100067,PRAETORIAN SDA_509,+,933.0,955.0,81.48
100068,PRAETORIAN SDA_510,+,934.0,955.0,81.48
100069,PRAETORIAN SDA_511,+,933.0,955.0,81.48
100070,PRAETORIAN SDA_512,+,931.0,955.0,81.48
100071,PRAETORIAN SDA_513,+,934.0,955.0,81.48
100072,PRAETORIAN SDA_514,+,935.0,955.0,81.48
100073,PRAETORIAN SDA_515,+,930.0,955.0,81.48
100074,PRAETORIAN SDA_516,+,929.0,955.0,81.48
100075,PRAETORIAN SDA_517,+,929.0,955.0,81.48
100076,PRAETORIAN SDA_518,+,929.0,955.0,81.48
100077,PRAETORIAN SDA_519,+,933.0,955.0,81.48
100078,PRAETORIAN SDA_520,+,930.0,955.0,81.48
100079,PRAETORIAN SDA_521,+,930.0,955.0,81.48
100080,AAGAMAN OBJECT A,+,434.0,457.0,59.93
100081,AAGAMAN OBJECT B,+,434.0,449.0,59.92
100082,AAGAMAN OBJECT C,+,434.0,451.0,59.93
100083,RASSVET-3 17,+,282.0,307.0,82.3
100084,RASSVET-3 18,+,353.0,360.0,82.3
100085,RASSVET-3 19,+,321.0,330.0,82.3
100086,RASSVET-3 20,+,327.0,332.0,82.3
100087,RASSVET-3 21,+,327.0,333.0,82.3
100088,RASSVET-3 22,+,344.0,357.0,82.3
100089,RASSVET-3 23,+,282.0,306.0,82.3
100090,RASSVET-3 24,+,345.0,356.0,82.3
100091,RASSVET-3 25,+,343.0,357.0,82.3
100092,RASSVET-3 26,+,300.0,315.0,82.3
100093,RASSVET-3 27,+,323.0,328.0,82.3
100094,RASSVET-3 28,+,330.0,343.0,82.3
100095,RASSVET-3 29,+,344.0,353.0,82.3
100096,RASSVET-3 30,+,347.0,353.0,82.3
100097,RASSVET-3 31,+,329.0,342.0,82.3
100098,RASSVET-3 32,+,318.0,324.0,82.3
10010,COSMOS 909,,992.0,2104.0,65.86
100100,TRANSPORTER-17 OBJECT CC,+,585.0,597.0,97.75
100101,STARLINK-38222,+,386.0,390.0,97.28
100102,STARLINK-37740,+,342.0,346.0,97.29
100103,STARLINK-38214,+,343.0,345.0,97.29
100104,STARLINK-38174,+,343.0,345.0,97.28
100105,STARLINK-38158,+,343.0,346.0,97.28
100106,STARLINK-38161,+,343.0,345.0,97.29
100107,STARLINK-37864,+,343.0,345.0,97.29
100108,STARLINK-38118,+,343.0,345.0,97.29
100109,STARLINK-37712,+,343.0,345.0,97.29
100110,STARLINK-38101,+,343.0,345.0,97.28
100111,STARLINK-38115,+,343.0,345.0,97.28
100112,STARLINK-38113,+,344.0,345.0,97.28
100113,STARLINK-38072,+,344.0,345.0,97.28
100114,STARLINK-38088,+,343.0,345.0,97.28
100115,STARLINK-38044,+,327.0,329.0,97.28
100116,STARLINK-38038,+,343.0,345.0,97.28
100117,STARLINK-38062,+,343.0,345.0,97.29
100118,STARLINK-38030,+,344.0,345.0,97.28
100119,STARLINK-38096,+,343.0,345.0,97.28
100120,STARLINK-38120,+,343.0,345.0,97.28
100121,STARLINK-38160,+,343.0,346.0,97.28
100122,STARLINK-38135,+,343.0,345.0,97.28
100123,STARLINK-38134,+,343.0,345.0,97.28
100124,STARLINK-37991,+,327.0,329.0,97.28
100125,OBJECT A,+,334.0,44728.0,25.79
100126,OBJECT B,+,326.0,44807.0,25.62
100127,OBJECT C,+,311.0,44817.0,25.87
100128,OBJECT D,+,340.0,44782.0,25.65
100129,OBJECT A,+,526.0,550.0,97.54
100130,OBJECT B,+,526.0,550.0,97.54
100131,OBJECT C,+,525.0,551.0,97.54
100132,OBJECT D,+,524.0,550.0,97.54
100133,OBJECT E,+,525.0,551.0,97.54
100134,OBJECT F,+,525.0,551.0,97.54
100135,OBJECT G,+,524.0,551.0,97.53
100136,OBJECT H,+,524.0,550.0,97.54
100137,OBJECT J,+,522.0,550.0,97.54
100139,PESSOA,+,502.0,513.0,97.46
100143,OBJECT A,+,533.0,555.0,97.55
100144,OBJECT B,+,533.0,555.0,97.56
100145,OBJECT C,+,533.0,554.0,97.56
100146,OBJECT D,+,533.0,554.0,97.56
100147,OBJECT E,+,531.0,553.0,97.56
100148,STARLINK-38182,+,342.0,346.0,97.28
100149,STARLINK-38100,+,343.0,345.0,97.28
100150,STARLINK-38179,+,343.0,345.0,97.28
100151,STARLINK-38173,+,358.0,360.0,97.28
100152,STARLINK-38111,+,343.0,344.0,97.29
100153,STARLINK-38081,+,343.0,345.0,97.29
100154,STARLINK-38132,+,343.0,345.0,97.28
100155,STARLINK-38127,+,343.0,345.0,97.29
100156,STARLINK-38121,+,343.0,345.0,97.28
100157,STARLINK-38152,+,343.0,345.0,97.28
100158,STARLINK-38192,+,343.0,345.0,97.29
100159,STARLINK-38162,+,343.0,345.0,97.29
100160,STARLINK-38198,+,344.0,345.0,97.28
100161,STARLINK-38175,+,343.0,345.0,97.28
100162,STARLINK-38186,+,342.0,346.0,97.28
100163,STARLINK-38097,+,342.0,345.0,97.28
100164,STARLINK-38098,+,406.0,411.0,97.29
100165,STARLINK-38079,+,359.0,363.0,97.28
100166,STARLINK-38136,+,343.0,346.0,97.28
100167,STARLINK-38150,+,343.0,346.0,97.28
100168,STARLINK-38151,+,395.0,398.0,97.28
100169,STARLINK-38149,+,342.0,346.0,97.28
100170,STARLINK-38217,+,343.0,345.0,97.28
100171,STARLINK-38197,+,343.0,345.0,97.28
100174,TJS-27A,+,1149.0,1158.0,64.79
100176,TJS-27B,+,1149.0,1157.0,64.79
100179,STARLINK-38095,+,343.0,345.0,97.28
100180,STARLINK-38184,+,343.0,345.0,97.28
100181,STARLINK-38112,+,331.0,335.0,97.28
100182,STARLINK-38140,+,343.0,345.0,97.28
100183,STARLINK-38142,+,328.0,332.0,97.28
100184,STARLINK-37207,+,327.0,329.0,97.28
100185,STARLINK-38104,+,343.0,345.0,97.28
100186,STARLINK-38159,+,328.0,330.0,97.28
100187,STARLINK-38130,+,343.0,345.0,97.28
100188,STARLINK-38141,+,343.0,345.0,97.28
100189,STARLINK-38176,+,343.0,345.0,97.28
10019,COSMOS 911,,962.0,999.0,82.94
100190,STARLINK-38223,+,327.0,329.0,97.28
100191,STARLINK-38165,+,331.0,333.0,97.28
100192,STARLINK-38228,+,327.0,329.0,97.28
100193,STARLINK-38227,+,327.0,329.0,97.28
100194,STARLINK-38225,+,343.0,345.0,97.28
100195,STARLINK-38218,+,327.0,329.0,97.28
100196,STARLINK-38195,+,327.0,329.0,97.28
100197,STARLINK-38224,+,343.0,345.0,97.28
100198,STARLINK-38137,+,333.0,334.0,97.28
100199,STARLINK-38148,+,343.0,345.0,97.28
100200,STARLINK-38196,+,343.0,345.0,97.28
100201,STARLINK-38178,+,343.0,345.0,97.28
100202,STARLINK-38185,+,343.0,345.0,97.28
100203,HULIANWANG DIGUI-178,+,1136.0,1136.0,49.99
100204,HULIANWANG DIGUI-179,+,1125.0,1132.0,50.01
100205,HULIANWANG DIGUI-180,+,1124.0,1126.0,50.0
100206,HULIANWANG DIGUI-181,+,1116.0,1124.0,49.99
100207,HULIANWANG DIGUI-182,+,1117.0,1120.0,49.99
100208,HULIANWANG DIGUI-183,+,1111.0,1118.0,50.0
100209,HULIANWANG DIGUI-184,+,1111.0,1115.0,50.0
100210,HULIANWANG DIGUI-185,+,1111.0,1112.0,50.0
100211,HULIANWANG DIGUI-186,+,1107.0,1110.0,50.0
100213,STARLINK-38189,+,328.0,329.0,97.28
100214,STARLINK-38172,+,343.0,345.0,97.28
100215,STARLINK-38219,+,343.0,345.0,97.28
100216,STARLINK-38133,+,343.0,345.0,97.29
100217,STARLINK-38226,+,326.0,330.0,97.28
100218,STARLINK-38199,+,343.0,345.0,97.28
100219,STARLINK-38190,+,343.0,345.0,97.28
100220,STARLINK-37721,+,342.0,345.0,97.28
100221,STARLINK-38249,+,343.0,345.0,97.28
100222,STARLINK-38254,+,343.0,345.0,97.28
100223,STARLINK-38238,+,342.0,346.0,97.28
100224,STARLINK-38164,+,343.0,345.0,97.28
100225,STARLINK-38241,+,328.0,331.0,97.28
100226,STARLINK-37717,+,343.0,345.0,97.28
100227,STARLINK-38075,+,327.0,329.0,97.28
100228,STARLINK-37375,+,343.0,344.0,97.28
100229,STARLINK-38251,+,343.0,345.0,97.28
100230,STARLINK-38053,+,327.0,329.0,97.28
100231,STARLINK-37832,+,328.0,328.0,97.28
100232,STARLINK-38200,+,327.0,328.0,97.28
100233,STARLINK-38188,+,327.0,328.0,97.28
100234,STARLINK-38177,+,328.0,329.0,97.28
100235,STARLINK-38126,+,343.0,346.0,97.28
100236,STARLINK-38139,+,343.0,345.0,97.28
100237,OBJECT A,+,783.0,812.0,98.55
100240,SPACEMOBILE-013,+,522.0,531.0,53.0
100241,SPACEMOBILE-012,+,522.0,531.0,52.99
100242,SPACEMOBILE-011,+,522.0,531.0,53.0
100243,QPS-SAR-13 (MIKURA-I),+,570.0,581.0,42.0
100246,STARLINK-38191,+,343.0,345.0,97.28
100247,STARLINK-38246,+,327.0,329.0,97.28
100248,STARLINK-38221,+,327.0,329.0,97.28
100249,STARLINK-38233,+,343.0,345.0,97.28
100250,STARLINK-38163,+,343.0,345.0,97.29
100251,STARLINK-38168,+,327.0,329.0,97.28
100252,STARLINK-38259,+,328.0,328.0,97.28
100253,STARLINK-38243,+,344.0,345.0,97.28
100254,STARLINK-38252,+,327.0,329.0,97.28
100255,STARLINK-38266,+,343.0,345.0,97.28
100256,STARLINK-38144,+,343.0,345.0,97.28
100257,STARLINK-38167,+,327.0,329.0,97.28
100258,STARLINK-38154,+,327.0,329.0,97.28
100259,STARLINK-38187,+,327.0,329.0,97.28
100260,STARLINK-38232,+,343.0,345.0,97.28
100261,STARLINK-37947,+,327.0,329.0,97.28
100262,STARLINK-38279,+,327.0,329.0,97.28
100263,STARLINK-38157,+,328.0,328.0,97.28
100264,STARLINK-38263,+,327.0,329.0,97.28
100265,STARLINK-38280,+,327.0,329.0,97.28
100266,STARLINK-38242,+,327.0,328.0,97.28
100267,STARLINK-38212,+,327.0,329.0,97.28
100268,STARLINK-38129,+,344.0,344.0,97.28
100269,STARLINK-38255,+,327.0,329.0,97.28
100272,STARLINK-37697,+,327.0,328.0,53.16
100273,STARLINK-37705,+,327.0,328.0,53.16
100274,STARLINK-37696,+,327.0,328.0,53.16
100275,STARLINK-37750,+,328.0,328.0,53.16
100276,STARLINK-37648,+,343.0,344.0,53.16
100277,STARLINK-37550,+,343.0,344.0,53.16
100278,STARLINK-37674,+,327.0,328.0,53.16
100279,STARLINK-37699,+,330.0,332.0,53.16
100280,STARLINK-37942,+,335.0,336.0,53.16
100281,STARLINK-37973,+,327.0,329.0,53.16
100282,STARLINK-37981,+,327.0,328.0,53.16
100283,STARLINK-37980,+,327.0,328.0,53.16
100284,STARLINK-37944,+,327.0,328.0,53.16
100285,STARLINK-37982,+,327.0,328.0,53.16
100286,STARLINK-37793,+,327.0,328.0,53.16
100287,STARLINK-37480,+,327.0,329.0,53.16
100288,STARLINK-37809,+,327.0,329.0,53.16
100289,STARLINK-37813,+,327.0,329.0,53.16
100290,STARLINK-37805,+,327.0,329.0,53.16
100291,STARLINK-37827,+,328.0,328.0,53.16
100292,STARLINK-37810,+,328.0,328.0,53.16
100293,STARLINK-37812,+,327.0,329.0,53.16
100294,STARLINK-37457,+,327.0,328.0,53.16
100295,STARLINK-37559,+,327.0,328.0,53.16
100296,STARLINK-37811,+,327.0,328.0,53.16
100297,STARLINK-37741,+,327.0,329.0,53.16
100298,STARLINK-37753,+,327.0,328.0,53.16
100299,STARLINK-37675,+,327.0,328.0,53.16
100300,STARLINK-37874,+,318.0,324.0,53.16
100301,STARLINK-38267,+,327.0,329.0,97.28
100302,STARLINK-38253,+,327.0,329.0,97.28
100303,STARLINK-38247,+,327.0,329.0,97.28
100304,STARLINK-38260,+,327.0,329.0,97.28
100305,STARLINK-38215,+,327.0,329.0,97.28
100306,STARLINK-38147,+,327.0,329.0,97.28
100307,STARLINK-38116,+,327.0,329.0,97.28
100308,STARLINK-38264,+,322.0,329.0,97.28
100309,STARLINK-38261,+,327.0,329.0,97.28
100310,STARLINK-37416,+,326.0,330.0,97.28
100311,STARLINK-38283,+,327.0,329.0,97.28
100312,STARLINK-38236,+,326.0,329.0,97.28
100313,STARLINK-38289,+,326.0,329.0,97.28
100314,STARLINK-38239,+,327.0,329.0,97.28
100315,STARLINK-38288,+,327.0,329.0,97.28
100316,STARLINK-38299,+,326.0,329.0,97.28
100317,STARLINK-38143,+,327.0,329.0,97.28
100318,STARLINK-38256,+,327.0,329.0,97.28
100319,STARLINK-38294,+,327.0,329.0,97.28
100320,STARLINK-38245,+,327.0,329.0,97.28
100321,STARLINK-38268,+,327.0,329.0,97.28
100322,STARLINK-38281,+,327.0,329.0,97.28
100323,STARLINK-38295,+,327.0,329.0,97.28
100324,STARLINK-38298,+,327.0,329.0,97.28
100325,GLOBALSTAR M098,+,674.0,688.0,52.0
100326,GLOBALSTAR M102,+,674.0,688.0,52.0
100327,GLOBALSTAR M099,+,674.0,688.0,51.99
100328,GLOBALSTAR M104,+,674.0,687.0,51.99
100329,GLOBALSTAR M106,+,674.0,687.0,52.0
10033,OPS 5644 (DMSP 5D-1 F2),-,759.0,814.0,99.11
100330,GLOBALSTAR M101,+,674.0,687.0,52.0
100331,GLOBALSTAR M105,+,674.0,687.0,51.99
100332,GLOBALSTAR M100,+,674.0,686.0,51.99
100356,GUOWANG 24 OBJECT A,+,914.0,927.0,50.0
100357,GUOWANG 24 OBJECT B,+,914.0,931.0,50.0
100358,GUOWANG 24 OBJECT C,+,914.0,930.0,50.0
100359,GUOWANG 24 OBJECT D,+,914.0,929.0,50.0
100360,GUOWANG 24 OBJECT E,+,914.0,929.0,50.0
100361,GUOWANG 24 OBJECT F,+,914.0,929.0,50.0
100362,GUOWANG 24 OBJECT G,+,914.0,928.0,50.0
100363,GUOWANG 24 OBJECT H,+,914.0,928.0,50.0
100364,GUOWANG 24 OBJECT J,+,914.0,926.0,50.0
100370,HONGHU-03,+,403.0,523.0,55.01
100399,FGN-TUG-S01,+,532.0,1213.0,97.38
100400,FRG-10D1,+,526.0,706.0,97.4
100401,QPS-SAR-18 (SUSANOO-II),+,569.0,582.0,42.01
10095,COSMOS 921,,552.0,601.0,75.83
10120,COSMOS 923,,773.0,791.0,74.05
10137,COSMOS 926,,966.0,1014.0,82.94
10141,COSMOS 928,,947.0,1003.0,82.96
10282,COSMOS 939,,1431.0,1462.0,74.02
10286,COSMOS 940,,1394.0,1461.0,74.02
10287,COSMOS 941,,1412.0,1462.0,74.03
10288,COSMOS 942,,1462.0,1532.0,74.02
10289,COSMOS 943,,1450.0,1461.0,74.03
10290,COSMOS 944,,1462.0,1470.0,74.02
10291,COSMOS 945,,1462.0,1490.0,74.03
10292,COSMOS 946,,1461.0,1510.0,74.02
10352,COSMOS 951,,959.0,1009.0,82.97
10358,COSMOS 952,,914.0,987.0,64.94
10457,TRANSAT,,1057.0,1095.0,89.64
10459,COSMOS 962,,962.0,1002.0,82.95
10491,COSMOS 963,,1183.0,1204.0,82.93
10502,OPS 8781,,535.0,1201.0,63.33
10512,COSMOS 967,,962.0,1001.0,65.84
10514,METEOR 2-3,,838.0,872.0,81.21
10520,COSMOS 968,,755.0,781.0,74.03
10529,SS 1,,556.0,1298.0,63.34
10531,COSMOS 970,,930.0,1142.0,65.86
10536,COSMOS 971,,972.0,1002.0,82.94
10539,COSMOS 972,,711.0,1152.0,75.84
10544,SS 2,,556.0,1292.0,63.34
10581,COSMOS 976,,1455.0,1464.0,74.03
10584,COSMOS 977,,1399.0,1463.0,74.03
10585,COSMOS 978,,1418.0,1463.0,74.03
10586,COSMOS 979,,1436.0,1463.0,74.03
10587,COSMOS 980,,1462.0,1476.0,74.03
10588,COSMOS 981,,1463.0,1495.0,74.03
10589,COSMOS 982,,1463.0,1515.0,74.03
10590,COSMOS 983,,1463.0,1538.0,74.03
10594,SS 3,,538.0,1228.0,63.33
10599,COSMOS 985,,936.0,1014.0,82.95
10664,KYOKKO (EXOS-A),-,637.0,3941.0,65.37
10674,UME-2 (ISS-B),-,974.0,1217.0,69.36
10676,COSMOS 990,,756.0,779.0,74.04
10692,COSMOS 991,,948.0,1004.0,82.99
107,EXPLORER 11,,463.0,1171.0,28.78
10702,LANDSAT 3,-,894.0,915.0,99.07
10703,OSCAR 8 (AO-8),-,886.0,903.0,99.33
10731,COSMOS 994,,969.0,1005.0,82.94
10744,COSMOS 996,,949.0,1002.0,82.92
10776,COSMOS 1000,,955.0,1004.0,82.94
10820,OPS 6182 (DMSP 5D-1 F3),-,758.0,772.0,98.45
10917,COSMOS 1011,,952.0,1007.0,82.92
10930,COSMOS 1013,,1478.0,1554.0,74.03
10931,COSMOS 1014,,1479.0,1530.0,74.03
10932,COSMOS 1015,,1473.0,1516.0,74.03
10933,COSMOS 1016,,1470.0,1498.0,74.02
10934,COSMOS 1017,,1458.0,1491.0,74.03
10935,COSMOS 1018,,1441.0,1488.0,74.02
10936,COSMOS 1019,,1423.0,1488.0,74.03
10937,COSMOS 1020,,1407.0,1484.0,74.03
10961,COSMOS 1023,,756.0,777.0,74.08
10967,SEASAT 1,-,737.0,739.0,108.01
10991,COSMOS 1027,,956.0,995.0,82.94
11,VANGUARD 2,,552.0,2894.0,32.86
11042,COSMOS 1034,,1421.0,1481.0,74.03
11044,COSMOS 1035,,1403.0,1479.0,74.04
11045,COSMOS 1036,,1441.0,1481.0,74.04
11046,COSMOS 1037,,1461.0,1481.0,74.04
11047,COSMOS 1038,,1477.0,1486.0,74.03
11048,COSMOS 1039,,1479.0,1551.0,74.03
11049,COSMOS 1040,,1479.0,1527.0,74.03
11050,COSMOS 1041,,1477.0,1508.0,74.04
11057,MOLNIYA 3-10,,966.0,19262.0,63.71
11060,TIROS N,-,819.0,836.0,98.45
11080,NIMBUS 7,-,941.0,955.0,99.46
11081,CAMEO & DELTA 1 R/B,,921.0,963.0,99.42
11084,COSMOS 1045,,1685.0,1705.0,82.55
11085,RADIO 1 (RS1),,1686.0,1707.0,82.55
11086,RADIO 2 (RS2),-,1685.0,1706.0,82.55
11111,COSMOS 1048,,762.0,787.0,74.03
11128,COSMOS 1051,,1394.0,1486.0,74.02
11129,COSMOS 1052,,1410.0,1487.0,74.01
11130,COSMOS 1053,,1429.0,1487.0,74.02
11131,COSMOS 1054,,1445.0,1489.0,74.01
11132,COSMOS 1055,,1464.0,1490.0,74.02
11133,COSMOS 1056,,1472.0,1503.0,74.01
11134,COSMOS 1057,,1480.0,1515.0,74.02
11135,COSMOS 1058,,1480.0,1537.0,74.02
11165,COSMOS 1066,,817.0,887.0,81.24
11168,COSMOS 1067,,1156.0,1211.0,82.98
11238,COSMOS 1072,,956.0,1012.0,82.94
11288,METEOR 2-4,,834.0,869.0,81.21
11296,COSMOS 1081,,1403.0,1465.0,74.03
11297,COSMOS 1082,,1423.0,1464.0,74.03
11298,COSMOS 1083,,1442.0,1465.0,74.03
11299,COSMOS 1084,,1461.0,1464.0,74.03
11300,COSMOS 1085,,1465.0,1504.0,74.03
11301,COSMOS 1086,,1465.0,1482.0,74.04
11302,COSMOS 1087,,1465.0,1523.0,74.03
11303,COSMOS 1088,,1465.0,1547.0,74.04
11308,COSMOS 1089,,964.0,996.0,82.97
11320,COSMOS 1091,,960.0,1004.0,82.92
11326,COSMOS 1092,,959.0,1000.0,82.95
11378,COSMOS 1104,,954.0,1003.0,82.95
11389,OPS 5390 (DMSP 5D-1 F4),-,786.0,802.0,98.64
11416,NOAA 6,-,765.0,781.0,98.56
11425,COSMOS 1110,,768.0,788.0,74.01
11510,COSMOS 1125,,768.0,788.0,74.03
11538,COSMOS 1130,,1397.0,1480.0,74.03
11539,COSMOS 1131,,1411.0,1482.0,74.02
11540,COSMOS 1132,,1425.0,1482.0,74.02
11541,COSMOS 1133,,1438.0,1483.0,74.02
11542,COSMOS 1134,,1453.0,1483.0,74.02
11543,COSMOS 1135,,1462.0,1491.0,74.03
11544,COSMOS 1136,,1472.0,1497.0,74.02
11545,COSMOS 1137,,1472.0,1514.0,74.03
11573,COSMOS 1140,,755.0,777.0,74.07
11585,COSMOS 1141,,953.0,995.0,82.95
116,TRANSIT 4A,,862.0,979.0,66.81
11605,METEOR 2-5,,856.0,880.0,81.21
11667,COSMOS 1150,,962.0,1011.0,82.96
11680,COSMOS 1153,,958.0,1013.0,82.93
11691,COSMOS 1156,,1398.0,1474.0,74.02
11692,COSMOS 1157,,1414.0,1477.0,74.02
11693,COSMOS 1158,,1433.0,1476.0,74.02
11694,COSMOS 1159,,1450.0,1478.0,74.02
11695,COSMOS 1160,,1465.0,1483.0,74.02
11696,COSMOS 1161,,1468.0,1502.0,74.02
11697,COSMOS 1162,,1471.0,1519.0,74.02
11698,COSMOS 1163,,1471.0,1542.0,74.02
117,SOLRAD 3 & INJUN 1,,866.0,989.0,66.81
11735,COSMOS 1168,,955.0,1007.0,82.94
11750,COSMOS 1171,,963.0,1009.0,65.84
11765,COSMOS 1174,,369.0,1027.0,66.08
11788,COSMOS 1176,,872.0,963.0,64.83
11803,COSMOS 1181,,967.0,1002.0,82.95
11852,OPS 1292,,1324.0,1329.0,96.62
11869,COSMOS 1190,,767.0,785.0,74.04
11875,COSMOS 1192,,1396.0,1473.0,74.02
11876,COSMOS 1193,,1414.0,1474.0,74.02
11877,COSMOS 1194,,1431.0,1474.0,74.02
11878,COSMOS 1195,,1449.0,1475.0,74.02
11879,COSMOS 1196,,1468.0,1474.0,74.02
11880,COSMOS 1197,,1471.0,1492.0,74.02
11881,COSMOS 1198,,1474.0,1508.0,74.02
11882,COSMOS 1199,,1472.0,1531.0,74.01
11896,MOLNIYA 3-13,,1157.0,39201.0,63.81
11962,METEOR 2-6,,830.0,881.0,81.22
1208,SECOR 3,,892.0,922.0,70.08
12087,COSMOS 1225,,942.0,1023.0,82.94
12091,COSMOS 1226,,959.0,1007.0,82.94
12107,COSMOS 1228,,1393.0,1464.0,74.0
12108,COSMOS 1229,,1414.0,1464.0,74.0
12109,COSMOS 1230,,1399.0,1464.0,73.99
12110,COSMOS 1231,,1405.0,1464.0,73.99
12111,COSMOS 1232,,1412.0,1464.0,73.99
12112,COSMOS 1233,,1418.0,1464.0,74.0
12113,COSMOS 1234,,1409.0,1464.0,73.99
12114,COSMOS 1235,,1413.0,1464.0,73.99
12138,COSMOS 1238,,389.0,1305.0,82.96
12149,COSMOS 1241,,988.0,995.0,65.83
12295,KIKU-3 (ETS-IV),-,293.0,12195.0,28.44
12297,COSMOS 1244,,958.0,1003.0,82.95
12319,COSMOS 1249,,891.0,989.0,64.97
12320,COSMOS 1250,,1389.0,1471.0,74.03
12321,COSMOS 1251,,1403.0,1472.0,74.03
12322,COSMOS 1252,,1418.0,1471.0,74.03
12323,COSMOS 1253,,1468.0,1496.0,74.03
12324,COSMOS 1254,,1431.0,1472.0,74.03
12325,COSMOS 1255,,1444.0,1472.0,74.03
12326,COSMOS 1256,,1457.0,1476.0,74.03
12327,COSMOS 1257,,1468.0,1479.0,74.03
12388,COSMOS 1263,,379.0,1200.0,82.86
12409,COSMOS 1266,,889.0,963.0,64.76
1244,GGSE 2,,892.0,922.0,70.08
12442,COSMOS 1269,,775.0,787.0,74.05
12456,METEOR 2-7,,822.0,889.0,81.26
12458,NOVA 1,,1160.0,1184.0,89.84
12504,COSMOS 1275,,954.0,1012.0,82.96
12546,CAT 3,-,238.0,17909.0,10.18
12553,NOAA 7,-,824.0,842.0,98.79
12624,DYNAMICS EXPLORER 1,,474.0,23215.0,90.93
12636,COSMOS 1287,,1464.0,1513.0,74.03
12637,COSMOS 1288,,1464.0,1492.0,74.03
12638,COSMOS 1289,,1425.0,1464.0,74.03
12639,COSMOS 1290,,1441.0,1464.0,74.03
12640,COSMOS 1291,,1458.0,1464.0,74.03
12641,COSMOS 1292,,1463.0,1476.0,74.03
12642,COSMOS 1293,,1408.0,1465.0,74.04
12643,COSMOS 1294,,1392.0,1464.0,74.03
12645,INTERCOSMOS 22,,783.0,875.0,81.22
12681,COSMOS 1295,,942.0,1009.0,82.91
1271,OPS 4988 (GREB 6),,890.0,921.0,70.08
1272,PORCUPINE 1,,898.0,928.0,70.08
12783,COSMOS 1299,,920.0,968.0,65.11
12791,COSMOS 1302,,761.0,789.0,74.03
12803,COSMOS 1304,,902.0,970.0,82.94
12818,COSMOS 1305,,567.0,13914.0,62.79
12835,COSMOS 1308,,960.0,999.0,82.92
12848,AUREOLE 3,,371.0,1016.0,82.46
12879,COSMOS 1312,,1491.0,1502.0,82.6
1291,SOLRAD 7B,,897.0,926.0,70.08
1292,GGSE 3,,873.0,904.0,70.08
1293,OSCAR 3 (OSCAR III),-,853.0,876.0,70.07
12975,COSMOS 1320,,1481.0,1634.0,73.99
12976,COSMOS 1321,,1482.0,1631.0,73.99
12977,COSMOS 1322,,1481.0,1628.0,73.98
12978,COSMOS 1323,,1482.0,1624.0,73.98
12979,COSMOS 1324,,1482.0,1619.0,73.98
12980,COSMOS 1325,,1482.0,1616.0,73.98
12981,COSMOS 1326,,1481.0,1610.0,73.98
12982,COSMOS 1327,,1481.0,1603.0,73.98
12987,COSMOS 1328,,450.0,461.0,82.49
12997,RADIO 3,,1563.0,1658.0,82.96
12998,RADIO 8,,1651.0,1682.0,82.95
12999,RADIO 5,,1645.0,1669.0,82.96
13000,RADIO 4,,1635.0,1665.0,82.96
13001,RADIO 7,,1622.0,1660.0,82.96
13002,RADIO 6,,1579.0,1660.0,82.95
13011,CAT 4,-,255.0,25041.0,10.58
13012,MOLNIYA 1-52,,352.0,40044.0,61.7
13027,COSMOS 1331,,749.0,783.0,74.05
13033,COSMOS 1333,,963.0,1011.0,82.94
13065,COSMOS 1339,,947.0,1010.0,82.9
13070,MOLNIYA 1-53,,1255.0,39076.0,63.83
13110,COSMOS 1344,,963.0,1006.0,82.92
13113,METEOR 2-8,,930.0,958.0,82.54
13127,COSMOS 1349,,963.0,1007.0,82.93
1314,OPS 4682 (SNAPSHOT),,1270.0,1319.0,90.25
13148,COSMOS 1354,,776.0,788.0,74.04
1315,SECOR 4 (EGRS 4),,1266.0,1315.0,90.25
13160,COSMOS 1357,,1400.0,1478.0,74.02
13161,COSMOS 1358,,1415.0,1480.0,74.01
13162,COSMOS 1359,,1431.0,1481.0,74.01
13163,COSMOS 1360,,1445.0,1482.0,74.01
13164,COSMOS 1361,,1461.0,1483.0,74.01
13165,COSMOS 1362,,1466.0,1495.0,74.01
13166,COSMOS 1363,,1474.0,1504.0,74.01
13167,COSMOS 1364,,1474.0,1523.0,74.01
13172,OPS 6553,,539.0,554.0,96.01
13175,COSMOS 1365,,891.0,968.0,65.07
13241,COSMOS 1371,,773.0,793.0,74.04
13243,COSMOS 1372,,904.0,980.0,64.9
13259,COSMOS 1375,,934.0,958.0,65.83
1328,EXPLORER 27,,932.0,1294.0,41.18
13295,COSMOS 1382,,713.0,39663.0,62.21
13301,COSMOS 1383,-,982.0,1025.0,82.94
13353,COSMOS 1386,,948.0,1003.0,82.96
13375,COSMOS 1388,,1393.0,1474.0,74.01
13376,COSMOS 1389,,1409.0,1475.0,74.02
13377,COSMOS 1390,,1426.0,1475.0,74.01
13378,COSMOS 1391,,1442.0,1475.0,74.02
13379,COSMOS 1392,,1460.0,1474.0,74.01
13380,COSMOS 1393,,1469.0,1483.0,74.02
13381,COSMOS 1394,,1474.0,1495.0,74.01
13382,COSMOS 1395,,1474.0,1515.0,74.02
13492,KIKU-4 (ETS-III),-,987.0,1003.0,44.62
13589,COSMOS 1410,,1492.0,1502.0,82.6
13600,COSMOS 1412,,900.0,982.0,64.81
13617,COSMOS 1417,,955.0,1004.0,82.97
13648,COSMOS 1420,,762.0,790.0,73.99
13718,METEOR 2-9,,800.0,878.0,81.25
13736,OPS 9845 (DMSP 5D-2 F6),-,784.0,796.0,98.59
13757,COSMOS 1428,,948.0,1001.0,82.92
13761,COSMOS 1429,,1466.0,1518.0,74.02
13762,COSMOS 1430,,1466.0,1499.0,74.02
13763,COSMOS 1431,,1465.0,1483.0,74.03
13764,COSMOS 1432,,1462.0,1468.0,74.02
13765,COSMOS 1433,,1445.0,1467.0,74.02
13766,COSMOS 1434,,1430.0,1467.0,74.02
13767,COSMOS 1435,,1414.0,1467.0,74.03
13768,COSMOS 1436,,1398.0,1467.0,74.02
13777,IRAS,-,877.0,904.0,99.07
13791,OPS 0252,,446.0,1428.0,63.31
13792,SSD,,665.0,1498.0,63.34
13844,SSA,,452.0,1490.0,63.3
13845,SSB,,453.0,1483.0,63.31
13874,SSC,,445.0,1474.0,63.31
13875,MOLNIYA 3-20,,1252.0,39109.0,61.99
13890,MOLNIYA 1-56,,1620.0,38828.0,62.56
13912,OV2-3,,262.0,14655.0,26.65
13916,COSMOS 1447,-,953.0,1008.0,82.95
13923,NOAA 8,-,781.0,804.0,98.73
13949,COSMOS 1448,,957.0,999.0,82.96
13991,COSMOS 1452,,767.0,789.0,74.05
14057,COSMOS 1459,,939.0,1011.0,82.97
14064,COSMOS 1461,,422.0,458.0,64.98
14084,COSMOS 1464,,961.0,1004.0,82.95
14112,OPS 6432,,431.0,1429.0,63.31
14139,OPS 3899,,1285.0,1286.0,96.67
14143,GB 1,,439.0,1494.0,63.31
14144,GB 2,,441.0,1494.0,63.31
14147,COSMOS 1470,,413.0,424.0,82.47
14154,HILAT,,734.0,792.0,82.02
14171,COSMOS 1473,,1394.0,1462.0,74.02
14172,COSMOS 1474,,1410.0,1463.0,74.03
14173,COSMOS 1475,,1428.0,1463.0,74.02
14174,COSMOS 1476,,1446.0,1462.0,74.03
14175,COSMOS 1477,,1461.0,1464.0,74.02
14176,COSMOS 1478,,1463.0,1481.0,74.03
14177,COSMOS 1479,,1462.0,1499.0,74.03
14178,COSMOS 1480,,1462.0,1520.0,74.03
14180,GB 3,,430.0,1482.0,63.31
1420,OPS 8480 (TRANSIT 5B-6),,1012.0,1119.0,89.87
14240,COSMOS 1486,,766.0,785.0,74.06
1430,TIROS 10,-,714.0,792.0,98.51
14401,COSMOS 1503,,773.0,790.0,74.05
14450,COSMOS 1506,,945.0,1008.0,82.93
14452,METEOR 2-10,,736.0,865.0,81.16
14483,COSMOS 1508,,380.0,1351.0,82.89
14506,OPS 1294 (DMSP 5D-2 F7),-,784.0,800.0,98.44
14521,COSMOS 1510,,1479.0,1524.0,73.61
14546,COSMOS 1513,,954.0,1013.0,82.94
14611,COSMOS 1522,,1462.0,1492.0,74.01
14612,COSMOS 1523,,1397.0,1460.0,74.0
14613,COSMOS 1524,,1411.0,1461.0,74.01
14614,COSMOS 1525,,1427.0,1461.0,74.01
14615,COSMOS 1526,,1442.0,1461.0,74.01
14616,COSMOS 1527,,1459.0,1461.0,74.01
14617,COSMOS 1528,,1460.0,1477.0,74.0
14618,COSMOS 1529,,1461.0,1511.0,74.01
14624,COSMOS 1531,,977.0,1004.0,82.93
14670,STTW-T1,,471.0,6236.0,36.12
14679,COSMOS 1535,,949.0,1011.0,82.96
14690,OPS 8737,,397.0,1278.0,63.31
14699,COSMOS 1536,,478.0,499.0,82.55
14728,JD 1,,436.0,1526.0,63.31
14729,JD 2,,434.0,1519.0,63.3
14759,COSMOS 1538,,761.0,792.0,74.04
14780,LANDSAT 5,-,506.0,599.0,98.07
14781,UOSAT 2 (UO-11),P,590.0,600.0,97.81
14795,JD 3,,406.0,1448.0,63.3
14965,COSMOS 1550,,970.0,1007.0,82.98
14973,COSMOS 1553,,955.0,1004.0,82.94
14998,COSMOS 1559,,1470.0,1510.0,74.01
14999,COSMOS 1560,,1470.0,1492.0,74.01
15000,COSMOS 1561,,1461.0,1484.0,74.01
15001,COSMOS 1562,,1453.0,1476.0,74.01
15002,COSMOS 1563,,1437.0,1476.0,74.01
15003,COSMOS 1564,,1424.0,1475.0,74.01
15004,COSMOS 1565,,1408.0,1475.0,74.01
15005,COSMOS 1566,,1394.0,1474.0,74.01
15031,COSMOS 1570,,773.0,792.0,74.07
15055,COSMOS 1574,-,964.0,1003.0,82.96
1506,SECOR 5 (EGRS 5),,1137.0,2419.0,69.23
15071,USA 3,,518.0,526.0,95.87
15077,COSMOS 1577,,953.0,1006.0,82.96
15085,COSMOS 1579,,907.0,977.0,65.05
15099,METEOR 2-11,,936.0,954.0,82.53
1510,DODECAPOLE 2,,828.0,881.0,90.07
1512,TEMPSAT 1,+,1079.0,1187.0,90.0
1514,OPS 8464 (TRANSIT 5B-7),,1075.0,1178.0,90.0
1515,NAVSPASUR ROD 1,,1022.0,1115.0,90.02
15171,COSMOS 1589,,1493.0,1501.0,82.6
15199,AMPTE/CCE,,1132.0,49650.0,3.41
1520,CALSPHERE 4A,+,1072.0,1174.0,89.89
15214,MOLNIYA 1-62,,945.0,34835.0,63.01
15292,COSMOS 1598,,965.0,1011.0,82.95
15333,COSMOS 1603,,831.0,857.0,71.03
15359,COSMOS 1605,,945.0,1015.0,82.94
15362,NOVA 3,,1149.0,1197.0,90.11
15378,COSMOS 1607,,912.0,990.0,64.99
15398,COSMOS 1610,,963.0,1008.0,82.95
15427,NOAA 9,-,824.0,846.0,99.1
15429,MOLNIYA 1-63,,806.0,39576.0,62.94
15469,COSMOS 1617,,1411.0,1414.0,82.61
15470,COSMOS 1618,,1406.0,1415.0,82.6
15471,COSMOS 1619,,1383.0,1411.0,82.61
15472,COSMOS 1620,,1391.0,1413.0,82.6
15473,COSMOS 1621,,1395.0,1414.0,82.61
15474,COSMOS 1622,,1400.0,1415.0,82.61
15482,COSMOS 1624,,768.0,789.0,74.04
15505,COSMOS 1627,,952.0,1014.0,82.92
15516,METEOR 2-12,,931.0,956.0,82.53
15595,GEOSAT,,757.0,760.0,108.04
15597,COSMOS 1634,,955.0,1006.0,82.94
15617,COSMOS 1635,,1474.0,1512.0,74.06
15618,COSMOS 1636,,1474.0,1494.0,74.05
15619,COSMOS 1637,,1464.0,1488.0,74.06
15620,COSMOS 1638,,1456.0,1480.0,74.06
15621,COSMOS 1639,,1440.0,1480.0,74.05
15622,COSMOS 1640,,1426.0,1480.0,74.06
15623,COSMOS 1641,,1411.0,1480.0,74.05
15624,COSMOS 1642,,1398.0,1477.0,74.06
1570,COSMOS 80,,1373.0,1533.0,56.06
1571,COSMOS 81,,1400.0,1538.0,56.06
1572,COSMOS 82,,1427.0,1543.0,56.06
1573,COSMOS 83,,1449.0,1555.0,56.05
15738,MOLNIYA 3-24,,515.0,31911.0,62.36
1574,COSMOS 84,,1470.0,1569.0,56.05
15751,COSMOS 1655,,974.0,1011.0,82.95
15755,COSMOS 1656,,795.0,849.0,71.11
1577,PORCUPINE 2,,1072.0,1174.0,90.03
1580,OPS 8068,,629.0,956.0,98.43
15821,COSMOS 1660,,1482.0,1525.0,73.62
1584,COSMOS 86,,1289.0,1624.0,56.06
1585,COSMOS 87,,1313.0,1637.0,56.06
1586,COSMOS 88,,1346.0,1639.0,56.06
1587,COSMOS 89,,1378.0,1643.0,56.06
1588,COSMOS 90,,1407.0,1652.0,56.06
15930,COSMOS 1670,,907.0,993.0,64.94
15935,OSCAR 30,,996.0,1251.0,90.15
15936,OSCAR 24,,996.0,1252.0,90.17
15952,COSMOS 1675,,959.0,25672.0,65.77
15986,COSMOS 1677,,890.0,990.0,64.68
16011,COSMOS 1680,,767.0,789.0,74.05
1613,OV1-2,,396.0,2114.0,144.23
16138,COSMOS 1690,,1380.0,1415.0,82.61
16139,COSMOS 1691,,1412.0,1414.0,82.61
16140,COSMOS 1692,,1390.0,1416.0,82.6
16141,COSMOS 1693,,1394.0,1416.0,82.61
16142,COSMOS 1694,,1400.0,1416.0,82.61
16143,COSMOS 1695,,1406.0,1416.0,82.6
16181,COSMOS 1697,,833.0,861.0,70.96
16191,METEOR 3-1,,1180.0,1210.0,82.55
162,TIROS 3,-,709.0,772.0,47.9
16262,COSMOS 1703,,388.0,398.0,82.46
16291,COSMOS 1704,,960.0,1004.0,82.93
16326,COSMOS 1707,,275.0,279.0,82.48
16368,COSMOS 1709,,958.0,1007.0,82.94
16393,MOLNIYA 3-27,,1009.0,37362.0,61.94
16408,METEOR 2-13,,933.0,955.0,82.54
1641,OV2-1 & LCS 2,-,697.0,723.0,32.3
16449,COSMOS 1716,,1464.0,1491.0,73.99
16450,COSMOS 1717,,1475.0,1513.0,73.99
16451,COSMOS 1718,,1475.0,1495.0,73.99
16452,COSMOS 1719,,1454.0,1485.0,73.99
16453,COSMOS 1720,,1440.0,1484.0,73.99
16454,COSMOS 1721,,1426.0,1483.0,73.99
16455,COSMOS 1722,,1412.0,1483.0,73.99
16456,COSMOS 1723,,1399.0,1482.0,73.99
16493,COSMOS 1725,,965.0,999.0,82.93
16510,COSMOS 1727,,954.0,1011.0,82.95
16591,USA 15,,367.0,1307.0,63.31
16593,COSMOS 1732,,1481.0,1524.0,73.61
16613,SPOT 1,-,565.0,747.0,98.66
16614,VIKING,,810.0,13528.0,98.81
16624,USA 16,,409.0,1571.0,63.3
16625,USA 17,,407.0,1556.0,63.3
16631,USA 18,,373.0,1462.0,63.29
16647,COSMOS 1736,,930.0,1001.0,64.99
16681,COSMOS 1741,,765.0,792.0,74.02
16719,COSMOS 1743,,347.0,352.0,82.52
16727,COSMOS 1745,,960.0,1007.0,82.95
16735,METEOR 2-14,,933.0,955.0,82.53
16758,COSMOS 1748,,1453.0,1470.0,74.02
16759,COSMOS 1749,,1393.0,1468.0,74.02
16760,COSMOS 1750,,1408.0,1469.0,74.02
16761,COSMOS 1751,,1467.0,1505.0,74.02
16762,COSMOS 1752,,1467.0,1487.0,74.02
16763,COSMOS 1753,,1462.0,1476.0,74.02
16764,COSMOS 1754,,1437.0,1470.0,74.02
16765,COSMOS 1755,,1423.0,1469.0,74.02
16791,COSMOS 1758,,472.0,493.0,82.46
16798,COSMOS 1759,,962.0,1000.0,82.92
16860,COSMOS 1763,,740.0,782.0,74.03
16881,COSMOS 1766,,388.0,393.0,82.49
16908,AJISAI (EGS),+,1479.0,1496.0,50.01
16909,JAS-1 (FO-12),-,1479.0,1496.0,50.02
16917,COSMOS 1771,,905.0,1004.0,64.98
16952,COSMOS 1777,,760.0,796.0,74.01
16969,NOAA 10,-,786.0,803.0,98.71
16986,COSMOS 1782,,454.0,460.0,82.52
17066,COSMOS 1791,,947.0,1009.0,82.95
17070,POLAR BEAR,,950.0,1011.0,89.62
17078,MOLNIYA 1-69,,656.0,39648.0,63.5
17138,COSMOS 1794,,1466.0,1499.0,74.02
17139,COSMOS 1795,,1466.0,1481.0,74.02
17140,COSMOS 1796,,1454.0,1478.0,74.01
17141,COSMOS 1797,,1443.0,1472.0,74.01
17142,COSMOS 1798,,1428.0,1472.0,74.01
17143,COSMOS 1799,,1413.0,1472.0,74.01
17144,COSMOS 1800,,1398.0,1473.0,74.02
17145,COSMOS 1801,,1384.0,1471.0,74.01
17159,COSMOS 1802,,958.0,1019.0,82.93
17177,COSMOS 1803,,1498.0,1502.0,82.61
17191,COSMOS 1805,,403.0,405.0,82.45
17239,COSMOS 1808,,967.0,1016.0,82.94
17241,COSMOS 1809,,937.0,959.0,82.53
1726,EXPLORER 29 (GEOS 1),,1120.0,2268.0,59.38
17290,METEOR 2-15,,936.0,955.0,82.47
17303,COSMOS 1814,,754.0,790.0,74.06
17328,MOLNIYA 3-31,,731.0,39635.0,61.94
17359,COSMOS 1816,,959.0,1007.0,82.93
17369,COSMOS 1818,,772.0,799.0,65.01
1738,EXPLORER 30,,654.0,851.0,59.71
17506,USA 21,,836.0,39367.0,62.97
17525,COSMOS 1821,,958.0,1013.0,82.91
17527,MOMO-1 (MOS-1),-,876.0,889.0,98.84
17535,COSMOS 1823,,1479.0,1523.0,73.6
17582,COSMOS 1827,,1392.0,1412.0,82.57
17583,COSMOS 1828,,1383.0,1411.0,82.57
17584,COSMOS 1829,,1410.0,1413.0,82.57
17585,COSMOS 1830,,1403.0,1413.0,82.56
17586,COSMOS 1831,,1388.0,1412.0,82.56
17587,COSMOS 1832,,1397.0,1413.0,82.57
17589,COSMOS 1833,,829.0,868.0,70.92
1778,A-1 (ASTERIX),,522.0,1624.0,34.26
17911,COSMOS 1842,,381.0,389.0,82.5
17973,COSMOS 1844,,822.0,865.0,70.9
17997,USA 22,,360.0,1328.0,63.29
18009,USA 23,,367.0,1501.0,63.29
18010,USA 24,,366.0,1508.0,63.3
18025,USA 25,,359.0,1486.0,63.29
1804,ALOUETTE 2,,500.0,2612.0,79.8
1806,EXPLORER 31 (ISIS-X),,502.0,2785.0,79.78
18095,COSMOS 1850,,767.0,789.0,74.04
18113,COSMOS 1852,,1473.0,1499.0,74.0
18114,COSMOS 1853,,1472.0,1482.0,74.01
18115,COSMOS 1854,,1458.0,1481.0,74.0
18116,COSMOS 1855,,1446.0,1477.0,74.0
18117,COSMOS 1856,,1431.0,1477.0,74.0
18118,COSMOS 1857,,1417.0,1476.0,74.0
18119,COSMOS 1858,,1401.0,1477.0,74.01
18120,COSMOS 1859,,1386.0,1477.0,74.0
18122,COSMOS 1860,,910.0,983.0,65.01
18123,DMSP 5D-2 F8 (USA 26),-,818.0,835.0,98.73
18129,COSMOS 1861,,978.0,997.0,82.92
1814,FR 1,,651.0,660.0,75.86
18152,COSMOS 1862,,461.0,475.0,82.48
18160,COSMOS 1864,,955.0,1002.0,82.93
18187,COSMOS 1867,,774.0,800.0,65.01
18214,COSMOS 1869,,439.0,462.0,82.51
18312,METEOR 2-16,,938.0,955.0,82.55
18334,COSMOS 1875,,1387.0,1407.0,82.57
18335,COSMOS 1876,,1408.0,1415.0,82.57
18336,COSMOS 1877,,1407.0,1409.0,82.56
18337,COSMOS 1878,,1401.0,1408.0,82.56
18338,COSMOS 1879,,1396.0,1408.0,82.57
18339,COSMOS 1880,,1392.0,1408.0,82.56
18361,OSCAR 27,,1014.0,1167.0,90.36
18362,OSCAR 29,,1015.0,1170.0,90.37
18402,COSMOS 1891,,949.0,1022.0,82.93
18585,COSMOS 1898,,761.0,792.0,74.01
1864,OPS 1509 (TRANSIT 10),,886.0,1048.0,89.07
18665,COSMOS 1900,,687.0,727.0,66.08
18709,COSMOS 1904,,964.0,1003.0,82.92
18788,COSMOS 1909,,1409.0,1413.0,82.61
18789,COSMOS 1910,,1404.0,1412.0,82.6
18790,COSMOS 1911,,1399.0,1411.0,82.61
18791,COSMOS 1912,,1394.0,1410.0,82.61
18792,COSMOS 1913,,1390.0,1409.0,82.6
18793,COSMOS 1914,,1384.0,1409.0,82.61
18820,METEOR 2-17,,933.0,955.0,82.54
18822,DMSP 5D-2 F9 (USA 29),-,792.0,799.0,98.36
18937,COSMOS 1924,,1460.0,1515.0,74.0
18938,COSMOS 1925,,1459.0,1497.0,74.01
18939,COSMOS 1926,,1460.0,1478.0,74.0
18940,COSMOS 1927,,1455.0,1466.0,74.01
18941,COSMOS 1928,,1444.0,1461.0,74.0
18942,COSMOS 1929,,1429.0,1460.0,74.0
18943,COSMOS 1930,,1414.0,1460.0,74.01
18944,COSMOS 1931,,1397.0,1461.0,74.0
18946,MOLNIYA 1-71,,830.0,39476.0,62.04
18957,COSMOS 1932,,924.0,1005.0,65.05
18958,COSMOS 1933,,506.0,511.0,82.51
18960,IRS-1A,-,893.0,914.0,98.85
18985,COSMOS 1934,,946.0,1005.0,82.95
19038,COSMOS 1937,,755.0,788.0,74.05
19070,OSCAR 23,,1013.0,1297.0,90.33
19071,OSCAR 32,,1013.0,1296.0,90.33
19119,COSMOS 1943,,831.0,848.0,71.0
19195,COSMOS 1950,,1484.0,1521.0,73.6
19210,COSMOS 1953,,467.0,480.0,82.51
19223,NOVA 2,,1149.0,1197.0,89.98
19256,COSMOS 1954,,763.0,787.0,74.05
19274,OKEAN-1,,455.0,470.0,82.47
19324,COSMOS 1959,,953.0,1001.0,82.95
19336,METEOR 3-2,,1182.0,1209.0,82.54
19419,OSCAR 25,,1029.0,1170.0,90.04
19420,OSCAR 31,,1030.0,1169.0,90.05
19458,USA 31,,760.0,39570.0,27.73
19460,USA 32,,776.0,778.0,84.98
19467,FENGYUN 1A,-,871.0,892.0,99.02
1952,OPS 1593 (TRANSIT 11),,846.0,1167.0,90.15
19531,NOAA 11,-,831.0,848.0,98.62
19573,COSMOS 1975,,469.0,482.0,82.52
19649,COSMOS 1980,,836.0,847.0,71.0
19769,COSMOS 1992,,756.0,789.0,74.05
19785,COSMOS 1994,,1394.0,1416.0,82.62
19786,COSMOS 1995,,1412.0,1416.0,82.63
19787,COSMOS 1996,,1407.0,1415.0,82.62
19788,COSMOS 1997,,1400.0,1415.0,82.62
19789,COSMOS 1998,,1389.0,1416.0,82.61
19790,COSMOS 1999,,1383.0,1415.0,82.62
19807,MOLNIYA 1-75,,1963.0,38402.0,63.81
1982,ESSA 1 (OT-3),-,675.0,787.0,97.81
19826,COSMOS 2004,,967.0,1014.0,82.95
19851,METEOR 2-18,,934.0,951.0,82.52
19902,COSMOS 2008,,1393.0,1471.0,74.01
19903,COSMOS 2009,,1407.0,1472.0,74.01
19904,COSMOS 2010,,1423.0,1472.0,74.01
19905,COSMOS 2011,,1439.0,1471.0,74.01
19906,COSMOS 2012,,1456.0,1471.0,74.01
19907,COSMOS 2013,,1464.0,1480.0,74.01
19908,COSMOS 2014,,1470.0,1490.0,74.01
19909,COSMOS 2015,,1470.0,1509.0,74.01
19921,COSMOS 2016,,951.0,1010.0,82.96
20,VANGUARD 3,,508.0,3204.0,33.34
20045,COSMOS 2026,,947.0,1007.0,82.94
20103,NADEZHDA 1,-,956.0,1009.0,82.96
20149,COSMOS 2034,,962.0,1010.0,82.94
2016,DIAPASON (D1-A),,497.0,2294.0,34.09
20169,HIPPARCOS,-,497.0,35742.0,6.91
20196,COSMOS 2037,,1486.0,1523.0,73.56
202,TRANSIT 4B,,947.0,1097.0,32.44
20232,COSMOS 2038,,1393.0,1409.0,82.58
20233,COSMOS 2039,,1387.0,1408.0,82.58
20234,COSMOS 2040,,1408.0,1416.0,82.59
20235,COSMOS 2041,,1397.0,1409.0,82.59
20236,COSMOS 2042,,1402.0,1410.0,82.59
20237,COSMOS 2043,,1404.0,1412.0,82.58
20261,INTERCOSMOS 24,,499.0,2349.0,82.61
20281,MAGION 2,,497.0,2323.0,82.61
20305,METEOR 3-3,,1238.0,1249.0,82.55
20322,COBE,,870.0,880.0,98.9
20432,COSMOS 2056,,762.0,793.0,74.03
20436,SPOT 2,-,559.0,738.0,98.72
20437,UOSAT 3 (UO-14),-,773.0,789.0,98.8
20438,UOSAT 4 (UO-15),-,779.0,793.0,98.78
20439,PACSAT (AO-16),-,770.0,787.0,98.85
20440,DOVE (DO-17),-,769.0,784.0,98.86
20441,WEBERSAT (WO-18),-,770.0,787.0,98.87
20442,LUSAT (LO-19),P,769.0,786.0,98.88
20465,COSMOS 2058,,521.0,537.0,82.46
20478,MOMO-1B (MOS-1B),-,903.0,911.0,99.21
20479,ORIZURU (DEBUT),,910.0,1740.0,99.07
20480,JAS-1B (FO-20),-,911.0,1744.0,99.07
205,TRAAC,,951.0,1102.0,32.44
20508,NADEZHDA 2,-,952.0,1015.0,82.96
20510,OKEAN-2,,510.0,521.0,82.5
20527,COSMOS 2061,,967.0,1015.0,82.94
20547,USA 55,,397.0,467.0,94.09
20549,COSMOS 2064,,1462.0,1490.0,73.98
20550,COSMOS 2065,,1461.0,1475.0,73.98
20551,COSMOS 2066,,1385.0,1463.0,73.98
20552,COSMOS 2067,,1401.0,1462.0,73.98
20553,COSMOS 2068,,1414.0,1462.0,73.99
20554,COSMOS 2069,,1428.0,1463.0,73.98
20555,COSMOS 2070,,1442.0,1464.0,73.98
20556,COSMOS 2071,,1458.0,1463.0,73.98
20560,USA 56,,593.0,680.0,89.86
20561,USA 57,,604.0,697.0,89.85
20562,USA 58,,595.0,686.0,89.85
20577,COSMOS 2074,,962.0,1002.0,82.94
20580,HST,+,470.0,473.0,28.47
20607,MACSAT 1 (M 1),,580.0,709.0,89.75
20608,MACSAT 2 (M 2),,572.0,682.0,89.75
20624,COSMOS 2082,,831.0,855.0,71.04
20641,USA 59,,1189.0,11567.0,63.4
20663,COSMOS 2084,,538.0,557.0,62.79
20670,METEOR 2-19,,936.0,957.0,82.54
20682,USA 60,,366.0,1655.0,63.3
20691,USA 61,,373.0,1673.0,63.29
20692,USA 62,,372.0,1660.0,63.3
20712,CRRES,,333.0,32757.0,17.97
20720,COSMOS 2088,,1483.0,1523.0,73.6
20735,COSMOS 2090,,1391.0,1411.0,82.56
20736,COSMOS 2091,,1410.0,1415.0,82.58
20737,COSMOS 2092,,1406.0,1412.0,82.56
20738,COSMOS 2093,,1400.0,1412.0,82.57
20739,COSMOS 2094,,1395.0,1411.0,82.57
20740,COSMOS 2095,,1383.0,1412.0,82.57
20774,COSMOS 2098,,384.0,1469.0,82.94
20788,FENGYUN 1B,-,871.0,895.0,98.98
20804,COSMOS 2100,,955.0,1011.0,82.94
20826,METEOR 2-20,,939.0,957.0,82.53
2091,ESSA 2 (OT-2),-,1354.0,1415.0,101.22
20978,DMSP 5D-2 F10 (USA 68),-,706.0,809.0,98.6
21014,COSMOS 2112,,758.0,797.0,74.05
21028,COSMOS 2114,,1407.0,1416.0,82.58
21029,COSMOS 2115,,1405.0,1412.0,82.57
21030,COSMOS 2116,,1402.0,1408.0,82.58
21031,COSMOS 2117,,1397.0,1408.0,82.58
21032,COSMOS 2118,,1392.0,1408.0,82.57
21033,COSMOS 2119,,1386.0,1407.0,82.57
21087,INFORMATOR 1 & RS-14,-,953.0,1006.0,82.94
21089,COSMOS 2123 & RS-12/13,-,960.0,1004.0,82.92
21100,COSMOS 2125,,1457.0,1472.0,74.03
21101,COSMOS 2126,,1466.0,1496.0,74.03
21102,COSMOS 2127,,1466.0,1478.0,74.03
21103,COSMOS 2128,,1445.0,1468.0,74.03
21104,COSMOS 2129,,1429.0,1469.0,74.03
21105,COSMOS 2130,,1401.0,1468.0,74.03
21106,COSMOS 2131,,1387.0,1467.0,74.03
21107,COSMOS 2132,,1415.0,1468.0,74.03
21130,COSMOS 2135,,919.0,1017.0,82.83
21152,NADEZHDA 3,-,954.0,1013.0,82.92
2119,OPS 1117 (TRANSIT 12),,873.0,1087.0,89.6
2121,OV1-4,,878.0,998.0,144.5
2122,OV1-5,,978.0,1048.0,144.63
21230,COSMOS 2142,,959.0,1016.0,82.96
21232,METEOR 3-4,,1187.0,1207.0,82.55
2125,OPS 0340,,587.0,794.0,98.04
21263,NOAA 12,-,793.0,812.0,98.63
21299,COSMOS 2143,,1398.0,1416.0,82.57
21300,COSMOS 2144,,1410.0,1416.0,82.58
21301,COSMOS 2145,,1404.0,1415.0,82.56
21302,COSMOS 2146,,1393.0,1416.0,82.57
21303,COSMOS 2147,,1387.0,1416.0,82.56
21304,COSMOS 2148,,1380.0,1417.0,82.57
21397,OKEAN-3,,539.0,560.0,82.52
21418,COSMOS 2150,,771.0,794.0,74.04
2142,OAO 1,,772.0,780.0,35.05
21422,COSMOS 2151,,557.0,573.0,82.5
2150,OPS 1527 (OV3-1),,330.0,2482.0,82.37
21527,REX 1,,763.0,864.0,89.53
21574,ERS-1,-,736.0,784.0,98.78
21575,UOSAT 5 (UO-22),-,746.0,755.0,98.35
21576,ORBCOMM-X,-,745.0,749.0,98.29
21577,TUBSAT A,-,751.0,762.0,98.38
21578,SARA,,694.0,697.0,98.09
21655,METEOR 3-5,,1186.0,1205.0,82.55
21666,COSMOS 2154,,968.0,1006.0,82.9
21688,IRS-1B,-,884.0,919.0,99.41
21706,MOLNIYA 3-41,,380.0,39300.0,62.67
21728,COSMOS 2157,,1406.0,1413.0,82.58
21729,COSMOS 2158,,1403.0,1409.0,82.58
2173,NIMBUS 2,-,1091.0,1175.0,100.52
21730,COSMOS 2159,,1387.0,1410.0,82.58
21731,COSMOS 2160,,1397.0,1410.0,82.58
21732,COSMOS 2161,,1393.0,1410.0,82.57
21733,COSMOS 2162,,1407.0,1419.0,82.59
2176,OPS 0082 (TRANSIT 13),,835.0,923.0,90.22
21779,COSMOS 2165,,1396.0,1410.0,82.61
21780,COSMOS 2166,,1406.0,1412.0,82.6
21781,COSMOS 2167,,1401.0,1410.0,82.61
21782,COSMOS 2168,,1391.0,1410.0,82.6
21783,COSMOS 2169,,1383.0,1411.0,82.61
21784,COSMOS 2170,,1410.0,1415.0,82.61
21796,COSMOS 2173,,942.0,1015.0,82.96
21798,DMSP 5D-2 F11 (USA 73),-,824.0,844.0,98.69
21799,USA 74,,374.0,1680.0,63.3
21808,USA 76,,379.0,1689.0,63.3
21809,USA 77,,379.0,1714.0,63.3
21819,INTERCOSMOS 25,,437.0,2816.0,82.6
21835,MAGION 3,,432.0,2739.0,82.54
21875,COSMOS 2180,,957.0,1014.0,82.93
21902,COSMOS 2181,,970.0,1010.0,82.94
21937,COSMOS 2184,,963.0,1011.0,82.93
21949,USA 81,,783.0,785.0,85.01
21976,COSMOS 2187,,1401.0,1480.0,74.0
21977,COSMOS 2188,,1388.0,1478.0,74.01
21978,COSMOS 2189,,1416.0,1480.0,74.0
21979,COSMOS 2190,,1430.0,1480.0,74.0
21980,COSMOS 2191,,1473.0,1502.0,74.01
21981,COSMOS 2192,,1471.0,1486.0,74.0
21982,COSMOS 2193,,1446.0,1479.0,74.0
21983,COSMOS 2194,,1458.0,1484.0,74.0
22,EXPLORER 7,,424.0,527.0,50.24
22006,COSMOS 2195,,953.0,1009.0,82.94
2201,OPS 1427 (OV3-4),,642.0,4681.0,40.9
22034,COSMOS 2197,,1395.0,1416.0,82.6
22035,COSMOS 2198,,1407.0,1417.0,82.6
22036,COSMOS 2199,,1410.0,1428.0,82.59
22037,COSMOS 2200,,1403.0,1416.0,82.59
22038,COSMOS 2201,,1408.0,1423.0,82.59
22039,COSMOS 2202,,1405.0,1419.0,82.59
22076,TOPEX/POSEIDON,-,1331.0,1343.0,66.04
22077,KITSAT A (KO-23),-,1303.0,1327.0,66.09
22078,S80/T,,1301.0,1327.0,66.09
22080,COSMOS 2208,,777.0,796.0,74.04
22161,FREJA,,590.0,1682.0,63.0
22178,MOLNIYA 3-42,,1085.0,36038.0,64.33
22182,COSMOS 2211,,1400.0,1412.0,82.59
22183,COSMOS 2212,,1408.0,1412.0,82.59
22184,COSMOS 2213,,1410.0,1414.0,82.6
22185,COSMOS 2214,,1410.0,1423.0,82.59
22186,COSMOS 2215,,1409.0,1429.0,82.61
22187,COSMOS 2216,,1408.0,1416.0,82.6
22207,COSMOS 2218,,964.0,1012.0,82.92
22219,COSMOS 2219,,831.0,860.0,71.06
22236,COSMOS 2221,,567.0,587.0,82.5
22282,COSMOS 2226,,1478.0,1525.0,73.63
22284,COSMOS 2227,,834.0,859.0,70.98
22286,COSMOS 2228,,560.0,587.0,82.51
22307,COSMOS 2230,,968.0,1003.0,82.94
22487,COSMOS 2233,,951.0,1005.0,82.95
22489,OXP 1,,707.0,763.0,24.96
22490,SCD 1,P,708.0,768.0,24.97
22561,START 1,,678.0,955.0,75.76
22565,COSMOS 2237,,846.0,857.0,70.76
22590,COSMOS 2239,,962.0,997.0,82.93
226,TIROS 4,-,681.0,789.0,48.3
22626,COSMOS 2242,,564.0,588.0,82.52
22638,ALEXIS,,739.0,820.0,69.92
22646,COSMOS 2245,,1396.0,1416.0,82.58
22647,COSMOS 2246,,1399.0,1417.0,82.58
22648,COSMOS 2247,,1402.0,1416.0,82.58
22649,COSMOS 2248,,1401.0,1416.0,82.57
22650,COSMOS 2249,,1403.0,1416.0,82.58
22651,COSMOS 2250,,1402.0,1418.0,82.58
22671,MOLNIYA 1-86,,348.0,13498.0,62.93
22675,COSMOS 2251,,762.0,799.0,74.04
22687,COSMOS 2252,,1403.0,1415.0,82.58
22688,COSMOS 2253,,1408.0,1425.0,82.58
22689,COSMOS 2254,,1393.0,1412.0,82.58
22690,COSMOS 2255,,1405.0,1413.0,82.59
22691,COSMOS 2256,,1402.0,1412.0,82.58
22692,COSMOS 2257,,1408.0,1420.0,82.58
22698,RADCAL,,749.0,874.0,89.5
22739,NOAA 13,-,841.0,853.0,98.71
22782,METEOR 2-21,,933.0,966.0,82.55
22783,TEMISAT,,933.0,967.0,82.55
22802,COSMOS 2263,,829.0,865.0,70.93
22823,SPOT 3,-,812.0,838.0,98.85
22824,STELLA,+,795.0,805.0,98.77
22825,EYESAT A (AO-27),P,783.0,794.0,98.68
22826,ITAMSAT (IO-26),P,781.0,793.0,98.68
22827,HEALTHSAT 1,-,777.0,789.0,98.64
22828,KITSAT B (KO-25),-,779.0,792.0,98.68
22829,POSAT 1,-,778.0,792.0,98.66
22888,COSMOS 2266,,946.0,1016.0,82.95
22969,METEOR 3-6,,1184.0,1208.0,82.56
22971,TUBSAT B,,1183.0,1208.0,82.56
22979,VEP,,415.0,35885.0,29.21
22996,SJ-4,,383.0,17220.0,29.01
22999,COSMOS 2268,,1409.0,1427.0,82.58
23000,COSMOS 2269,,1409.0,1421.0,82.57
23001,COSMOS 2270,,1405.0,1417.0,82.57
23002,COSMOS 2271,,1402.0,1415.0,82.56
23003,COSMOS 2272,,1396.0,1414.0,82.57
23004,COSMOS 2273,,1406.0,1416.0,82.57
23087,COSMOS 2278,,839.0,850.0,71.05
23092,COSMOS 2279,,949.0,1003.0,82.95
23105,STEP 2,,537.0,653.0,81.94
23125,STRV 1A,,242.0,24031.0,7.35
23179,NADEZHDA 4,-,950.0,1000.0,82.95
23189,COSMOS 2285,,972.0,1009.0,74.03
23233,DMSP 5D-2 F12 (USA 106),-,830.0,847.0,98.66
23278,COSMOS 2292,,393.0,1597.0,82.97
23317,OKEAN-4,,563.0,587.0,82.53
23323,IRS-P2,-,809.0,810.0,98.89
23342,RESURS O1,,612.0,614.0,97.66
23404,COSMOS 2297,,836.0,856.0,71.01
23411,GEO-IK 1,,1480.0,1526.0,73.61
23420,MOLNIYA 1-88,,1510.0,23505.0,64.2
23431,COSMOS 2298,,776.0,800.0,74.03
23439,RADIO ROSTO (RS15),P,1889.0,2155.0,64.81
23441,COSMOS 2299,,1401.0,1414.0,82.56
23442,COSMOS 2300,,1409.0,1414.0,82.56
23443,COSMOS 2301,,1412.0,1415.0,82.57
23444,COSMOS 2302,,1412.0,1424.0,82.56
23445,COSMOS 2303,,1411.0,1430.0,82.58
23446,COSMOS 2304,,1410.0,1417.0,82.57
23455,NOAA 14,-,837.0,849.0,98.52
23463,TSIKADA,,962.0,1018.0,82.93
23464,ASTRID 1,,959.0,1018.0,82.93
23465,FAISAT,,965.0,1020.0,82.93
23526,COSMOS 2310,,974.0,1009.0,82.94
23533,DMSP 5D-2 F13 (USA 109),-,831.0,840.0,98.8
23545,ORBCOMM FM01,-,575.0,580.0,69.96
23546,ORBCOMM FM02,-,567.0,572.0,69.96
23547,ORBVIEW 1 (MICROLAB),,661.0,677.0,69.97
23603,COSMOS 2315,,965.0,1012.0,82.9
23605,HELIOS 1A,-,540.0,557.0,98.19
23606,CERISE,,451.0,459.0,98.3
23607,UPM/LBSAT,,611.0,617.0,98.31
23657,SICH-1,,569.0,597.0,82.53
23704,COSMOS 2322,,841.0,852.0,70.98
23710,RADARSAT-1,-,783.0,784.0,98.55
23711,SURFSAT,,933.0,1491.0,100.49
23715,ISO,-,556.0,69953.0,0.62
23751,IRS-1C,-,812.0,814.0,99.02
23752,SKIPPER,,801.0,808.0,98.73
23773,COSMOS 2327,,946.0,1019.0,82.98
23787,GONETS-D1 1,-,1398.0,1414.0,82.57
23788,GONETS-D1 2,-,1405.0,1414.0,82.57
23789,GONETS-D1 3,-,1409.0,1415.0,82.58
23790,COSMOS 2328,-,1407.0,1417.0,82.58
23791,COSMOS 2329,-,1410.0,1422.0,82.57
23792,COSMOS 2330,-,1411.0,1427.0,82.58
23814,REX 2,,793.0,821.0,90.01
23827,IRS-P3,-,810.0,816.0,99.03
23851,MSX,-,893.0,905.0,99.04
2389,OV3-3,,334.0,1834.0,81.32
23893,USA 119,+,448.0,1723.0,63.32
23907,USA 120,,449.0,1721.0,63.32
23908,USA 121,,447.0,1723.0,63.32
23940,TOMS EP,,675.0,712.0,98.52
2401,OPS 2366 (TRANSIT 14),,1032.0,1083.0,88.84
2418,OPS 6026 (DMSP 4A F1),-,663.0,828.0,98.35
24277,MIDORI (ADEOS),-,790.0,790.0,98.79
24278,JAS-2 (FO-29),P,801.0,1320.0,98.52
24285,FAST,-,346.0,3164.0,82.95
24292,MAGION 5,,836.0,19135.0,62.67
24293,INTERBALL AURORA,,836.0,19136.0,62.67
24297,COSMOS 2333,,828.0,865.0,70.9
24304,COSMOS 2334,,963.0,1009.0,82.93
24305,UNAMSAT-2 (MO-30),-,962.0,1008.0,82.94
2435,ESSA 3 (TOS-A),-,1386.0,1485.0,101.07
24677,COSMOS 2336,,975.0,1012.0,82.94
24720,HALCA (MUSES-B),-,527.0,21116.0,31.22
24725,COSMOS 2337,-,1413.0,1427.0,82.6
24726,COSMOS 2338,-,1414.0,1420.0,82.6
24727,COSMOS 2339,-,1412.0,1414.0,82.6
24728,GONETS-D1 4,-,1400.0,1414.0,82.61
24729,GONETS-D1 5,-,1406.0,1415.0,82.6
24730,GONETS-D1 6,-,1410.0,1415.0,82.61
24753,DMSP 5D-2 F14 (USA 131),-,831.0,842.0,98.75
24772,COSMOS 2341,,974.0,1014.0,82.92
24793,IRIDIUM 7,-,769.0,773.0,86.4
24795,IRIDIUM 5,-,500.0,641.0,86.38
24796,IRIDIUM 4,-,766.0,769.0,86.4
24827,COSMOS 2344,,1192.0,3050.0,63.3
24836,IRIDIUM 914,-,753.0,755.0,86.4
24841,IRIDIUM 16,-,758.0,765.0,86.4
24842,IRIDIUM 911,-,720.0,743.0,86.45
24870,IRIDIUM 17,-,762.0,767.0,86.39
24871,IRIDIUM 920,-,742.0,762.0,86.4
24883,ORBVIEW 2 (SEASTAR),-,772.0,774.0,98.88
24903,IRIDIUM 26,-,765.0,768.0,86.39
24907,IRIDIUM 22,-,769.0,773.0,86.39
24920,FORTE,+,782.0,815.0,69.95
24925,DUMMY MASS 1,-,600.0,612.0,86.33
24926,DUMMY MASS 2,-,600.0,614.0,86.33
24944,IRIDIUM 29,-,767.0,771.0,86.4
24946,IRIDIUM 33,-,767.0,782.0,86.39
24948,IRIDIUM 28,-,764.0,768.0,86.4
24953,COSMOS 2346,,935.0,994.0,82.92
24954,FAISAT 2V,,933.0,992.0,82.92
24960,MOLNIYA 1-90,,1690.0,24565.0,64.4
24967,IRIDIUM 36,-,763.0,767.0,86.4
24971,IRS-1D,-,736.0,811.0,98.85
25023,MAQSAT H,,554.0,26343.0,7.84
25024,MAQSAT B,,548.0,26522.0,7.85
25025,TEAMSAT,-,557.0,26593.0,7.87
25042,IRIDIUM 39,-,715.0,737.0,86.39
25043,IRIDIUM 38,-,761.0,766.0,86.39
25068,EQUATOR S,,515.0,67095.0,3.05
25077,IRIDIUM 42,-,767.0,771.0,86.39
25078,IRIDIUM 44,-,754.0,759.0,86.39
25104,IRIDIUM 45,-,379.0,483.0,86.35
25105,IRIDIUM 24,-,740.0,760.0,86.39
25112,ORBCOMM FM08,-,730.0,738.0,45.01
25113,ORBCOMM FM10,-,733.0,738.0,45.01
25114,ORBCOMM FM11,-,733.0,739.0,45.01
25115,ORBCOMM FM12,-,734.0,738.0,45.01
25116,ORBCOMM FM09,-,733.0,740.0,45.01
25117,ORBCOMM FM05,-,733.0,735.0,45.01
25118,ORBCOMM FM06,+,733.0,733.0,45.01
25119,ORBCOMM FM07,-,732.0,734.0,45.01
25158,ORBCOMM FM03,-,740.0,806.0,107.96
25159,ORBCOMM FM04,+,742.0,802.0,107.96
25160,CELESTIS-02 & TAURUS R/B,+,773.0,861.0,108.01
25162,GLOBALSTAR M001,-,1513.0,1516.0,52.0
25163,GLOBALSTAR M004,-,1406.0,1411.0,52.0
25164,GLOBALSTAR M002,-,1857.0,1859.0,52.0
25165,GLOBALSTAR M003,-,1620.0,1635.0,51.98
25175,KAKEHASHI (COMETS),-,1039.0,17720.0,30.06
25260,SPOT 4,-,697.0,715.0,98.25
25273,IRIDIUM 57,-,769.0,773.0,86.4
25286,IRIDIUM 63,-,767.0,770.0,86.39
25306,GLOBALSTAR M014,-,1838.0,1840.0,51.98
25307,GLOBALSTAR M006,-,1871.0,1877.0,51.99
25308,GLOBALSTAR M015,-,1907.0,1930.0,51.99
25309,GLOBALSTAR M008,-,1521.0,1525.0,52.0
25319,IRIDIUM 69,-,751.0,757.0,86.39
25320,IRIDIUM 71,-,750.0,757.0,86.39
25327,COSMOS 2351,,1498.0,38870.0,63.75
25338,NOAA 15,-,793.0,809.0,98.51
25344,IRIDIUM 73,-,717.0,720.0,86.44
25363,COSMOS 2352,,1310.0,1874.0,82.6
25364,COSMOS 2353,,1301.0,1869.0,82.59
25365,COSMOS 2354,,1306.0,1871.0,82.59
25366,COSMOS 2355,,1303.0,1867.0,82.59
25367,COSMOS 2356,,1298.0,1866.0,82.58
25368,COSMOS 2357,,1295.0,1861.0,82.58
25394,RESURS O1-N4,,807.0,809.0,98.95
25395,FASAT B,,802.0,805.0,98.98
25396,TMSAT-1 (TO-31),-,804.0,808.0,98.99
25397,TECHSAT 1B (GO-32),P,809.0,812.0,99.01
25398,WESTPAC,+,814.0,816.0,99.02
25399,SAFIR 2,-,806.0,807.0,98.98
25406,COSMOS 2360,,845.0,857.0,70.72
25413,ORBCOMM FM17,-,769.0,774.0,45.0
25414,ORBCOMM FM18,-,755.0,764.0,44.99
25415,ORBCOMM FM19,+,756.0,764.0,44.99
25416,ORBCOMM FM20,+,763.0,767.0,44.99
25417,ORBCOMM FM16,-,754.0,762.0,44.99
25418,ORBCOMM FM15,-,755.0,763.0,45.0
25419,ORBCOMM FM14,-,754.0,761.0,44.99
25420,ORBCOMM FM13,-,758.0,768.0,45.0
25475,ORBCOMM FM21,-,763.0,766.0,45.01
25476,ORBCOMM FM22,-,757.0,763.0,45.01
25477,ORBCOMM FM23,-,761.0,766.0,45.01
25478,ORBCOMM FM24,-,759.0,763.0,45.01
25479,ORBCOMM FM25,-,758.0,765.0,45.01
25480,ORBCOMM FM26,-,761.0,769.0,45.01
25481,ORBCOMM FM27,+,760.0,762.0,45.01
25482,ORBCOMM FM28,-,757.0,765.0,45.01
25485,MOLNIYA 1-91,,1621.0,33223.0,64.68
25489,STEX,-,713.0,725.0,84.98
25503,MAQSAT 3 & ARIANE 5 R/B,,977.0,35529.0,6.89
25504,SCD 2,+,728.0,752.0,25.0
25509,SEDSAT 1 (SO-33),-,540.0,1021.0,31.43
25520,PAN SAT (PO-34),-,232.0,236.0,28.42
25544,ISS (ZARYA),+,413.0,423.0,51.63
25560,SWAS,B,533.0,540.0,69.9
25567,NADEZHDA 5,-,974.0,1010.0,82.95
25568,ASTRID 2,,971.0,1006.0,82.95
25590,COSMOS 2361,-,966.0,1010.0,82.94
25615,USA 141 (ATEX),-,729.0,740.0,84.99
25621,GLOBALSTAR M023,-,1405.0,1420.0,52.01
25622,GLOBALSTAR M040,-,1414.0,1415.0,51.99
25623,GLOBALSTAR M036,-,1732.0,1750.0,52.0
25624,GLOBALSTAR M038,-,1537.0,1540.0,52.0
25634,ARGOS,,819.0,832.0,98.52
25635,ORSTED,-,627.0,813.0,96.47
25636,SUNSAT (SO-35),-,635.0,839.0,96.46
25649,GLOBALSTAR M022,-,1668.0,1672.0,52.0
25650,GLOBALSTAR M041,-,1694.0,1698.0,52.0
25651,GLOBALSTAR M046,-,1637.0,1641.0,52.0
25652,GLOBALSTAR M037,-,1411.0,1415.0,52.0
25661,SEA LAUNCH DEMO,,629.0,36072.0,1.37
25669,USA 142 (DSP 19),-,591.0,34714.0,29.27
25676,GLOBALSTAR M045,-,1562.0,1562.0,52.0
25677,GLOBALSTAR M019,-,1618.0,1621.0,51.99
25678,GLOBALSTAR M044,-,1719.0,1730.0,52.0
25679,GLOBALSTAR M042,-,1581.0,1586.0,52.0
25682,LANDSAT 7,-,680.0,681.0,97.86
25693,UOSAT 12 (UO-36),-,601.0,630.0,64.55
25724,USA 143 (MILSTAR-2 1),,1098.0,5147.0,28.22
25730,FENGYUN 1C,-,791.0,811.0,98.86
25731,SJ-5,,837.0,862.0,98.72
25736,MUBLCOM,,698.0,706.0,97.68
25756,KITSAT 3,-,697.0,717.0,98.61
25757,DLR-TUBSAT,+,707.0,728.0,98.67
25758,IRS-P4 (OCEANSAT-1),-,707.0,710.0,97.98
25772,GLOBALSTAR M047,-,1987.0,2015.0,51.98
25789,QUIKSCAT,-,651.0,788.0,98.26
25791,FUSE 1,-,736.0,751.0,24.99
25853,GLOBALSTAR M051,-,1949.0,1951.0,51.98
25854,GLOBALSTAR M030,-,1885.0,1891.0,51.98
25860,OKEAN-O,,626.0,629.0,97.93
25872,GLOBALSTAR M048,-,1981.0,2002.0,51.94
25875,GLOBALSTAR M028,-,1413.0,1511.0,51.97
25885,GLOBALSTAR M054,-,1961.0,1969.0,52.01
25892,COSMOS 2366,-,959.0,1006.0,82.93
25907,GLOBALSTAR M058,-,1709.0,1714.0,52.0
25908,GLOBALSTAR M050,-,1640.0,1655.0,52.0
25909,GLOBALSTAR M033,-,1580.0,1603.0,51.99
25910,GLOBALSTAR M055,-,1546.0,1557.0,52.0
25919,IKONOS 2,-,571.0,579.0,98.12
25940,CBERS 1 (ZY 1A),,765.0,772.0,98.85
25941,SACI 1,,703.0,716.0,98.63
25943,GLOBALSTAR M057,-,1570.0,1573.0,52.0
25944,GLOBALSTAR M059,-,1680.0,1682.0,52.0
25945,GLOBALSTAR M056,-,1659.0,1660.0,52.0
25946,GLOBALSTAR M031,-,1609.0,1611.0,52.0
25961,GLOBALSTAR M039,-,1412.0,1415.0,51.99
25962,GLOBALSTAR M034,-,1762.0,1786.0,51.99
25963,GLOBALSTAR M029,-,1680.0,1683.0,51.98
25964,GLOBALSTAR M061,-,1781.0,1792.0,51.98
25977,HELIOS 1B,-,603.0,604.0,98.15
25978,CLEMENTINE,-,437.0,438.0,98.15
25980,ORBCOMM FM30,-,759.0,770.0,45.03
25981,ORBCOMM FM31,-,761.0,768.0,45.02
25982,ORBCOMM FM32,+,763.0,772.0,45.01
25983,ORBCOMM FM33,-,749.0,761.0,45.03
25984,ORBCOMM FM36,-,757.0,765.0,45.04
25985,ORBCOMM FM35,-,762.0,768.0,45.04
25986,ORBCOMM FM34,-,761.0,769.0,45.04
25991,DMSP 5D-3 F15 (USA 147),-,826.0,841.0,98.99
25994,TERRA,X,687.0,692.0,97.94
26032,ARIRANG-1 (KOMPSAT-1),-,636.0,643.0,98.31
26033,ACRIMSAT,-,656.0,692.0,98.35
26061,JAWSAT (WO-39),-,719.0,764.0,100.22
26063,OPAL (OO-38),-,740.0,790.0,100.19
26064,FALCONSAT,-,741.0,794.0,100.19
26065,ASUSAT (AO-37),-,739.0,790.0,100.2
26069,COSMOS 2369,,838.0,855.0,70.99
26080,PICOSAT 1 & 2 [TETHERED],,712.0,753.0,100.21
26081,GLOBALSTAR M063,-,1739.0,1748.0,52.0
26082,GLOBALSTAR M062,-,1486.0,1497.0,51.98
26083,GLOBALSTAR M060,-,1600.0,1605.0,52.0
26084,GLOBALSTAR M064,-,1732.0,1734.0,52.0
26086,DUMSAT,,561.0,589.0,64.85
26091,PICOSAT 3,,675.0,710.0,100.19
26092,PICOSAT 4,,707.0,751.0,100.2
26093,PICOSAT 5,,659.0,692.0,100.2
26094,PICOSAT 6,,712.0,757.0,100.22
2610,OV1-9,,475.0,4501.0,99.1
26106,CLUSTER 2 & FREGAT R/B,,540.0,17192.0,65.1
26113,IMAGE,P,1392.0,45475.0,94.27
26365,SIMSAT 1,,473.0,488.0,86.34
26366,SIMSAT 2,,472.0,481.0,86.34
26374,TSX-5,,382.0,985.0,68.91
26384,NADEZHDA 6,-,647.0,666.0,97.85
26385,TZINGHUA 1,,657.0,676.0,97.89
26386,SNAP 1,,637.0,653.0,97.76
26536,NOAA 16,-,838.0,854.0,98.46
26545,SAUDISAT 1A (SO-41),-,554.0,621.0,64.55
26546,MEGSAT-1,-,519.0,579.0,64.55
26547,UNISAT,-,502.0,568.0,64.54
26548,TIUNGSAT-1 (MO-46),-,530.0,593.0,64.54
26549,SAUDISAT 1B (SO-42),-,560.0,628.0,64.55
26561,HETE-2,-,491.0,511.0,1.95
2657,ESSA 4 (TOS-B),-,1326.0,1439.0,102.08
26609,PHASE 3D (AO-40),-,1108.0,58712.0,9.35
26610,STRV 1C,,637.0,39209.0,7.1
26611,STRV 1D,,633.0,39235.0,7.1
26619,EO-1,-,658.0,669.0,98.12
26620,SAC-C,-,683.0,685.0,98.5
26621,MUNIN,,701.0,1786.0,95.4
2669,OPS 6073 (DMSP 4A F2),-,763.0,832.0,99.11
2674,DIADEME 1,,501.0,788.0,39.92
2680,DIADEME 2,,578.0,1625.0,39.44
26818,COSMOS 2378,-,961.0,1008.0,82.93
26898,LRE,,215.0,30981.0,28.44
26905,USA 160,-,611.0,1595.0,63.37
26930,PICOSAT 9,,780.0,793.0,67.0
26931,PCSAT (NO-44),P,781.0,789.0,67.05
26932,SAPPHIRE (NO-45),-,784.0,791.0,67.05
26958,PROBA-1,+,506.0,580.0,97.96
26997,JASON-1,-,1318.0,1332.0,66.04
26998,TIMED,+,579.0,583.0,74.07
27001,METEOR-3M,,993.0,1013.0,99.82
27002,KOMPASS,,983.0,1011.0,99.8
27003,BADR-B,-,983.0,1013.0,99.81
27004,MAROC-TUBSAT,+,984.0,1013.0,99.81
27005,REFLECTOR,,981.0,1007.0,99.77
27055,COSMOS 2384,-,1415.0,1432.0,82.55
27056,COSMOS 2385,+,1415.0,1426.0,82.54
27057,COSMOS 2386,+,1415.0,1417.0,82.55
27058,GONETS-D1 7,-,1413.0,1416.0,82.54
27059,GONETS-D1 8,-,1414.0,1419.0,82.54
27060,GONETS-D1 9,-,1404.0,1417.0,82.54
27367,TSUBASA (MDS-1),-,277.0,9637.0,28.49
27368,DASH & VEP 3,,457.0,34292.0,28.62
27386,ENVISAT,-,761.0,762.0,98.39
27421,SPOT 5,-,617.0,803.0,97.98
27422,IDEFIX & ARIANE 42P R/B,-,779.0,797.0,98.6
27424,AQUA,+,685.0,687.0,98.43
27430,HAIYANG-1A,,776.0,787.0,98.74
27431,FENGYUN 1D,-,847.0,870.0,98.95
27436,COSMOS 2389,-,946.0,1016.0,82.95
27453,NOAA 17,-,796.0,813.0,98.87
27464,COSMOS 2390,+,1466.0,1508.0,82.49
27465,COSMOS 2391,+,1464.0,1507.0,82.48
27470,COSMOS 2392,,1149.0,2152.0,63.4
27534,NADEZHDA 7,-,962.0,1016.0,82.93
2754,OPS 0100 (TRANSIT 15),,1032.0,1059.0,90.24
27559,ALSAT-1,,620.0,649.0,98.25
27560,MOZHAETS,,660.0,714.0,98.43
27561,RUBIN-3 & SL-8 R/B,,667.0,728.0,98.45
2757,ESSA 5,-,1354.0,1421.0,101.99
27597,MIDORI II (ADEOS-II),-,793.0,794.0,98.79
27598,FEDSAT,,786.0,799.0,98.87
27599,WEOS,,781.0,796.0,98.82
27600,MICRO LABSAT,-,781.0,797.0,98.82
27605,RUBIN-2 & SAFIR-M,-,577.0,685.0,64.55
27606,LATINSAT B,+,578.0,699.0,64.55
27607,SAUDISAT 1C (SO-50),+,568.0,671.0,64.55
27608,UNISAT-2,-,575.0,656.0,64.55
27609,TRAILBLAZER 2,-,594.0,656.0,64.56
27612,LATINSAT A,+,577.0,646.0,64.55
27640,CORIOLIS,+,815.0,836.0,98.72
27643,CHIPSAT,,412.0,418.0,94.03
27651,SORCE,+,543.0,566.0,39.99
27664,XSS-10,,493.0,699.0,39.75
27783,GALEX,-,671.0,676.0,29.0
27818,COSMOS 2398,-,967.0,1015.0,82.94
27840,MONITOR-E & SL-19 R/B,,689.0,829.0,98.64
27842,DTUSAT,-,806.0,818.0,98.69
27843,MOST,+,813.0,829.0,98.71
27844,CUTE-1 (CO-55),+,804.0,817.0,98.68
27845,QUAKESAT,-,802.0,815.0,98.67
27846,AAU-CUBESAT,-,806.0,818.0,98.69
27847,CANX-1,-,806.0,819.0,98.69
27848,CUBESAT XI-IV (CO-57),+,806.0,820.0,98.68
27858,SCISAT 1,+,620.0,629.0,73.93
27868,COSMOS 2400,+,1469.0,1501.0,82.47
27869,COSMOS 2401,+,1467.0,1500.0,82.47
27939,MOZHAETS 4 (RS22),+,641.0,658.0,98.35
27940,RUBIN-4 & SL-8 R/B,,653.0,672.0,98.39
27941,NIGERIASAT-1,-,566.0,627.0,98.0
27942,UK-DMC,-,570.0,644.0,98.08
27943,BILSAT 1,,662.0,679.0,98.4
27944,LARETS,+,672.0,689.0,98.42
27945,STSAT-1,-,659.0,676.0,98.39
2801,COSMOS 158,,728.0,809.0,74.04
28051,IRS-P6 (RESOURCESAT-1),-,725.0,818.0,98.19
28054,DMSP 5D-3 F16 (USA 172),B,839.0,849.0,98.99
28057,CBERS 2 (ZY 1B),-,769.0,770.0,98.76
28058,CHUANGXIN 1 (CX-1),+,721.0,739.0,98.5
28060,SERVIS 1,-,977.0,1007.0,99.51
2807,OPS 7218 (TRANSIT 16),,1053.0,1086.0,89.68
28095,USA 173,-,657.0,1546.0,63.39
28220,SHIYAN-1 (SY-1),+,456.0,464.0,97.87
28221,NAXING 1,,541.0,555.0,98.0
28230,GP-B,-,617.0,621.0,89.85
28254,FORMOSAT-2 (ROCSAT 2),-,887.0,892.0,98.85
2826,OPS 5712 (P/L 160),+,631.0,637.0,69.91
2828,GGSE 4,,897.0,904.0,69.97
2834,GGSE 5,,903.0,911.0,69.98
28352,COSMOS 2406,,848.0,856.0,71.0
28366,APRIZESAT 2,+,689.0,841.0,98.11
28368,DEMETER,-,616.0,618.0,98.13
28369,SAUDICOMSAT 1,+,685.0,730.0,98.58
28370,SAUDICOMSAT 2,+,685.0,766.0,98.67
28371,SAUDISAT 2,+,685.0,722.0,98.56
28372,APRIZESAT 1,+,689.0,751.0,98.63
28373,UNISAT-3,-,682.0,775.0,98.7
28375,ECHO (AO-51),-,689.0,802.0,98.67
28376,AURA,+,687.0,690.0,98.35
28380,COSMOS 2407,+,947.0,1007.0,82.96
28382,DOUBLESTAR TC-2,-,393.0,31276.0,87.87
28384,USA 179,+,899.0,39452.0,63.99
28413,SHIJIAN-6 01A (SJ-6 01A),+,507.0,512.0,97.58
28414,SHIJIAN-6 01B (SJ-6 01B),+,544.0,548.0,97.61
28419,COSMOS 2408,+,1469.0,1496.0,82.48
28420,COSMOS 2409,+,1473.0,1496.0,82.48
28454,RITE TARGET 1,,761.0,775.0,98.76
28455,RITE TARGET 2,,760.0,774.0,98.76
2847,TIMATION 1,,878.0,889.0,69.96
28470,JB-3 3 (ZY 2C),+,484.0,529.0,97.28
28479,SHIYAN-2 (SY-2),,664.0,679.0,98.06
28485,SWIFT,+,342.0,345.0,20.55
28492,HELIOS 2A,-,554.0,561.0,98.25
28493,NANOSAT-1,+,625.0,632.0,98.24
28494,ESSAIM-1,,608.0,610.0,98.29
28495,ESSAIM-2,,594.0,594.0,98.22
28496,ESSAIM-3,,575.0,578.0,98.23
28497,ESSAIM-4,,602.0,605.0,98.24
28498,PARASOL,-,636.0,656.0,98.5
28521,COSMOS 2414,+,906.0,966.0,82.95
28523,TATIANA,,907.0,963.0,82.95
28537,USA 181,+,687.0,1522.0,63.39
28544,SLOSHSAT,,248.0,30534.0,7.22
28545,MAQSAT & ARIANE 5 R/B,,268.0,31341.0,7.41
28646,USA 182,+,715.0,724.0,57.01
28649,IRS-P5 (CARTOSAT-1),+,593.0,595.0,97.53
28650,HAMSAT (VO-52),-,522.0,549.0,97.99
28654,NOAA 18,-,837.0,856.0,98.81
2872,SURCAL 159,+,891.0,900.0,69.97
2873,OPS 5712 (P/L 152),,895.0,903.0,69.97
28737,SJ-7,+,488.0,510.0,97.73
2874,OPS 5712 (P/L 153),+,901.0,908.0,69.98
28809,KIRARI (OICETS),,479.0,506.0,98.05
28810,REIMEI (INDEX),+,519.0,544.0,98.02
28888,USA 186,+,264.0,466.0,96.89
28890,BEIJING 1,+,670.0,693.0,98.3
28891,TOPSAT,-,666.0,690.0,98.32
28892,UWE-1,-,644.0,664.0,98.32
28893,SINAH 1,+,669.0,691.0,98.29
28894,SSETI EXPRESS (XO-53),-,664.0,688.0,98.32
28895,CUBESAT XI-V,+,642.0,662.0,98.31
28897,NCUBE-2,-,639.0,657.0,98.3
28898,MOZHAETS 5 & RUBIN-5,,665.0,692.0,98.36
28908,COSMOS 2416 (RODNIK-S 1),+,1435.0,1448.0,82.46
28909,GONETS-D1M 1,,1436.0,1449.0,82.46
28931,ALOS (DAICHI),-,659.0,662.0,98.14
28980,ST5-A,-,297.0,2872.0,105.51
28982,ST5-C,-,256.0,1313.0,105.46
29,TIROS 1,-,617.0,649.0,48.38
29047,FORMOSAT-3 FM6,-,753.0,821.0,71.98
29048,FORMOSAT-3 FM1,-,758.0,816.0,71.96
29049,FORMOSAT-3 FM5,-,764.0,810.0,72.02
29050,FORMOSAT-3 FM3,-,640.0,701.0,72.01
29051,FORMOSAT-3 FM4,-,739.0,834.0,72.0
29052,FORMOSAT-3 FM2,-,759.0,813.0,72.03
29092,RSS-1 (YAOGAN-1),,604.0,606.0,97.75
29107,CLOUDSAT,-,604.0,613.0,98.39
29108,CALIPSO,-,662.0,664.0,98.45
2920,OPS 7202 (DMSP 4A F3),-,814.0,869.0,98.58
29228,RESURS-DK 1,P,522.0,530.0,69.93
29249,USA 184,+,1767.0,38591.0,63.54
29268,ARIRANG-2 (KOMPSAT-2),+,669.0,687.0,97.83
29479,HINODE (SOLAR-B),+,652.0,679.0,98.06
29499,METOP-A,-,520.0,763.0,98.34
29505,SHIJIAN-6 02A (SJ-6 02A),+,512.0,514.0,97.63
29506,SHIJIAN-6 02B (SJ-6 02B),+,552.0,573.0,97.71
29522,DMSP 5D-3 F17 (USA 191),+,836.0,849.0,98.74
2965,OPS 4947 (TRANSIT 17),,1025.0,1094.0,89.26
29658,SAR-LUPE 1,+,473.0,495.0,98.2
29678,COROT,-,594.0,854.0,90.1
29709,LAPAN-TUBSAT,+,602.0,619.0,98.14
2980,OPS 1264 (DMSP 4A F4),-,618.0,748.0,99.18
3035,ESSA 6 (TOS-D),-,1409.0,1485.0,102.02
3047,COSMOS 192,,696.0,706.0,74.01
30580,THEMIS A,+,1235.0,78115.0,9.05
30797,THEMIS D,+,1390.0,77960.0,8.1
30798,THEMIS E,+,854.0,78499.0,6.86
3081,COSMOS 198,,904.0,930.0,65.14
309,TIROS 5,-,562.0,820.0,58.09
3093,EXPLORER 36 (GEOS 2),,1081.0,1573.0,105.78
31113,HAIYANG-1B,+,778.0,798.0,98.36
31117,EGYPTSAT 1,-,627.0,632.0,98.07
31118,SAUDISAT 3,+,646.0,667.0,98.15
31119,SAUDICOMSAT 7,+,634.0,712.0,98.39
31121,SAUDICOMSAT 6,+,633.0,736.0,98.42
31122,CSTB 1,-,605.0,697.0,98.42
31124,SAUDICOMSAT 5,+,634.0,699.0,98.36
31125,SAUDICOMSAT 3,+,631.0,686.0,98.32
31126,MAST,-,627.0,741.0,98.44
31127,SAUDICOMSAT 4,+,633.0,724.0,98.41
31128,LIBERTAD-1,-,622.0,739.0,98.45
31129,CP3,-,617.0,730.0,98.46
31130,CAPE-1,-,619.0,735.0,98.45
31132,CP4,-,621.0,722.0,98.44
31133,AEROCUBE 2,-,620.0,722.0,98.44
3129,COSMOS 203,,1182.0,1200.0,74.05
3133,OPS 7034 (TRANSIT 18),,1011.0,1122.0,90.02
31490,YAOGAN-2,+,605.0,636.0,98.26
31571,GLOBALSTAR M065,-,1407.0,1422.0,51.99
31573,GLOBALSTAR M069,+,1577.0,1578.0,52.0
31574,GLOBALSTAR M072,+,1717.0,1720.0,51.99
31576,GLOBALSTAR M071,-,1600.0,1600.0,52.01
3158,COSMOS 209,,867.0,935.0,65.33
31598,COSMO-SKYMED 1,+,574.0,576.0,97.89
31698,TERRASAR-X,+,507.0,510.0,97.45
31701,USA 194,+,758.0,1453.0,63.38
3173,OV1-13,,547.0,9232.0,99.93
3174,OV1-14,,559.0,9843.0,99.99
31792,COSMOS 2428,+,843.0,856.0,70.94
31797,SAR-LUPE 2,+,385.0,395.0,98.11
32052,COSMOS 2429,-,952.0,1010.0,82.98
32060,WORLDVIEW-1 (WV-1),+,491.0,494.0,97.38
32062,CBERS 2B,-,731.0,776.0,98.4
32263,GLOBALSTAR M067,-,1503.0,1504.0,51.97
32264,GLOBALSTAR M070,-,1413.0,1414.0,51.97
32265,GLOBALSTAR M066,+,1544.0,1551.0,51.96
32266,GLOBALSTAR M068,-,1410.0,1412.0,51.99
32289,YAOGAN-3,+,594.0,596.0,97.81
3229,COSMOS 220,,602.0,651.0,74.02
32376,COSMO-SKYMED 2,+,622.0,624.0,97.89
32378,USA 198,P,1116.0,39233.0,64.13
32382,RADARSAT-2,+,791.0,793.0,98.58
3266,OPS 7869 (DMSP 4B F1),-,801.0,878.0,98.56
32706,USA 200,+,1076.0,39279.0,63.5
32750,SAR-LUPE 4,+,472.0,496.0,98.2
32783,CARTOSAT-2A,+,624.0,639.0,97.76
32784,NTS (CANX-6),-,549.0,563.0,97.92
32785,CUTE-1.7+APD II (CO-65),P,530.0,543.0,97.83
32786,IMS-1,-,550.0,554.0,97.95
32790,CANX-2,+,541.0,556.0,97.87
32791,SEEDS II (CO-66),+,458.0,465.0,97.76
32792,RUBIN-8 & PSLV R/B,-,591.0,627.0,98.15
32953,YUBILEINY (RS30),+,1477.0,1509.0,82.51
32954,COSMOS 2437,+,1479.0,1511.0,82.5
32955,COSMOS 2438,+,1475.0,1510.0,82.5
32956,COSMOS 2439,+,1477.0,1510.0,82.51
32958,FENGYUN 3A,+,821.0,832.0,98.69
33053,FGRST (GLAST),X,487.0,499.0,25.58
33060,ORBCOMM FM38,-,616.0,622.0,48.44
33061,ORBCOMM FM41,-,618.0,623.0,48.44
33062,ORBCOMM FM29,-,616.0,624.0,48.44
33063,ORBCOMM FM39,-,621.0,630.0,48.44
33064,ORBCOMM FM37,-,621.0,628.0,48.44
33065,ORBCOMM FM40,-,612.0,620.0,48.44
33105,JASON-2 (OSTM),-,1304.0,1317.0,66.04
33244,SAR-LUPE 5,+,473.0,496.0,98.2
33272,COSMOS 2441,-,703.0,727.0,98.33
33312,RAPIDEYE 2,-,538.0,562.0,97.42
33313,RAPIDEYE 5,-,552.0,565.0,97.38
33314,RAPIDEYE 1,-,538.0,574.0,97.41
33315,RAPIDEYE 3,-,538.0,553.0,97.38
33316,RAPIDEYE 4,-,547.0,560.0,97.39
33320,HUANJING 1A (HJ-1A),+,604.0,628.0,97.67
33321,HUANJING 1B (HJ-1B),+,594.0,643.0,97.66
33331,GEOEYE 1,+,675.0,681.0,98.13
3338,EXPLORER 40 (INJUN 5),,678.0,2475.0,80.66
33393,DEMOSAT/FALCON 1,-,569.0,584.0,9.35
33396,THEOS,+,824.0,826.0,98.55
33408,SHIJIAN-6 03A (SJ-6 03A),+,504.0,521.0,97.84
33409,SHIJIAN-6 03B (SJ-6 03B),+,540.0,566.0,97.86
33412,COSMO-SKYMED 3,+,533.0,556.0,97.82
33433,SHIYAN-3 (SY-3),+,780.0,798.0,98.61
33434,CHUANGXIN 1-02 (CX-1-02),+,782.0,801.0,98.61
33446,YAOGAN-4,+,610.0,628.0,97.93
3345,ESSA 7 (TOS-E),-,1431.0,1473.0,101.57
33492,GOSAT (IBUKI),+,668.0,670.0,98.09
33494,SPRITE-SAT (RISING),-,641.0,647.0,98.14
33495,KAGAYAKI,-,640.0,651.0,98.11
33496,SOHLA-1 (MAIDO-1),-,640.0,649.0,98.13
33497,SDS-1,-,644.0,649.0,98.18
33498,STARS (KUKAI),+,574.0,584.0,98.16
33499,KKS-1 (KISEKI),+,613.0,626.0,98.12
33504,KORONAS-FOTON,-,420.0,431.0,82.43
33591,NOAA 19,-,838.0,857.0,98.95
33751,SPIRALE A,-,232.0,17061.0,2.02
33752,SPIRALE B,-,281.0,26547.0,2.25
340,TELSTAR 1,,943.0,5642.0,44.81
34903,STSS ATRR (USA 205),+,636.0,872.0,98.93
3504,COSMOS 249,,497.0,2049.0,62.34
3510,OPS 4078 (DMSP 4B F2),-,776.0,820.0,98.58
3530,COSMOS 252,,530.0,2087.0,62.32
35498,COSMOS 2451,+,1497.0,1509.0,82.49
35499,COSMOS 2452 (RODNIK-S 2),-,1481.0,1506.0,82.49
35500,COSMOS 2453,+,1494.0,1506.0,82.49
35578,RAZAKSAT,-,648.0,671.0,8.99
35635,COSMOS 2454,-,914.0,944.0,82.96
35636,STERKH 1,-,912.0,943.0,82.96
35681,DEIMOS-1,+,643.0,645.0,97.75
35682,DUBAISAT-1,+,638.0,651.0,98.01
35683,UK-DMC 2,+,640.0,643.0,97.89
35684,APRIZESAT 4,+,586.0,648.0,98.14
35685,NANOSAT 1B,+,554.0,621.0,98.12
35686,APRIZESAT 3,+,536.0,621.0,98.21
3576,COSMOS 256,,1171.0,1222.0,74.05
35865,METEOR-M 1,-,812.0,817.0,98.75
35866,STERKH 2,-,809.0,815.0,98.72
35868,TATIANA 2,-,807.0,815.0,98.72
35869,UGATUSAT,-,811.0,818.0,98.75
35871,BLITS,-,815.0,821.0,98.77
35931,OCEANSAT-2,+,882.0,908.0,98.24
35932,SWISSCUBE,+,680.0,690.0,98.4
35933,BEESAT-1,+,683.0,692.0,98.39
35934,UWE-2,-,687.0,697.0,98.39
35935,ITUPSAT1,+,686.0,697.0,98.4
35936,RUBIN 9.1 & RUBIN 9.2,-,709.0,784.0,98.3
35937,STSS DEMO 1 (USA 208),-,1316.0,1338.0,57.99
35938,STSS DEMO 2 (USA 209),-,1347.0,1378.0,57.99
35946,WORLDVIEW-2 (WV-2),+,762.0,769.0,98.48
35951,DMSP 5D-3 F18 (USA 210),+,834.0,851.0,98.91
3597,OAO 2,,731.0,738.0,34.99
36036,SMOS,+,758.0,760.0,98.44
36037,PROBA-2,+,699.0,720.0,98.25
3605,OPS 7684,,1376.0,1464.0,80.36
36088,SJ-11-01,+,673.0,689.0,98.01
36095,COSMOS 2455,+,901.0,907.0,67.15
36110,YAOGAN-7,+,618.0,653.0,98.0
36121,YAOGAN-8,+,1226.0,1258.0,100.21
36122,XIWANG-1 (HOPE-1),P,1192.0,1205.0,100.41
3615,ESSA 8 (TOS-F),-,1414.0,1463.0,101.7
36413,YAOGAN-9 01A,+,683.0,1494.0,63.36
36414,YAOGAN-9 01B,+,682.0,1494.0,63.36
36415,YAOGAN-9 01C,+,681.0,1495.0,63.36
36508,CRYOSAT 2,+,718.0,721.0,92.03
36519,COSMOS 2463,+,968.0,1019.0,82.96
36588,SERVIS 2,+,1186.0,1213.0,100.43
36596,SJ-12,+,510.0,518.0,97.76
36598,PICARD,-,716.0,718.0,98.28
36599,PRISMA (MANGO),-,659.0,733.0,98.02
36600,BPA-1 & SL-24 R/B,-,713.0,1266.0,98.25
36605,TANDEM-X,+,507.0,510.0,97.45
36608,OFEQ 9,+,400.0,629.0,141.8
3669,ISIS 1,,576.0,3440.0,88.44
3673,OPS 2644,,1388.0,1428.0,80.39
36795,CARTOSAT-2B,+,626.0,641.0,97.99
36796,STUDSAT,-,543.0,558.0,98.09
36797,AISSAT 1,-,569.0,580.0,98.08
36798,ALSAT-2A,+,645.0,648.0,97.77
36799,TISAT 1,+,461.0,466.0,98.07
36827,PRISMA (TANGO),-,713.0,772.0,98.43
36834,YAOGAN-10,+,611.0,613.0,97.9
369,FTV 3502,,536.0,644.0,98.46
37152,COSMOS 2467,+,1493.0,1495.0,82.46
37153,STRELA 3,+,1498.0,1509.0,82.46
37154,COSMOS 2468 (RODNIK-S 3),+,1479.0,1503.0,82.46
37162,USA 215,+,1101.0,1107.0,123.0
37165,YAOGAN-11,+,598.0,647.0,98.38
37166,ZHEDA PIXING 1B,+,579.0,608.0,97.96
37167,ZHEDA PIXING 1C,+,580.0,609.0,97.98
37168,SBSS (USA 216),+,460.0,570.0,97.72
37179,SHIJIAN-6 04A (SJ-6 04A),+,497.0,522.0,97.83
37180,SHIJIAN-6 04B (SJ-6 04B),+,560.0,577.0,97.87
37188,GLOBALSTAR M079,+,1413.0,1414.0,52.0
37189,GLOBALSTAR M074,+,1413.0,1414.0,52.0
37190,GLOBALSTAR M076,+,1413.0,1414.0,52.0
37191,GLOBALSTAR M077,+,1828.0,1831.0,52.0
37192,GLOBALSTAR M075,+,1413.0,1414.0,52.0
37193,GLOBALSTAR M073,+,1413.0,1414.0,52.0
37206,EUTELSAT W3B,-,222.0,29422.0,2.51
37212,MERIDIAN 3,-,1929.0,38430.0,63.44
37214,FENGYUN 3B,+,827.0,859.0,98.96
37216,COSMO-SKYMED 4,+,622.0,624.0,97.89
37222,STPSAT-2 (USA 217),+,610.0,635.0,71.97
37223,RAX (USA 218),-,554.0,576.0,71.97
37224,O/OREOS (USA 219),+,574.0,597.0,71.97
37225,FASTSAT-HSV01 (USA 220),+,611.0,634.0,71.97
37226,FALCONSAT 5 (USA 221),-,614.0,637.0,71.97
37227,FASTRAC 1 (USA 222),-,602.0,623.0,71.97
37348,USA 224,+,258.0,948.0,97.94
37364,USA 225,+,1202.0,1231.0,90.18
37380,FASTRAC 2 (USA 228),-,603.0,626.0,71.97
37386,USA 229,+,840.0,1370.0,63.43
37387,RESOURCESAT-2,+,811.0,829.0,98.76
37388,YOUTHSAT,+,795.0,817.0,98.38
37389,X-SAT,+,797.0,818.0,98.36
3764,ESSA 9 (TOS-G),-,1425.0,1505.0,101.41
37673,SAC-D,-,633.0,634.0,97.98
37730,SJ-11-03,+,673.0,685.0,97.94
37739,GLOBALSTAR M083,+,1413.0,1414.0,51.98
37740,GLOBALSTAR M088,+,1413.0,1414.0,52.02
37741,GLOBALSTAR M091,+,1413.0,1414.0,52.0
37742,GLOBALSTAR M085,+,1413.0,1414.0,52.02
37743,GLOBALSTAR M081,+,1413.0,1414.0,52.0
37744,GLOBALSTAR M089,+,1413.0,1414.0,51.99
37765,SJ-11-02,+,670.0,687.0,98.25
37781,HAIYANG-2A,+,991.0,994.0,99.34
37788,EDUSAT,-,617.0,663.0,98.26
37789,NIGERIASAT-2,+,639.0,679.0,97.88
37790,NIGERIASAT-X,+,681.0,700.0,97.86
37791,RASAT,+,652.0,681.0,98.06
37792,APRIZESAT 5,+,589.0,663.0,98.25
37793,APRIZESAT 6,+,609.0,668.0,98.23
37794,SICH-2,-,667.0,683.0,97.84
37795,BPA-2 & SL-24 R/B,-,690.0,1293.0,98.23
37818,TACSAT 4,+,377.0,12015.0,62.84
37839,JUGNU,+,833.0,860.0,19.96
37840,VESSELSAT 1,-,845.0,864.0,19.96
37841,SRMSAT,+,846.0,862.0,19.97
37849,SUOMI NPP,+,825.0,829.0,98.8
37875,YAOGAN-12,+,478.0,490.0,97.11
37930,CHUANGXIN 1-03 (CX-1-03),+,780.0,800.0,98.7
37931,SHIYAN-4 (SY-4),+,772.0,804.0,98.7
38007,ELISA W11,-,636.0,638.0,97.77
38008,ELISA E24,-,595.0,598.0,97.65
38009,ELISA W23,-,664.0,667.0,97.85
38010,ELISA E12,-,588.0,590.0,97.64
38011,SSOT,+,620.0,622.0,97.8
38012,PLEIADES 1A,+,697.0,699.0,98.19
38038,ZIYUAN 1-02C (ZY 1-02C),+,759.0,770.0,98.4
38040,GLOBALSTAR M084,+,1413.0,1414.0,52.0
38041,GLOBALSTAR M080,+,1413.0,1414.0,52.01
38042,GLOBALSTAR M082,+,1413.0,1414.0,52.01
38043,GLOBALSTAR M092,+,1413.0,1414.0,52.01
38044,GLOBALSTAR M090,+,1413.0,1414.0,52.01
38045,GLOBALSTAR M086,+,1413.0,1414.0,51.99
38077,LARES,+,1436.0,1452.0,69.49
38109,USA 234,+,1101.0,1107.0,123.0
3818,COSMOS 272,,1178.0,1207.0,73.99
38248,RISAT-1,-,345.0,348.0,97.43
3825,OV1-19,,477.0,5490.0,104.76
38257,YAOGAN-14,+,477.0,483.0,97.31
38337,GCOM-W1 (SHIZUKU),+,702.0,703.0,98.2
38338,ARIRANG-3 (KOMPSAT-3),+,683.0,689.0,98.12
38339,SDS-4,+,636.0,648.0,98.14
38340,HORYU-2,-,589.0,599.0,98.23
38354,YAOGAN-15,+,1172.0,1210.0,100.73
38358,NUSTAR,+,533.0,543.0,6.03
38709,EXACTVIEW-1 (ADS-1B),+,801.0,816.0,98.98
38711,MKA-PN 1,+,799.0,815.0,98.98
38733,COSMOS 2481,+,1482.0,1510.0,82.47
38734,GONETS-M 3,+,1474.0,1498.0,82.48
38735,YUBELEINY 2 (RS40),-,1482.0,1508.0,82.48
38736,GONETS-M 4,+,1471.0,1509.0,82.48
38745,EXPRESS-MD2,P,258.0,2692.0,49.82
38753,RBSP B,-,230.0,23632.0,10.27
38755,SPOT 6,+,697.0,699.0,98.21
38756,PROITERES,-,614.0,628.0,98.23
38758,USA 238,+,872.0,1340.0,63.42
38759,SMDC ONE 1.2,+,444.0,556.0,64.66
38760,AENEAS,+,390.0,416.0,64.64
38761,CSSWE,-,400.0,446.0,64.66
38762,CXBN,-,443.0,551.0,64.66
38763,CP5,-,433.0,524.0,64.64
38764,CINEMA,+,391.0,429.0,64.64
38765,RE,-,444.0,556.0,64.66
38771,METOP-B,+,818.0,823.0,98.65
38782,VRSS-1,+,616.0,642.0,97.62
38860,SJ-9A,+,593.0,630.0,97.68
38861,SJ-9B,+,583.0,604.0,97.6
3890,NIMBUS 3,-,1070.0,1129.0,99.69
3891,SECOR 13 (EGRS 13),,1068.0,1128.0,99.64
38995,MERIDIAN 6,-,609.0,39725.0,63.83
39011,YAOGAN-16 01A,+,760.0,1418.0,63.35
39012,YAOGAN-16 01B,+,759.0,1418.0,63.35
39013,YAOGAN-16 01C,+,759.0,1418.0,63.35
39019,PLEIADES 1B,+,697.0,699.0,98.19
39030,GOKTURK 2,+,642.0,645.0,97.68
39057,COSMOS 2482 (RODNIK-S 4),+,1473.0,1514.0,82.5
39058,COSMOS 2483 (RODNIK-S 5),+,1478.0,1502.0,82.5
39059,COSMOS 2484 (RODNIK-S 6),+,1475.0,1514.0,82.5
39061,IGS 8A,+,512.0,515.0,97.5
39072,GLOBALSTAR M097,+,1413.0,1414.0,52.01
39073,GLOBALSTAR M093,+,1413.0,1414.0,52.01
39074,GLOBALSTAR M094,+,1413.0,1414.0,52.0
39075,GLOBALSTAR M096,+,1413.0,1414.0,52.01
39076,GLOBALSTAR M078,+,1412.0,1415.0,51.99
39077,GLOBALSTAR M095,+,1413.0,1415.0,52.01
39084,LANDSAT 8,+,702.0,703.0,98.23
39086,SARAL,+,780.0,784.0,98.56
39087,AAUSAT 3,-,750.0,767.0,98.37
39088,SAPPHIRE,+,766.0,783.0,98.43
39089,NEOSSAT,+,764.0,781.0,98.42
39090,STRAND-1,+,761.0,775.0,98.4
39091,BRITE-AUSTRIA,+,762.0,778.0,98.4
39092,UNIBRITE,-,763.0,777.0,98.41
39133,AIST-2 (RS43),-,475.0,496.0,64.87
39150,GAOFEN-1,+,627.0,653.0,97.9
39151,NEE-01 PEGASO,P,578.0,594.0,98.13
39152,TURKSAT-3USAT,-,570.0,584.0,97.79
39153,CUBEBUG-1 (CAPITAN BETO),-,567.0,581.0,98.17
39159,PROBA-V,+,811.0,815.0,98.37
39160,VNREDSAT 1,+,677.0,679.0,97.9
39161,ESTCUBE 1,-,618.0,631.0,97.72
39177,COSMOS 2486,+,698.0,713.0,98.02
39197,IRIS,+,592.0,628.0,97.93
39202,SJ-11-05,+,670.0,685.0,98.29
39208,SHIYAN-7 (SY-7),+,649.0,658.0,98.09
39209,CHUANGXIN-3 (CX-3),+,644.0,648.0,98.08
39210,SHIJIAN-15 (SJ-15),+,653.0,660.0,98.11
39227,ARIRANG-5 (KOMPSAT-5),+,552.0,555.0,97.62
39232,USA 245,+,268.0,988.0,97.88
39239,YAOGAN-17 01A,+,766.0,1411.0,63.38
39240,YAOGAN-17 01B,+,766.0,1412.0,63.39
39241,YAOGAN-17 01C,+,766.0,1412.0,63.39
39249,GONETS-M 5,+,1480.0,1508.0,82.48
39250,GONETS-M 6,+,1478.0,1510.0,82.49
39251,GONETS-M 7,+,1480.0,1509.0,82.49
39253,HISAKI (SPRINT-A),+,950.0,1153.0,29.72
39260,FENGYUN 3C,+,829.0,850.0,98.51
39265,CASSIOPE,+,288.0,667.0,80.92
39267,DANDE,-,305.0,945.0,80.99
39269,POPACS 2,+,303.0,872.0,80.99
39270,POPACS 3,+,316.0,1089.0,81.0
39358,SHIJIAN-16 (SJ-16),+,579.0,600.0,74.97
39410,YAOGAN-19,+,1195.0,1208.0,100.12
39416,APRIZESAT 7,+,568.0,618.0,97.78
39417,ZACUBE-1 (TSHEPISOSAT),+,533.0,591.0,97.8
39418,SKYSAT-A,+,510.0,542.0,97.38
39419,DUBAISAT-2,+,527.0,542.0,97.46
39420,OPTOS,+,571.0,735.0,97.67
39421,UNISAT-5,-,531.0,570.0,97.71
39422,STSAT-3,+,550.0,564.0,97.63
39423,WNISAT-1,+,583.0,815.0,97.73
39424,CINEMA-2 (KHUSAT-2),-,563.0,666.0,97.89
39425,APRIZESAT 8,+,572.0,638.0,97.83
39426,CINEMA-3 (KHUSAT-2),-,571.0,697.0,97.83
39427,TRITON-1,+,560.0,686.0,97.82
39428,DELFI-N3XT,-,529.0,631.0,97.83
39429,DOVE 3,-,561.0,720.0,97.66
39430,GOMX-1,+,573.0,752.0,97.65
39431,BRITE-PL1 (LEM),-,586.0,856.0,97.8
39432,ICUBE-1,-,472.0,496.0,97.57
39435,WREN,-,573.0,651.0,97.79
39438,VELOX-PII,-,550.0,625.0,97.88
39440,CUBEBUG-2 (LO-74),+,545.0,625.0,97.89
39441,NEE-02 KRYSAOR,+,563.0,653.0,97.89
39442,PUCP-SAT 1,-,449.0,470.0,97.58
39444,FUNCUBE-1 (AO-73),+,511.0,559.0,97.83
39445,HINCUBE,-,517.0,561.0,97.8
39446,UWE-3,+,540.0,610.0,97.88
39448,BPA 3 & SL-24 R/B,-,591.0,1603.0,97.68
39451,SWARM B,+,477.0,481.0,87.75
39452,SWARM A,+,414.0,417.0,87.33
39453,SWARM C,+,414.0,417.0,87.33
39455,SHIYAN-5 (SY-5),+,735.0,757.0,98.06
39462,USA 247,+,1102.0,1105.0,123.0
39467,ALICE,+,419.0,655.0,120.46
39469,SMDC ONE 2.4,+,405.0,607.0,120.49
39471,CP8 (IPEX),-,421.0,658.0,120.46
39473,TACSAT 6,+,298.0,334.0,120.46
39474,SMDC ONE 2.3,+,291.0,325.0,120.44
39483,COSMOS 2488 (RODNIK-S 7),+,1479.0,1509.0,82.49
39484,COSMOS 2489 (RODNIK-S 8),+,1478.0,1511.0,82.49
39485,COSMOS 2490 (RODNIK-S 9),+,1478.0,1511.0,82.48
39490,COSMOS 2493 (SKRL-756 1),+,550.0,569.0,82.41
39491,COSMOS 2494 (SKRL-756 2),+,540.0,561.0,82.41
39492,AIST-1 (RS41),-,566.0,591.0,82.42
39497,COSMOS 2491 (RS46),-,1482.0,1502.0,82.49
39574,GPM-CORE,+,424.0,441.0,64.97
39624,SJ-11-06,+,676.0,698.0,97.95
39630,DMSP 5D-3 F19 (USA 249),-,834.0,850.0,98.79
39634,SENTINEL-1A,+,693.0,695.0,98.16
39678,EGYPTSAT 2,-,705.0,706.0,51.62
397,TIROS 6,-,578.0,579.0,58.3
39731,KAZEOSAT 1,+,751.0,753.0,98.32
39761,COSMOS 2496 (RODNIK-S 10),+,1479.0,1510.0,82.44
39762,COSMOS 2497 (RODNIK-S 11),+,1479.0,1510.0,82.45
39763,COSMOS 2498 (RODNIK-S 12),+,1478.0,1510.0,82.44
39765,COSMOS 2499 (RS47),-,1152.0,1508.0,82.45
39766,ALOS-2,+,630.0,632.0,97.92
39767,UNIFORM 1,+,574.0,584.0,97.81
39768,SOCRATES,+,577.0,588.0,97.91
39769,RISING 2,+,567.0,572.0,97.65
40010,KAZEOSAT 2,+,605.0,619.0,97.54
40011,HODOYOSHI-4,+,586.0,621.0,97.55
40012,UNISAT-6,+,572.0,633.0,97.8
40013,DEIMOS-2,+,584.0,587.0,97.57
40014,BUGSAT-1 (TITA),+,499.0,536.0,98.04
40015,HODOYOSHI-3,+,588.0,636.0,97.65
40016,SAUDISAT 4,+,600.0,661.0,97.77
40017,TABLETSAT-AURORA,-,503.0,518.0,98.02
40018,APRIZESAT 9,+,601.0,694.0,97.91
40019,APRIZESAT 10,+,602.0,714.0,97.97
40020,BRITE-CA1 (TORONTO),+,596.0,708.0,97.98
40021,DUCHIFAT-1,+,314.0,321.0,98.03
40022,PACE,-,528.0,536.0,98.13
40024,NANOSATC-BR1,+,464.0,467.0,98.07
40025,QB50P1,+,502.0,514.0,98.1
40028,POPSAT-HIP-1,-,514.0,522.0,98.1
40030,DTUSAT-2,+,513.0,524.0,98.09
40032,QB50P2,+,514.0,522.0,98.08
40034,ANTELSAT,-,564.0,624.0,97.79
40037,PERSEUS-M2,+,571.0,590.0,98.0
40039,PERSEUS-M1,+,571.0,589.0,97.97
40042,POLYITAN-1,+,457.0,463.0,98.09
40043,TIGRISAT,+,579.0,646.0,97.79
40044,LEMUR-1,+,579.0,645.0,97.8
40045,AEROCUBE 6A,+,544.0,598.0,97.73
40046,AEROCUBE 6B,+,538.0,594.0,97.73
40053,SPOT 7,+,689.0,691.0,98.06
40054,AISAT,-,530.0,543.0,98.23
40055,CANX-4,+,616.0,634.0,98.3
40056,CANX-5,+,616.0,634.0,98.3
40057,VELOX-I,-,565.0,578.0,98.25
40059,OCO 2,+,701.0,704.0,98.2
40061,GONETS-M 8,+,1470.0,1517.0,82.51
40062,GONETS-M 9,+,1476.0,1512.0,82.51
40063,GONETS-M 10,+,1477.0,1511.0,82.51
40069,METEOR-M 2,P,817.0,824.0,98.52
40070,MKA-PN 2 (RELEC),-,616.0,798.0,98.08
40071,DX1,+,592.0,603.0,98.39
40072,SKYSAT-B,P,599.0,609.0,98.39
40073,DUMMY SAT,-,615.0,624.0,98.38
40074,UKUBE-1,+,522.0,523.0,98.43
40075,AISSAT 2,-,582.0,590.0,98.41
40076,TECHDEMOSAT-1 (TDS-1),P,518.0,529.0,98.39
40086,ORBCOMM FM109,P,696.0,697.0,47.0
40087,ORBCOMM FM107,-,696.0,697.0,47.0
40088,ORBCOMM FM106,-,647.0,671.0,47.06
40089,ORBCOMM FM111,-,581.0,620.0,47.0
40090,ORBCOMM FM104,-,690.0,713.0,47.0
40091,ORBCOMM FM103,-,696.0,697.0,47.0
40109,YAOGAN-20 01A,+,793.0,1385.0,63.38
40110,YAOGAN-20 01B,+,794.0,1385.0,63.38
40111,YAOGAN-20 01C,+,793.0,1385.0,63.38
40115,WORLDVIEW-3 (WV-3),+,611.0,615.0,97.85
40118,GAOFEN-2,+,621.0,632.0,98.01
40119,BRITE-PL2 (HEWELIUSZ),+,574.0,592.0,97.91
40136,LING QIAO,+,776.0,806.0,98.71
40137,CHUANGXIN 1-04 (CX-1-04),+,774.0,806.0,98.71
40143,YAOGAN-21,+,480.0,489.0,97.14
40261,SJ-11-07,+,674.0,688.0,97.99
40275,YAOGAN-22,+,1197.0,1207.0,100.78
40286,SJ-11-08,+,664.0,682.0,98.36
40298,ASNARO,+,506.0,510.0,97.34
40310,YAOGAN-24,+,630.0,652.0,98.16
40336,CBERS 4,+,772.0,774.0,98.35
40338,YAOGAN-25 01A,+,811.0,1367.0,63.39
40339,YAOGAN-25 01B,+,811.0,1368.0,63.39
40340,YAOGAN-25 01C,+,811.0,1368.0,63.39
40344,USA 259,+,1464.0,38891.0,63.09
40358,COSMOS 2502,+,896.0,906.0,67.15
40362,YAOGAN-26,+,413.0,421.0,97.07
40376,SMAP,P,681.0,683.0,98.13
40381,IGS 9A,+,490.0,511.0,97.5
40420,COSMOS 2503,+,534.0,558.0,97.82
4047,OPS 1127 (DMSP 4B F3),-,761.0,826.0,98.42
40536,KOMPSAT-3A,+,362.0,428.0,97.69
40552,GONETS-M 11,+,1482.0,1507.0,82.49
40553,GONETS-M 12,+,1482.0,1506.0,82.49
40554,GONETS-M 13,+,1483.0,1505.0,82.49
40555,COSMOS 2504,+,579.0,1482.0,82.52
40697,SENTINEL-2A,+,788.0,790.0,98.56
40699,COSMOS 2506,+,707.0,716.0,98.04
4070,COSMOS 292,,702.0,714.0,74.05
40701,GAOFEN-8,+,417.0,427.0,97.69
40715,DMC3-FM1,+,608.0,615.0,97.64
40716,DMC3-FM2,+,607.0,615.0,97.64
40717,DMC3-FM3,+,608.0,614.0,97.65
40718,CARBONITE 1 (CBNT-1),+,606.0,629.0,97.66
40719,DEORBITSAIL,-,543.0,562.0,97.58
40878,YAOGAN-27,+,1193.0,1207.0,100.12
40894,GAOFEN-9 01,+,602.0,638.0,97.62
40905,OBJECT G,-,352.0,355.0,97.45
40908,LILACSAT-2,+,402.0,411.0,97.46
40920,COSMOS 2507 (RODNIK-S 13),+,1487.0,1502.0,82.49
40921,COSMOS 2508 (RODNIK-S 14),+,1484.0,1505.0,82.49
40922,COSMOS 2509 (RODNIK-S 15),+,1484.0,1505.0,82.49
40930,ASTROSAT,+,615.0,627.0,6.0
40931,LAPAN-A2 (IO-86),+,624.0,642.0,6.0
40932,LEMUR-2-JOEL,-,610.0,626.0,6.01
40933,LEMUR-2-CHRIS,-,606.0,624.0,6.0
40934,LEMUR-2-JEROEN,-,612.0,626.0,6.01
40935,LEMUR-2-PETER,-,613.0,628.0,6.0
40936,EXACTVIEW 9,+,623.0,638.0,6.0
40958,LQSAT,-,626.0,652.0,97.67
40959,LINGQIAO VIDEO A,+,625.0,650.0,97.67
40960,LINGQIAO VIDEO B,+,624.0,650.0,97.66
40961,JILIN-1,+,622.0,648.0,97.66
40964,USA 264,+,945.0,1266.0,63.43
40965,AEROCUBE 5C,+,505.0,789.0,64.78
40966,AEROCUBE 7,+,492.0,666.0,64.76
40967,FOX-1A (AO-85),+,499.0,688.0,64.77
40968,SINOD-D 1,+,492.0,665.0,64.77
40969,ARC-1,-,362.0,415.0,64.76
40970,SNAP-3 ALICE,+,315.0,349.0,64.74
40971,LMRST-SAT,+,499.0,691.0,64.78
40972,SNAP-3 EDDIE,+,304.0,336.0,64.73
40973,PROPCUBE 3,+,494.0,673.0,64.77
40974,BISONSAT,+,455.0,571.0,64.76
40975,SNAP-3 JIMI,+,481.0,635.0,64.77
40976,PROPCUBE 1 (FLORA),+,505.0,694.0,64.77
40977,SINOD-D 3,+,498.0,671.0,64.77
41026,YAOGAN-28,+,475.0,488.0,97.32
41032,COSMOS 2510 (EKS 1),+,1067.0,39269.0,63.46
41038,YAOGAN-29,+,618.0,621.0,98.0
41099,COSMOS 2512,-,637.0,646.0,98.06
41166,VELOX-CI,+,407.0,413.0,14.98
41167,KENT RIDGE 1,+,490.0,501.0,14.98
41173,DAMPE,+,465.0,481.0,97.46
41179,ORBCOMM FM114,-,695.0,698.0,47.01
41180,ORBCOMM FM119,-,696.0,698.0,47.0
41181,ORBCOMM FM105,-,739.0,741.0,47.0
41182,ORBCOMM FM110,+,695.0,698.0,47.0
41183,ORBCOMM FM118,+,695.0,699.0,47.0
41184,ORBCOMM FM112,+,694.0,699.0,47.0
41185,ORBCOMM FM113,P,695.0,698.0,47.0
41186,ORBCOMM FM115,-,681.0,684.0,47.0
41187,ORBCOMM FM108,+,695.0,698.0,47.0
41188,ORBCOMM FM117,+,695.0,698.0,47.0
41189,ORBCOMM FM116,+,696.0,698.0,47.0
41240,JASON-3,P,1305.0,1317.0,66.04
4132,SOICAL [CONE],,779.0,790.0,69.99
41334,USA 267,+,1101.0,1107.0,123.0
41335,SENTINEL-3A,+,802.0,803.0,98.62
41337,ASTRO-H (HITOMI),-,527.0,540.0,31.0
41338,CHUBUSAT-2,-,496.0,507.0,31.0
41339,CHUBUSAT-3,-,503.0,515.0,31.0
4138,COSMOS 304,,729.0,745.0,74.04
41394,COSMOS 2515,+,525.0,559.0,97.98
41456,SENTINEL-1B,-,561.0,577.0,98.09
41457,MICROSCOPE,-,693.0,695.0,98.25
41473,YAOGAN-30 01,+,630.0,652.0,97.9
41556,ZIYUAN 3-02 (ZY 3-02),+,492.0,511.0,97.38
41579,COSMOS 2517 (GEO-IK 2),+,942.0,944.0,99.19
41599,CARTOSAT-2C,+,503.0,513.0,97.44
41601,SKYSAT-C1,+,451.0,457.0,96.95
41603,LAPAN-A3,+,458.0,473.0,97.15
41634,SJ 16-02,+,580.0,592.0,75.0
4168,TEMPSAT 2,,894.0,921.0,70.02
41727,GAOFEN-3,+,750.0,752.0,98.4
41770,PERUSAT 1,+,697.0,699.0,98.2
41771,SKYSAT-C4,+,413.0,417.0,96.92
41772,SKYSAT-C5,+,461.0,466.0,97.04
41773,SKYSAT-C2,+,433.0,439.0,97.02
41774,SKYSAT-C3,P,399.0,404.0,96.9
41783,PRATHAM,-,648.0,692.0,97.84
41784,PISAT,+,644.0,684.0,97.82
41785,ALSAT-1B,+,647.0,661.0,97.78
41786,ALSAT-2B,+,657.0,659.0,97.98
41787,PATHFINDER 1,+,648.0,688.0,97.82
41789,ALSAT-1N,-,645.0,681.0,97.81
41790,SCATSAT 1,+,592.0,669.0,98.11
41847,CAS-2T & KS-1Q,P,500.0,985.0,98.38
41849,RAVAN,+,379.0,388.0,97.98
41850,CELTEE 1,+,504.0,506.0,98.06
41851,OPTICUBE 04,+,527.0,546.0,98.06
41852,AEROCUBE 8D,+,489.0,491.0,98.06
41853,AEROCUBE 8C,+,486.0,493.0,98.05
41857,YUNHAI-1 01,+,780.0,785.0,98.59
41875,GOKTURK 1A,+,683.0,685.0,98.16
41877,RESOURCESAT-2A,+,819.0,821.0,98.75
41884,CYGFM05,X,387.0,392.0,34.96
41885,CYGFM04,X,371.0,374.0,34.93
41886,CYGFM02,X,360.0,364.0,34.94
41887,CYGFM01,X,384.0,390.0,34.94
41888,CYGFM08,X,375.0,381.0,34.94
41890,CYGFM07,X,376.0,379.0,34.94
41891,CYGFM03,X,376.0,379.0,34.94
41896,ARASE (ERG),+,399.0,31782.0,31.95
41898,TANSAT,+,678.0,709.0,98.54
41899,YIJIAN,+,675.0,706.0,98.54
41900,SPARK 1,+,676.0,711.0,98.55
41901,SPARK 2,+,677.0,714.0,98.55
41914,JILIN-1 03,+,435.0,439.0,97.2
41917,IRIDIUM 106,+,776.0,779.0,86.39
41918,IRIDIUM 103,+,776.0,779.0,86.39
41919,IRIDIUM 109,+,776.0,779.0,86.39
41920,IRIDIUM 102,+,776.0,779.0,86.39
41921,IRIDIUM 105,+,776.0,779.0,86.4
41922,IRIDIUM 104,+,776.0,779.0,86.39
41923,IRIDIUM 114,+,776.0,779.0,86.39
41924,IRIDIUM 108,+,776.0,779.0,86.4
41925,IRIDIUM 112,+,776.0,779.0,86.39
41926,IRIDIUM 111,+,776.0,779.0,86.39
41948,CARTOSAT-2D,+,504.0,511.0,97.41
42058,USA 274,+,981.0,1230.0,63.44
42063,SENTINEL-2B,+,788.0,790.0,98.56
4221,AZUR (GRS A),,310.0,573.0,102.66
4237,OPS 7613 (P/L 4),,894.0,921.0,70.02
424,ALOUETTE 1 (S-27),,983.0,1019.0,80.47
4247,OPS 7613 (P/L 5),,894.0,921.0,70.02
4254,COSMOS 312,,1140.0,1175.0,74.02
4256,OPS 7613 (P/L 1),,881.0,912.0,70.01
4257,TIMATION 2,,892.0,920.0,70.02
4259,OPS 7613 (P/L 3),,897.0,924.0,70.02
42689,USA 276,+,422.0,427.0,49.96
42719,COSMOS 2518 (EKS 2),+,1746.0,38586.0,63.02
42758,HXMT (HUIYAN),+,487.0,531.0,43.01
42767,CARTOSAT-2E,+,505.0,511.0,97.42
42794,D-SAT,-,458.0,566.0,97.56
42803,IRIDIUM 113,+,776.0,779.0,86.4
42804,IRIDIUM 123,+,776.0,779.0,86.4
42805,IRIDIUM 120,+,776.0,779.0,86.39
42806,IRIDIUM 115,+,746.0,749.0,86.45
42807,IRIDIUM 118,+,776.0,779.0,86.4
42808,IRIDIUM 117,+,776.0,779.0,86.4
42809,IRIDIUM 126,+,776.0,779.0,86.4
42810,IRIDIUM 124,+,746.0,750.0,86.44
42811,IRIDIUM 128,+,776.0,779.0,86.4
42812,IRIDIUM 121,+,776.0,779.0,86.4
42825,KANOPUS-V-IK,+,497.0,500.0,97.35
42826,NORSAT 1,+,517.0,526.0,97.45
42827,OBJECT C,-,478.0,489.0,97.42
42828,NORSAT 2,+,490.0,503.0,97.41
42829,TECHNOSAT,+,539.0,562.0,97.44
42831,FLYING LAPTOP,+,551.0,574.0,97.5
42832,OBJECT H,-,535.0,547.0,97.42
42833,OBJECT J,-,534.0,541.0,97.44
42834,OBJECT K,-,531.0,543.0,97.43
42835,WNISAT 1R,+,555.0,566.0,97.48
42836,OBJECT M,-,536.0,540.0,97.43
42837,LEMUR-2-GREENBERG,+,460.0,473.0,97.39
42838,LEMUR-2-ANDIS,+,448.0,460.0,97.37
42839,LEMUR-2-MONSON,+,471.0,482.0,97.41
42840,LEMUR-2-FURIAUS,+,464.0,474.0,97.38
42841,LEMUR-2-PETERG,+,453.0,460.0,97.4
42842,LEMUR-2-DEMBITZ,+,464.0,475.0,97.38
42843,OBJECT U,-,555.0,570.0,97.49
42844,NANOACE,+,485.0,492.0,97.38
42845,LEMUR-2-ZACHARY,+,396.0,401.0,97.36
42846,CORVUS BC2,+,539.0,554.0,97.41
42847,CORVUS BC1,+,538.0,554.0,97.42
42848,OBJECT Z,-,539.0,546.0,97.4
42849,CICERO 3,-,535.0,549.0,97.43
42900,OPTSAT-3000,+,440.0,450.0,97.2
42901,VENUS,-,517.0,523.0,97.27
42920,FORMOSAT-5,+,715.0,730.0,98.22
42921,ORS-5 SENSORSAT,+,556.0,571.0,0.05
42945,YAOGAN-30 02A,+,555.0,558.0,35.0
42946,YAOGAN-30 02B,+,556.0,559.0,35.0
42947,YAOGAN-30 02C,+,549.0,555.0,35.0
4295,OPS 7613 (P/L 6),,896.0,922.0,70.01
42954,VRSS-2,+,614.0,636.0,97.65
42955,IRIDIUM 133,+,776.0,779.0,86.4
42956,IRIDIUM 100,+,776.0,779.0,86.4
42957,IRIDIUM 122,+,776.0,779.0,86.4
42958,IRIDIUM 129,+,776.0,779.0,86.4
42959,IRIDIUM 119,+,776.0,779.0,86.4
42960,IRIDIUM 107,+,776.0,779.0,86.4
42961,IRIDIUM 132,+,776.0,779.0,86.4
42962,IRIDIUM 136,+,776.0,779.0,86.4
42963,IRIDIUM 139,+,776.0,779.0,86.4
42964,IRIDIUM 125,+,776.0,779.0,86.4
42969,SENTINEL-5P,+,826.0,828.0,98.79
42986,COSMOS 2523,+,534.0,627.0,97.5
42987,SKYSAT-C11,P,383.0,385.0,97.44
42988,SKYSAT-C10,P,458.0,460.0,97.46
42989,SKYSAT-C9,+,433.0,442.0,97.45
42990,SKYSAT-C8,+,451.0,453.0,97.46
42991,SKYSAT-C7,+,449.0,455.0,97.46
42992,SKYSAT-C6,+,463.0,465.0,97.47
43005,MOHAMMED VI-A,+,637.0,640.0,97.95
43010,FENGYUN 3D,+,826.0,827.0,99.02
43011,HEAD-1,+,789.0,802.0,98.96
43013,NOAA 20 (JPSS-1),+,826.0,828.0,98.78
43016,MAKERSAT 0,+,392.0,533.0,97.45
43017,RADFXSAT (FOX-1B),+,422.0,629.0,97.46
43022,JILIN-1 04,+,433.0,436.0,97.49
43023,JILIN-1 05,+,458.0,465.0,97.49
43024,JILIN-1 06,+,458.0,468.0,97.48
43028,YAOGAN-30 03A,+,556.0,559.0,34.99
43029,YAOGAN-30 03B,+,556.0,559.0,34.99
43030,YAOGAN-30 03C,+,556.0,560.0,34.99
43032,COSMOS 2524,+,901.0,904.0,67.15
43034,LKW-1,+,491.0,493.0,97.1
43065,GCOM-C (SHIKISAI),+,800.0,802.0,98.62
43070,IRIDIUM 135,+,776.0,779.0,86.4
43071,IRIDIUM 138,+,776.0,779.0,86.4
43072,IRIDIUM 116,+,776.0,779.0,86.4
43073,IRIDIUM 130,+,776.0,779.0,86.4
43074,IRIDIUM 151,+,776.0,779.0,86.41
43075,IRIDIUM 134,+,776.0,779.0,86.4
43076,IRIDIUM 137,+,776.0,779.0,86.4
43077,IRIDIUM 141,+,776.0,779.0,86.4
43078,IRIDIUM 153,+,776.0,779.0,86.39
43079,IRIDIUM 131,+,776.0,779.0,86.4
43080,LKW-2,+,482.0,486.0,97.12
43081,YAOGAN-30 04A,+,555.0,561.0,35.0
43082,YAOGAN-30 04B,+,554.0,561.0,34.99
43083,YAOGAN-30 04C,+,554.0,561.0,34.99
43099,SUPERVIEW-1 03,+,413.0,472.0,97.31
43111,CARTOSAT-2F,+,506.0,510.0,97.47
43113,LEO 1 (LEO VANTAGE 1),P,422.0,912.0,99.24
43145,USA 281,+,1079.0,1080.0,106.0
43146,LKW-3,+,454.0,460.0,97.67
43152,ASNARO-2,+,497.0,500.0,97.4
43159,JILIN-1 07,+,453.0,465.0,97.18
43160,JILIN-1 08,+,458.0,467.0,97.18
43169,WEINA 1A,+,561.0,566.0,35.0
43170,YAOGAN-30 05A,+,555.0,560.0,35.0
43171,YAOGAN-30 05B,+,556.0,559.0,34.99
43172,YAOGAN-30 05C,+,556.0,560.0,35.0
43180,KANOPUS-V 3,+,497.0,500.0,97.35
43181,KANOPUS-V 4,+,497.0,500.0,97.35
43186,S-NET D,+,508.0,521.0,97.53
43187,S-NET B,+,508.0,521.0,97.53
43188,S-NET A,+,508.0,521.0,97.53
43189,S-NET C,+,507.0,522.0,97.53
43194,ZHANGHENG 1-01 (CSES-1),+,491.0,514.0,97.69
4320,ITOS 1 (TIROS M),-,1434.0,1478.0,101.37
4321,OSCAR 5 (AO-5),-,1433.0,1477.0,101.32
43215,PAZ,+,507.0,510.0,97.45
43229,PODSAT,+,198.0,7082.0,26.83
43236,LKW-4,+,363.0,367.0,97.64
43249,IRIDIUM 144,+,776.0,779.0,86.39
43250,IRIDIUM 149,+,776.0,779.0,86.39
43251,IRIDIUM 157,+,776.0,779.0,86.39
43252,IRIDIUM 140,+,776.0,779.0,86.39
43253,IRIDIUM 145,+,776.0,779.0,86.39
43254,IRIDIUM 146,+,776.0,779.0,86.39
43255,IRIDIUM 148,+,776.0,779.0,86.39
43256,IRIDIUM 142,+,776.0,779.0,86.39
43257,IRIDIUM 150,+,776.0,779.0,86.39
43258,IRIDIUM 143,+,776.0,779.0,86.39
43259,GAOFEN-1 02,+,638.0,643.0,98.05
43260,GAOFEN-1 03,+,639.0,642.0,98.05
43262,GAOFEN-1 04,+,640.0,641.0,98.05
4327,SERT 2,,1036.0,1045.0,99.28
43275,YAOGAN-31 01A,+,879.0,1299.0,63.39
43276,YAOGAN-31 01B,+,879.0,1299.0,63.39
43277,YAOGAN-31 01C,+,879.0,1299.0,63.4
43279,WEINA 1B,+,880.0,1299.0,63.39
4331,OPS 0054 (DMSP 5A F1),-,735.0,818.0,99.01
43437,SENTINEL-3B,+,801.0,804.0,98.62
43440,ZHUHAI-1 OVS-02,+,485.0,492.0,97.04
43441,ZHUHAI-1 OHS-02,+,479.0,492.0,97.04
43461,GAOFEN-5 01,+,690.0,692.0,98.46
43476,GRACE-FO 1,+,444.0,456.0,89.0
43477,GRACE-FO 2,+,444.0,456.0,89.0
43478,IRIDIUM 161,+,746.0,749.0,86.44
43479,IRIDIUM 152,+,776.0,779.0,86.39
43480,IRIDIUM 147,+,776.0,779.0,86.39
43481,IRIDIUM 110,+,776.0,779.0,86.39
43482,IRIDIUM 162,+,746.0,749.0,86.44
43484,GAOFEN-6,+,634.0,648.0,98.09
43485,LUOJIA-1 01,+,601.0,611.0,97.81
43529,PAKTES 1A,+,556.0,582.0,98.14
43530,PRSS-1,+,622.0,624.0,97.78
43569,IRIDIUM 160,+,776.0,779.0,86.4
43570,IRIDIUM 166,+,776.0,779.0,86.4
43571,IRIDIUM 158,+,776.0,779.0,86.4
43572,IRIDIUM 165,+,775.0,779.0,86.4
43573,IRIDIUM 155,+,776.0,779.0,86.4
43574,IRIDIUM 154,+,776.0,779.0,86.4
43575,IRIDIUM 163,+,776.0,779.0,86.4
43576,IRIDIUM 156,+,776.0,779.0,86.4
43577,IRIDIUM 164,+,776.0,779.0,86.4
43578,IRIDIUM 159,+,776.0,779.0,86.4
43585,GAOFEN-11 01,+,392.0,400.0,97.12
43609,HAIYANG-1C,+,771.0,785.0,98.51
43613,ICESAT-2,+,479.0,483.0,92.01
43618,SSTL S1-4,+,577.0,579.0,97.49
43619,NOVASAR 1,+,577.0,580.0,97.5
4362,NIMBUS 4,-,1086.0,1097.0,99.96
4363,TOPO 1,,1083.0,1086.0,99.88
43636,CENTISPACE-1 S1,+,688.0,698.0,97.87
43641,SAOCOM 1A,+,621.0,624.0,97.89
43642,YAOGAN-32 A,+,682.0,684.0,98.15
43643,YAOGAN-32 B,+,678.0,687.0,98.15
43655,HAIYANG-2B,+,965.0,968.0,99.33
43657,COSMOS 2528,+,899.0,911.0,67.15
43662,CFOSAT,+,515.0,518.0,97.36
43672,GOSAT 2 (IBUKI 1),+,615.0,617.0,97.88
43676,KHALIFASAT,+,560.0,565.0,98.09
43677,TEN-KOH,+,551.0,563.0,98.07
43678,DIWATA-2B,+,558.0,572.0,98.12
43679,STARS-AO,+,512.0,514.0,98.04
43681,AUTCUBE 2,+,529.0,541.0,98.07
43689,METOP-C,+,819.0,821.0,98.66
4369,COSMOS 332,,711.0,719.0,74.04
43711,SHIYAN-6 01 (SY-6 01),+,468.0,483.0,97.36
43717,MOHAMMED VI-B,+,638.0,639.0,97.95
43719,HYSIS,+,633.0,634.0,97.98
43751,COSMOS 2530 (RODNIK-S 16),+,1480.0,1509.0,82.52
43752,COSMOS 2531 (RODNIK-S 17),+,1482.0,1506.0,82.52
43753,COSMOS 2532 (RODNIK-S 18),+,1481.0,1507.0,82.52
43758,MINXSS-2,+,408.0,417.0,97.45
43759,SIRION PATHFINDER-2,+,514.0,528.0,97.42
43761,OBJECT D,-,537.0,555.0,97.41
43762,STPSAT-5,+,520.0,527.0,97.4
43765,HAWK-A,+,465.0,514.0,97.39
43766,SPAWAR-CAL-O,+,448.0,460.0,97.43
43767,CORVUS BC4,+,521.0,534.0,97.4
43768,AISTECHSAT 2,+,513.0,522.0,97.42
43770,FOX-1CLIFF (AO-95),+,475.0,489.0,97.43
43771,OBJECT P,-,450.0,463.0,97.42
43773,RANGE-A,+,516.0,533.0,97.39
43775,OBJECT T,-,530.0,540.0,97.42
43776,SPAWAR-CAL-R,+,534.0,563.0,97.43
43778,SPAWAR-CAL-OR,+,484.0,502.0,97.38
43779,RAAF M1,-,533.0,552.0,97.43
43782,SNUSAT-2,+,490.0,506.0,97.4
43783,KAZSTSAT,+,560.0,574.0,97.42
43784,SNUGLITE,+,478.0,483.0,97.38
43786,ITASAT,+,497.0,516.0,97.4
43790,EAGLET-I,+,517.0,535.0,97.42
43792,ESEO,+,544.0,563.0,97.39
43794,HAWK-B,+,472.0,518.0,97.39
43796,THEA,+,449.0,460.0,97.44
43797,SKYSAT-C12,+,413.0,415.0,96.93
43798,ASTROCAST 0.1,+,403.0,407.0,97.43
43799,HAWK-C,+,451.0,507.0,97.38
43800,ICEYE-X2,+,502.0,519.0,97.43
43803,JY1SAT (JO-97),+,455.0,463.0,97.41
43804,SUOMI-100,+,469.0,484.0,97.41
43806,OBJECT BA,-,511.0,523.0,97.39
43807,EUCROPIS,+,497.0,506.0,97.42
43808,POLAR SCOUT YUKON,+,440.0,449.0,97.46
43809,CENTAURI-1,+,504.0,526.0,97.42
43810,OBJECT BE,-,527.0,539.0,97.39
43811,NEXTSAT-1,+,530.0,549.0,97.4
43812,GLOBAL-2,+,536.0,542.0,97.35
43815,FALCONSAT-6,+,471.0,494.0,97.38
43819,EXCITE,+,532.0,560.0,97.39
4382,DFH 1,,422.0,1989.0,68.43
43820,SEAHAWK-1,+,488.0,501.0,97.39
4383,COSMOS 336,,1463.0,1485.0,74.03
43831,SAUDISAT 5A,+,475.0,485.0,97.3
43833,SAUDISAT 5B,+,473.0,485.0,97.31
4384,COSMOS 337,,1467.0,1552.0,74.03
4385,COSMOS 338,,1467.0,1518.0,74.03
4386,COSMOS 339,,1445.0,1468.0,74.03
4387,COSMOS 340,,1407.0,1469.0,74.03
43871,HONGYUN 1,+,1059.0,1074.0,99.75
43876,KANOPUS-V 5,+,497.0,500.0,97.35
43877,KANOPUS-V 6,+,442.0,445.0,97.37
43879,ISAT,+,321.0,332.0,97.58
4388,COSMOS 341,,1342.0,1468.0,74.03
43880,UWE-4,+,410.0,423.0,97.58
4389,COSMOS 342,,1310.0,1467.0,74.03
43890,GRUS-1A,+,566.0,575.0,97.44
43891,OBJECT R,-,438.0,466.0,97.01
4390,COSMOS 343,,1374.0,1468.0,74.03
43909,YUNHAI-2 01A,+,795.0,795.0,50.01
43910,YUNHAI-2 01B,+,792.0,798.0,50.01
43911,YUNHAI-2 01C,+,795.0,795.0,50.01
43912,YUNHAI-2 01D,+,784.0,806.0,50.01
43913,YUNHAI-2 01E,+,791.0,799.0,50.01
43914,HONGYAN 1 (CHONGQING),+,1090.0,1100.0,50.01
43915,YUNHAI-2 01F,+,790.0,800.0,50.01
43922,IRIDIUM 180,+,776.0,779.0,86.4
43923,IRIDIUM 176,+,652.0,656.0,86.61
43924,IRIDIUM 168,+,776.0,779.0,86.4
43925,IRIDIUM 173,+,776.0,779.0,86.4
43926,IRIDIUM 169,+,761.0,765.0,86.43
43927,IRIDIUM 172,+,776.0,779.0,86.4
43928,IRIDIUM 175,+,744.0,749.0,86.45
43929,IRIDIUM 171,+,776.0,779.0,86.4
43930,IRIDIUM 170,+,652.0,656.0,86.61
43931,IRIDIUM 167,+,776.0,779.0,86.4
43941,USA 290,+,400.0,415.0,73.58
43943,JILIN-1 09,+,502.0,504.0,97.47
43946,JILIN-1 10,+,480.0,493.0,97.48
44047,EGYPTSAT-A (MISRSAT-A),+,653.0,655.0,98.01
44057,ONEWEB-0012,+,1196.0,1199.0,87.91
44058,ONEWEB-0010,+,1196.0,1199.0,87.91
44059,ONEWEB-0008,+,1197.0,1199.0,87.91
44060,ONEWEB-0007,+,1200.0,1204.0,87.9
44061,ONEWEB-0006,+,1200.0,1203.0,87.9
44062,ONEWEB-0011,+,1200.0,1203.0,87.9
44072,PRISMA,+,617.0,619.0,97.88
44078,EMISAT,+,733.0,760.0,98.46
4419,METEOR 1-5,,811.0,866.0,81.22
44207,TIANHUI 2-01A,+,515.0,517.0,97.48
44209,TIANHUI 2-01B,+,515.0,517.0,97.48
44233,RISAT-2B,+,557.0,569.0,37.0
44310,BUFENG 1A,+,470.0,485.0,44.97
44311,BUFENG 1B,+,461.0,497.0,44.97
44312,JILIN-1 GAOFEN 3A,+,459.0,469.0,44.98
44314,TIANQI-3,+,438.0,451.0,45.0
44316,WT 1B,+,473.0,489.0,44.97
44322,RCM-1,+,589.0,591.0,97.76
44323,RCM-3,+,589.0,591.0,97.76
44324,RCM-2,+,589.0,591.0,97.76
44339,PROX-1,+,587.0,596.0,24.0
44340,NPSAT1,+,640.0,650.0,24.0
44341,OTB,+,694.0,710.0,24.0
44343,FORMOSAT 7-3,+,535.0,536.0,24.0
44349,FORMOSAT 7-1,+,577.0,577.0,24.0
44350,FORMOSAT 7-4,+,576.0,578.0,24.0
44351,FORMOSAT 7-2,+,577.0,577.0,24.0
44353,FORMOSAT 7-6,+,576.0,578.0,24.0
44358,FORMOSAT 7-5,+,577.0,577.0,24.0
44387,METEOR-M2 2,P,810.0,812.0,98.92
44389,ICEYE-X5,-,382.0,386.0,97.86
44390,ICEYE-X4,+,464.0,484.0,97.87
44408,MOMENTUS-X1,+,346.0,357.0,97.67
44421,COSMOS 2535,-,586.0,597.0,97.57
44424,COSMOS 2538,+,473.0,531.0,97.58
44449,YAOGAN-30 06A,+,555.0,560.0,34.99
44450,YAOGAN-30 06B,+,551.0,564.0,34.99
44451,YAOGAN-30 06C,+,557.0,558.0,34.99
44453,MERIDIAN 8,P,1347.0,39011.0,63.19
44493,ZHONGXING-18,-,166.0,21772.0,28.47
44499,GLOBAL-4,+,352.0,359.0,45.0
44517,COSMOS 2540,+,931.0,954.0,99.21
44520,KX-09,+,569.0,585.0,97.78
44528,ZY-1 02D,+,771.0,777.0,98.67
44529,BNU-1 (JINGSHI 1),+,721.0,740.0,98.61
44530,TAURUS-1 (JINNIUZUO 1),+,646.0,659.0,98.65
44536,ZHUHAI-1 03B,+,388.0,400.0,97.56
44538,ZHUHAI-1 03D,+,402.0,411.0,97.54
44539,ZHUHAI-1 03E,+,433.0,442.0,97.57
44547,YUNHAI-1 02,+,779.0,787.0,98.41
446,ANNA 1B,,1074.0,1179.0,50.14
44622,GAOFEN-10R,+,617.0,622.0,98.06
44628,ICON,-,535.0,553.0,26.98
44634,PALISADE,+,1210.0,1222.0,87.88
44703,GAOFEN-7,+,489.0,515.0,97.57
44714,STARLINK-1008,P,381.0,388.0,53.15
44718,STARLINK-1012,P,382.0,384.0,53.15
44723,STARLINK-1017,P,454.0,456.0,53.04
44725,STARLINK-1020,P,366.0,369.0,53.15
44741,STARLINK-1036,P,318.0,322.0,53.04
44744,STARLINK-1039,P,464.0,467.0,53.06
44747,STARLINK-1042,P,389.0,391.0,53.04
44748,STARLINK-1043,P,355.0,360.0,53.05
44751,STARLINK-1046,P,362.0,364.0,53.04
44752,STARLINK-1047,P,452.0,455.0,53.07
44753,STARLINK-1048,P,342.0,345.0,53.04
44768,STARLINK-1063,P,390.0,397.0,53.15
44771,STARLINK-1067,P,282.0,286.0,53.04
44772,STARLINK-1068,P,300.0,303.0,53.03
44777,JILIN-1 GAOFEN 2A,+,439.0,447.0,97.49
44779,NINGXIA-1 1,+,879.0,894.0,45.01
44780,NINGXIA-1 2,+,883.0,891.0,45.01
44781,NINGXIA-1 3,+,881.0,893.0,45.0
44782,NINGXIA-1 4,+,878.0,895.0,45.01
44783,NINGXIA-1 5,+,880.0,893.0,45.0
44785,KL-ALPHA A,+,1044.0,1057.0,88.93
44786,KL-ALPHA B,+,1032.0,1069.0,88.91
44804,CARTOSAT-3,+,501.0,515.0,97.43
44819,GAOFEN-12 01,+,626.0,629.0,97.81
44836,JILIN-1 GAOFEN 2B,+,491.0,512.0,97.48
44857,RISAT-2BR1,+,556.0,570.0,36.96
44859,IHOPSAT-TD,+,527.0,533.0,36.97
44873,CSG-1,+,622.0,624.0,97.89
44874,CHEOPS,+,680.0,693.0,98.15
44879,TIANQIN 1 (CAS-6),+,573.0,588.0,97.78
44880,ETRSS-1,+,571.0,587.0,97.78
44881,TIANYAN 01,+,600.0,617.0,97.75
44882,TIANYAN 02,+,539.0,559.0,97.79
44883,CBERS 4A,+,623.0,626.0,98.01
44884,WEILAI 1R,+,553.0,574.0,97.79
44885,FLORIPASAT-1,+,545.0,561.0,97.79
44886,SHUNTIAN ,+,573.0,589.0,97.8
44887,OBJECT J,-,582.0,599.0,97.79
44905,GONETS-M 14,+,1484.0,1505.0,82.52
44906,GONETS-M 15,+,1482.0,1507.0,82.52
44907,GONETS-M 16,+,1485.0,1504.0,82.52
44909,RS-44 & BREEZE-KM R/B,+,1175.0,1510.0,82.52
44927,STARLINK-1114,P,330.0,339.0,53.04
44930,STARLINK-1123,P,367.0,368.0,53.14
44941,STARLINK-1094,P,372.0,376.0,53.15
44949,STARLINK-1122,P,374.0,377.0,53.15
44961,STARLINK-1080,P,339.0,345.0,53.04
44968,STARLINK-1090,P,388.0,391.0,53.14
45,TRANSIT 2A,,599.0,944.0,66.69
45016,JILIN-1 KUANFU 01,+,525.0,541.0,97.5
45024,YINHE-1,+,621.0,642.0,86.39
45044,STARLINK-1132,P,356.0,359.0,53.15
45047,STARLINK-1131,P,372.0,378.0,53.15
45048,STARLINK-1134,P,365.0,374.0,53.02
45054,STARLINK-1156,P,441.0,444.0,53.15
45060,STARLINK-1166,P,344.0,346.0,53.04
45061,STARLINK-1169,P,429.0,432.0,53.15
45062,STARLINK-1171,P,305.0,311.0,53.03
45064,STARLINK-1133,P,442.0,445.0,53.15
4507,NNSS 19 (TRANSIT 19),,941.0,1194.0,90.01
45071,STARLINK-1167,P,432.0,437.0,53.15
45072,STARLINK-1168,P,440.0,443.0,53.15
45074,STARLINK-1172,P,429.0,433.0,53.15
45080,STARLINK-1153,P,432.0,437.0,53.15
45087,STARLINK-1185,P,402.0,406.0,53.15
45088,STARLINK-1183,P,442.0,445.0,53.15
45096,STARLINK-1152,P,392.0,399.0,53.03
45098,STARLINK-1184,P,512.0,516.0,53.05
45100,STARLINK-1193,P,338.0,344.0,53.04
4512,OPS 0203 (DMSP 5A F2),-,726.0,814.0,98.88
45131,ONEWEB-0013,+,1224.0,1227.0,87.85
45132,ONEWEB-0017,+,1220.0,1223.0,87.89
45133,ONEWEB-0020,+,1220.0,1223.0,87.89
45134,ONEWEB-0021,+,1220.0,1223.0,87.88
45135,ONEWEB-0022,-,1220.0,1223.0,87.89
45136,ONEWEB-0023,+,1221.0,1223.0,87.89
45137,ONEWEB-0024,+,1220.0,1223.0,87.89
45138,ONEWEB-0025,+,1221.0,1223.0,87.89
45139,ONEWEB-0026,+,1216.0,1219.0,87.89
45140,ONEWEB-0028,+,1216.0,1219.0,87.89
45141,ONEWEB-0032,+,1220.0,1223.0,87.89
45142,ONEWEB-0033,+,1220.0,1223.0,87.89
45143,ONEWEB-0035,+,1220.0,1223.0,87.89
45144,ONEWEB-0036,+,1220.0,1223.0,87.89
45145,ONEWEB-0038,+,1215.0,1220.0,87.89
45146,ONEWEB-0039,+,1220.0,1223.0,87.89
45147,ONEWEB-0040,+,1221.0,1223.0,87.89
45148,ONEWEB-0041,-,1063.0,1091.0,87.94
45149,ONEWEB-0043,+,1220.0,1223.0,87.89
45150,ONEWEB-0044,+,1220.0,1223.0,87.89
45151,ONEWEB-0045,+,1216.0,1219.0,87.89
45152,ONEWEB-0047,+,1220.0,1223.0,87.89
45153,ONEWEB-0048,+,1220.0,1223.0,87.89
45154,ONEWEB-0049,+,1221.0,1223.0,87.88
45155,ONEWEB-0051,+,1216.0,1219.0,87.89
45156,ONEWEB-0052,+,1221.0,1223.0,87.89
45157,ONEWEB-0053,+,1220.0,1223.0,87.89
45158,ONEWEB-0054,+,1220.0,1223.0,87.89
45159,ONEWEB-0056,+,1221.0,1223.0,87.89
45160,ONEWEB-0057,+,1221.0,1223.0,87.89
45161,ONEWEB-0058,+,1220.0,1223.0,87.89
45162,ONEWEB-0059,+,1220.0,1223.0,87.89
45163,ONEWEB-0062,+,1220.0,1223.0,87.89
45164,ONEWEB-0065,+,1221.0,1223.0,87.89
45183,STARLINK-1202,P,442.0,445.0,53.15
45185,STARLINK-1216,P,433.0,434.0,53.16
45187,STARLINK-1225,P,442.0,444.0,53.16
45189,STARLINK-1230,P,442.0,443.0,53.15
45190,STARLINK-1234,P,271.0,282.0,53.03
45197,STARLINK-1269,P,443.0,444.0,53.15
45198,STARLINK-1154,P,358.0,360.0,53.04
45201,STARLINK-1199,P,442.0,443.0,53.15
45206,STARLINK-1209,P,325.0,334.0,53.03
45212,STARLINK-1231,P,467.0,470.0,53.04
45217,STARLINK-1271,P,441.0,443.0,53.16
45222,STARLINK-1191,P,425.0,430.0,53.15
45223,STARLINK-1212,P,330.0,339.0,53.04
45225,STARLINK-1215,P,441.0,443.0,53.15
45227,STARLINK-1221,P,417.0,421.0,53.06
45228,STARLINK-1222,P,379.0,384.0,53.05
45229,STARLINK-1226,P,409.0,412.0,53.15
45230,STARLINK-1227,P,408.0,412.0,53.15
45235,STARLINK-1246,P,440.0,444.0,53.15
45237,STARLINK-1270,P,335.0,343.0,53.04
45360,STARLINK-1279,P,256.0,261.0,53.03
45361,STARLINK-1301,P,242.0,245.0,53.02
45366,STARLINK-1262,P,444.0,448.0,53.15
45367,STARLINK-1273,P,368.0,371.0,53.04
45368,STARLINK-1276,P,512.0,515.0,53.07
45369,STARLINK-1277,P,343.0,344.0,53.04
45370,STARLINK-1281,P,442.0,445.0,53.15
45374,STARLINK-1300,P,439.0,442.0,53.15
45375,STARLINK-1302,P,343.0,345.0,53.04
45376,STARLINK-1304,P,356.0,357.0,53.04
45377,STARLINK-1305,P,314.0,317.0,53.03
45379,STARLINK-1319,P,282.0,289.0,53.03
45383,STARLINK-1266,P,348.0,351.0,53.04
45384,STARLINK-1267,P,331.0,333.0,53.04
45386,STARLINK-1272,P,308.0,314.0,53.03
45387,STARLINK-1274,P,334.0,338.0,53.01
45389,STARLINK-1283,P,322.0,324.0,53.03
45390,STARLINK-1284,P,327.0,333.0,53.04
45395,STARLINK-1297,P,315.0,318.0,53.04
45397,STARLINK-1307,P,381.0,383.0,53.05
45399,STARLINK-1255,P,348.0,352.0,53.03
45404,STARLINK-1260,P,432.0,433.0,53.15
45405,STARLINK-1263,P,440.0,444.0,53.15
45406,STARLINK-1265,P,429.0,432.0,53.15
45408,STARLINK-1278,P,311.0,315.0,53.03
45412,STARLINK-1296,P,431.0,431.0,53.15
45414,STARLINK-1309,P,320.0,323.0,53.05
45415,STARLINK-1316,P,429.0,430.0,53.15
45417,STARLINK-1286,P,347.0,350.0,53.04
45419,STARLINK-1308,P,347.0,352.0,53.04
45424,ONEWEB-0066,+,1216.0,1219.0,87.89
45425,ONEWEB-0067,+,1216.0,1219.0,87.9
45426,ONEWEB-0080,+,1216.0,1219.0,87.9
45427,ONEWEB-0090,+,1216.0,1219.0,87.89
45428,ONEWEB-0061,+,1216.0,1219.0,87.89
45429,ONEWEB-0081,+,1216.0,1219.0,87.89
45430,ONEWEB-0069,+,1216.0,1219.0,87.89
45431,ONEWEB-0031,+,1216.0,1219.0,87.89
45432,ONEWEB-0027,+,1192.0,1195.0,87.92
45433,ONEWEB-0064,+,1216.0,1219.0,87.89
45434,ONEWEB-0018,+,1216.0,1219.0,87.89
45435,ONEWEB-0083,+,1216.0,1219.0,87.89
45436,ONEWEB-0095,+,1217.0,1219.0,87.89
45437,ONEWEB-0092,+,1216.0,1219.0,87.89
45438,ONEWEB-0085,+,1216.0,1219.0,87.89
45439,ONEWEB-0096,+,1216.0,1219.0,87.89
45440,ONEWEB-0037,+,1216.0,1219.0,87.9
45441,ONEWEB-0042,+,1216.0,1219.0,87.89
45442,ONEWEB-0098,+,1216.0,1219.0,87.89
45443,ONEWEB-0055,+,1216.0,1219.0,87.89
45444,ONEWEB-0093,+,1216.0,1219.0,87.89
45445,ONEWEB-0029,+,1216.0,1219.0,87.89
45446,ONEWEB-0068,+,1216.0,1219.0,87.89
45447,ONEWEB-0046,+,1216.0,1219.0,87.89
45448,ONEWEB-0063,+,1217.0,1219.0,87.89
45449,ONEWEB-0019,+,1216.0,1219.0,87.89
45450,ONEWEB-0094,+,1192.0,1195.0,87.92
45451,ONEWEB-0087,+,1216.0,1219.0,87.89
45452,ONEWEB-0082,+,1216.0,1219.0,87.89
45453,ONEWEB-0050,P,592.0,601.0,88.93
45454,ONEWEB-0034,+,1216.0,1219.0,87.89
45455,ONEWEB-0060,+,1216.0,1220.0,87.89
45456,ONEWEB-0086,+,1216.0,1220.0,87.89
45457,ONEWEB-0088,+,1217.0,1219.0,87.9
45460,YAOGAN-30 07A,+,555.0,561.0,34.99
45461,YAOGAN-30 07B,+,557.0,559.0,34.99
45462,YAOGAN-30 07C,+,556.0,559.0,34.99
45531,STARLINK-1329,P,310.0,314.0,53.04
45532,STARLINK-1338,P,324.0,329.0,53.04
45535,STARLINK-1350,P,441.0,442.0,53.07
45538,STARLINK-1362,P,433.0,437.0,53.15
45540,STARLINK-1368,P,433.0,435.0,53.15
45542,STARLINK-1371,P,339.0,341.0,53.04
45543,STARLINK-1372,P,431.0,434.0,53.15
45544,STARLINK-1373,P,332.0,335.0,53.04
45555,STARLINK-1327,P,322.0,328.0,53.04
45564,STARLINK-1356,P,353.0,354.0,53.04
45565,STARLINK-1357,P,328.0,338.0,53.04
45567,STARLINK-1361,P,336.0,342.0,53.04
45570,STARLINK-1376,P,430.0,432.0,53.15
45573,STARLINK-1321,P,334.0,340.0,53.04
45578,STARLINK-1331,P,336.0,341.0,53.04
45580,STARLINK-1333,P,439.0,441.0,53.15
45581,STARLINK-1335,P,434.0,437.0,53.15
45582,STARLINK-1337,P,302.0,311.0,53.04
45586,STARLINK-1347,P,333.0,340.0,53.04
45589,STARLINK-1364,P,333.0,336.0,53.04
45590,STARLINK-1365,P,352.0,353.0,53.04
45602,XINGYUN-2 01,+,524.0,536.0,97.49
45603,XINGYUN-2 02,+,522.0,539.0,97.51
45608,COSMOS 2546 (EKS 4),+,1297.0,39064.0,63.17
45610,USA 300,+,323.0,330.0,45.03
45625,GAOFEN-9 02,+,478.0,494.0,97.58
4564,COSMOS 367,,930.0,1008.0,65.28
45660,STARLINK-1443,P,450.0,452.0,53.13
45663,STARLINK-1446,P,409.0,413.0,53.02
45665,STARLINK-1448,P,312.0,321.0,53.04
45668,STARLINK-1451,P,513.0,515.0,53.05
45669,STARLINK-1452,P,364.0,364.0,53.02
45670,STARLINK-1453,P,304.0,316.0,53.03
45671,STARLINK-1454,P,318.0,326.0,53.04
45673,STARLINK-1456,P,335.0,342.0,53.04
45675,STARLINK-1458,P,349.0,353.0,53.04
45676,STARLINK-1460,P,441.0,442.0,53.16
45677,STARLINK-1392,P,429.0,431.0,53.15
45679,STARLINK-1394,P,342.0,348.0,53.04
45685,STARLINK-1402,P,352.0,358.0,53.04
45686,STARLINK-1404,P,409.0,412.0,53.15
45689,STARLINK-1413,P,442.0,444.0,53.15
45693,STARLINK-1417,P,503.0,508.0,53.05
45695,STARLINK-1420,P,323.0,333.0,53.04
45696,STARLINK-1422,P,434.0,438.0,53.15
45697,STARLINK-1351,P,343.0,351.0,53.04
45700,STARLINK-1400,P,325.0,333.0,53.04
45701,STARLINK-1403,P,445.0,447.0,53.15
45703,STARLINK-1407,P,301.0,309.0,53.02
45710,STARLINK-1423,P,330.0,340.0,53.04
45711,STARLINK-1433,P,307.0,317.0,53.04
45712,STARLINK-1434,P,443.0,447.0,53.05
45721,HAIYANG-1D,+,776.0,779.0,98.46
45723,USA 301,+,532.0,541.0,97.75
45724,USA 302,+,433.0,439.0,97.73
45725,USA 303,+,451.0,457.0,97.72
45726,ANDESITE,+,543.0,554.0,97.78
45727,M2 PATHFINDER,+,545.0,559.0,97.81
45731,STARLINK-1465,P,335.0,339.0,53.04
45735,STARLINK-1471,P,387.0,388.0,53.04
45741,STARLINK-1480,P,350.0,350.0,53.04
45744,STARLINK-1500,P,435.0,441.0,53.03
45746,STARLINK-1504,P,374.0,376.0,53.02
45747,STARLINK-1506,P,469.0,475.0,53.07
45751,STARLINK-1464,P,385.0,387.0,53.04
45754,STARLINK-1477,P,496.0,501.0,53.03
45755,STARLINK-1478,P,323.0,328.0,53.04
45759,STARLINK-1493,P,349.0,351.0,53.04
45764,STARLINK-1502,P,350.0,355.0,53.04
45772,STARLINK-1470,P,443.0,445.0,53.04
45773,STARLINK-1482,P,433.0,435.0,53.15
4578,COSMOS 371,,705.0,708.0,74.0
45780,STARLINK-1496,P,329.0,335.0,53.04
45786,STARLINK-1513,+,463.0,466.0,53.16
45794,GAOFEN-9 03,+,458.0,473.0,97.55
45856,GAOFEN DUOMO (GFDM),+,632.0,646.0,97.77
45859,SHIYAN-6 02 (SY-6 02),+,599.0,781.0,98.19
4588,COSMOS 372,,759.0,778.0,74.05
45939,ZIYUAN 3-03 (ZY 3-03),+,497.0,507.0,97.53
4594,COSMOS 374,,523.0,2025.0,62.93
4598,COSMOS 375,,554.0,1990.0,62.82
46,SOLRAD 1 (GREB),,567.0,852.0,66.69
46025,GAOFEN-9 04,+,444.0,457.0,97.24
46027,STARLINK-1522,P,517.0,519.0,53.06
46028,STARLINK-1523,+,457.0,462.0,53.16
46029,STARLINK-1526,+,470.0,472.0,53.16
46032,STARLINK-1555,+,470.0,472.0,53.16
46033,STARLINK-1556,+,470.0,471.0,53.16
46034,STARLINK-1557,+,470.0,472.0,53.16
46035,STARLINK-1558,+,470.0,472.0,53.16
46036,STARLINK-1560,+,470.0,472.0,53.16
46039,STARLINK-1569,+,470.0,472.0,53.16
46043,STARLINK-1582,+,470.0,472.0,53.16
46045,STARLINK-1591,+,470.0,472.0,53.16
46047,STARLINK-1524,+,470.0,472.0,53.16
46048,STARLINK-1527,+,470.0,472.0,53.16
46051,STARLINK-1540,+,470.0,471.0,53.16
46053,STARLINK-1543,+,470.0,471.0,53.16
46054,STARLINK-1548,+,470.0,471.0,53.16
46055,STARLINK-1554,+,470.0,471.0,53.16
46058,STARLINK-1564,+,470.0,471.0,53.16
46059,STARLINK-1570,+,470.0,471.0,53.16
46060,STARLINK-1572,+,470.0,472.0,53.16
46061,STARLINK-1573,+,470.0,471.0,53.16
46063,STARLINK-1577,+,470.0,472.0,53.16
46064,STARLINK-1583,+,470.0,472.0,53.16
46066,STARLINK-1525,P,398.0,405.0,53.05
46070,STARLINK-1536,+,470.0,472.0,53.16
46073,STARLINK-1542,+,470.0,471.0,53.16
46074,STARLINK-1549,P,453.0,455.0,53.05
46075,STARLINK-1551,+,470.0,471.0,53.16
46076,STARLINK-1552,+,470.0,472.0,53.16
46077,STARLINK-1559,P,430.0,431.0,53.02
46079,STARLINK-1566,+,470.0,471.0,53.16
46080,STARLINK-1568,P,383.0,388.0,53.06
46082,STARLINK-1578,+,470.0,471.0,53.16
46083,STARLINK-1579,+,470.0,472.0,53.16
46141,STARLINK-1596,P,352.0,357.0,53.03
46142,STARLINK-1597,P,212.0,217.0,53.02
46146,STARLINK-1608,P,436.0,438.0,53.16
46159,STARLINK-1595,P,269.0,277.0,53.03
46160,STARLINK-1598,P,286.0,296.0,53.03
46167,STARLINK-1626,P,227.0,232.0,53.02
46173,STARLINK-1640,P,264.0,271.0,53.03
46174,STARLINK-1641,P,333.0,343.0,53.04
46232,GAOFEN-9 05,+,462.0,472.0,97.2
46265,SAOCOM 1B,+,622.0,624.0,97.89
46266,GNOMES-1,+,556.0,573.0,97.8
46275,ATHENA,+,413.0,416.0,97.19
46277,NEMO-HD,+,427.0,431.0,97.19
46278,GHGSAT-C1,+,337.0,340.0,97.21
46292,3CAT-5A,-,422.0,423.0,97.23
46293,3CAT-5B,-,417.0,419.0,97.23
46320,NAPA-1,+,334.0,337.0,97.24
46329,STARLINK-1695,P,189.0,193.0,53.02
46342,STARLINK-1762,P,428.0,432.0,53.15
46348,STARLINK-1553,P,428.0,433.0,53.03
46353,STARLINK-1656,P,291.0,306.0,53.03
46355,STARLINK-1661,P,428.0,431.0,53.15
46375,STARLINK-1724,P,298.0,305.0,53.01
46383,STARLINK-1770,P,272.0,281.0,53.03
46384,STARLINK-1771,P,353.0,360.0,53.03
46396,GAOFEN-11 02,+,481.0,509.0,97.52
46457,JILIN-1 GAOFEN 3E,+,347.0,356.0,97.21
46458,JILIN-1 GAOFEN 3F,+,358.0,370.0,97.21
46459,JILIN-1 GAOFEN 3G,+,301.0,312.0,97.21
46460,JILIN-1 GAOFEN 3H,+,326.0,334.0,97.21
46469,HAIYANG-2C,+,948.0,956.0,66.0
46478,HJ-2A,+,637.0,644.0,97.88
46479,HJ-2B,+,639.0,642.0,97.89
46486,GONETS-M 17,+,1477.0,1511.0,82.5
46487,GONETS-M 18,+,1480.0,1509.0,82.5
46488,GONETS-M 19,+,1485.0,1504.0,82.5
46493,DEKART,+,443.0,457.0,97.88
46494,NORBI,+,409.0,417.0,97.86
46495,SALSAT,+,466.0,482.0,97.89
46496,ICEYE-X7,+,461.0,474.0,97.75
46497,ICEYE-X6,+,548.0,556.0,98.1
46504,NETSAT-4,+,424.0,434.0,97.86
46505,NETSAT-3,+,427.0,437.0,97.87
46506,NETSAT-1,+,454.0,462.0,97.88
46507,NETSAT-2,+,417.0,425.0,97.86
46537,STARLINK-1672,P,322.0,327.0,53.04
46553,STARLINK-1664,P,370.0,374.0,53.04
46556,STARLINK-1676,P,259.0,271.0,53.03
46562,STARLINK-1714,P,270.0,283.0,53.03
46563,STARLINK-1730,P,345.0,349.0,53.02
46674,STARLINK-1718,P,202.0,213.0,53.02
46685,STARLINK-1781,P,271.0,277.0,53.03
46698,STARLINK-1797,P,316.0,318.0,53.03
46702,STARLINK-1802,P,428.0,433.0,53.15
46705,STARLINK-1805,P,290.0,296.0,53.03
46706,STARLINK-1807,P,455.0,459.0,53.05
46709,STARLINK-1810,P,329.0,332.0,53.03
46718,STARLINK-1821,P,372.0,380.0,53.04
46725,STARLINK-1828,P,319.0,324.0,53.04
46743,STARLINK-1892,P,234.0,237.0,53.02
46782,STARLINK-1835,P,250.0,251.0,53.03
46786,STARLINK-1893,P,295.0,303.0,53.04
46794,STARLINK-1942,P,295.0,306.0,53.03
46807,YAOGAN-30 08A,+,557.0,558.0,34.99
46808,YAOGAN-30 08B,+,557.0,559.0,34.99
46809,YAOGAN-30 08C,+,553.0,563.0,35.0
46810,TIANQI-6,+,537.0,551.0,35.0
46905,RISAT-2BR2,+,553.0,572.0,36.9
46906,KSM1-C,+,481.0,484.0,36.89
46907,KSM1-D,+,488.0,491.0,36.9
46912,KSM1-A,+,484.0,487.0,36.9
46913,R2,+,482.0,492.0,36.9
46914,KSM1-B,+,487.0,492.0,36.9
46955,DRAGRACER 2 (AUGURY),+,339.0,345.0,97.57
46984,SENTINEL-6A,+,1332.0,1344.0,66.04
47122,STARLINK-1777,P,308.0,318.0,53.04
47126,STARLINK-1812,P,489.0,494.0,53.1
47135,STARLINK-1845,P,292.0,301.0,53.03
47143,STARLINK-1856,P,313.0,319.0,53.04
47157,STARLINK-1871,P,436.0,439.0,53.15
47171,STARLINK-1888,P,305.0,314.0,53.04
47178,STARLINK-1912,P,251.0,254.0,53.03
47179,STARLINK-1913,P,442.0,446.0,53.16
47226,FALCON EYE 2,+,613.0,615.0,97.85
47227,GONETS-M 20,+,1477.0,1511.0,82.5
47228,GONETS-M 21,+,1482.0,1507.0,82.49
47229,GONETS-M 22,+,1477.0,1512.0,82.5
47230,COSMOS 2548,+,1482.0,1507.0,82.5
47231,GAOFEN-14 01,+,486.0,492.0,97.47
47234,GECAM-A,+,557.0,571.0,29.0
47235,GECAM-B,+,552.0,567.0,29.0
47258,ONEWEB-0102,+,1212.0,1215.0,87.9
47259,ONEWEB-0109,+,1212.0,1215.0,87.9
47260,ONEWEB-0110,+,1212.0,1215.0,87.9
47261,ONEWEB-0111,+,1212.0,1215.0,87.9
47262,ONEWEB-0114,+,1212.0,1215.0,87.9
47263,ONEWEB-0117,+,1212.0,1215.0,87.9
47264,ONEWEB-0118,+,1213.0,1215.0,87.9
47265,ONEWEB-0119,+,1212.0,1215.0,87.9
47266,ONEWEB-0120,+,1212.0,1215.0,87.9
47267,ONEWEB-0121,+,1212.0,1215.0,87.9
47268,ONEWEB-0122,+,1212.0,1215.0,87.9
47269,ONEWEB-0123,+,1212.0,1215.0,87.9
47270,ONEWEB-0124,+,1212.0,1215.0,87.9
47271,ONEWEB-0125,+,1212.0,1215.0,87.9
47272,ONEWEB-0126,+,1212.0,1215.0,87.9
47273,ONEWEB-0127,+,1212.0,1215.0,87.9
47274,ONEWEB-0128,+,1212.0,1215.0,87.9
47275,ONEWEB-0129,+,1212.0,1215.0,87.9
47276,ONEWEB-0130,+,1212.0,1215.0,87.9
47277,ONEWEB-0131,+,1212.0,1215.0,87.9
47278,ONEWEB-0132,+,1212.0,1215.0,87.9
47279,ONEWEB-0133,+,1212.0,1215.0,87.9
47280,ONEWEB-0134,+,1212.0,1215.0,87.9
47281,ONEWEB-0135,+,1212.0,1215.0,87.9
47282,ONEWEB-0136,+,1212.0,1215.0,87.9
47283,ONEWEB-0137,+,1212.0,1215.0,87.9
47284,ONEWEB-0138,+,1212.0,1215.0,87.9
47285,ONEWEB-0139,+,1212.0,1215.0,87.9
47286,ONEWEB-0140,+,1212.0,1215.0,87.9
47287,ONEWEB-0141,+,1212.0,1215.0,87.9
47288,ONEWEB-0142,+,1213.0,1215.0,87.9
47289,ONEWEB-0143,+,1212.0,1215.0,87.9
47290,ONEWEB-0144,+,1212.0,1215.0,87.9
47291,ONEWEB-0145,+,1212.0,1215.0,87.9
47292,ONEWEB-0146,+,1212.0,1215.0,87.9
47293,ONEWEB-0147,+,1212.0,1215.0,87.9
47294,USA 312,+,417.0,425.0,53.01
47295,USA 313,+,392.0,399.0,53.0
47302,YAOGAN-33 01,+,696.0,698.0,98.03
47303,WEINA 2,+,675.0,679.0,98.04
47305,CSO 2,+,470.0,473.0,97.36
47346,GMS-T,+,1196.0,1199.0,90.13
47351,STARLINK-2017,+,468.0,470.0,53.16
47352,STARLINK-2034,+,470.0,472.0,53.16
47353,STARLINK-2045,+,470.0,472.0,53.16
47354,STARLINK-2046,+,468.0,471.0,53.16
47355,STARLINK-2047,+,470.0,472.0,53.16
47356,STARLINK-2049,+,470.0,471.0,53.16
47357,STARLINK-2050,+,470.0,471.0,53.16
47358,STARLINK-2055,+,459.0,460.0,53.16
47361,STARLINK-2071,+,470.0,471.0,53.16
47362,STARLINK-2076,P,439.0,443.0,53.16
47366,STARLINK-2081,+,470.0,471.0,53.16
47367,STARLINK-2082,+,470.0,472.0,53.16
47368,STARLINK-2084,+,470.0,472.0,53.16
47371,STARLINK-2088,+,470.0,471.0,53.16
47373,STARLINK-2092,+,470.0,472.0,53.16
47375,STARLINK-2094,+,470.0,472.0,53.16
47376,STARLINK-2096,+,470.0,472.0,53.16
47377,STARLINK-2097,+,470.0,472.0,53.16
47378,STARLINK-2098,+,470.0,471.0,53.16
47379,STARLINK-2099,+,470.0,472.0,53.16
47381,STARLINK-2101,+,470.0,471.0,53.16
47382,STARLINK-2102,+,470.0,471.0,53.16
47383,STARLINK-2103,P,444.0,445.0,53.16
47384,STARLINK-2104,+,470.0,471.0,53.16
47385,STARLINK-2105,+,470.0,472.0,53.16
47386,STARLINK-2106,+,470.0,471.0,53.16
47388,STARLINK-2109,+,466.0,468.0,53.16
47389,STARLINK-2110,+,456.0,459.0,53.16
47390,STARLINK-2111,+,470.0,471.0,53.16
47391,STARLINK-2112,+,521.0,523.0,53.07
47397,STARLINK-2119,P,445.0,448.0,53.16
47399,STARLINK-2121,+,470.0,471.0,53.16
47400,STARLINK-2122,+,470.0,471.0,53.16
47401,STARLINK-2123,+,470.0,471.0,53.16
47405,STARLINK-2130,+,470.0,472.0,53.16
47407,STARLINK-2134,+,467.0,469.0,53.16
47408,STARLINK-2135,+,467.0,469.0,53.16
47435,RIDESHARE ADAPTER,-,420.0,426.0,97.22
47448,CUBEL,+,434.0,439.0,97.23
47486,CELESTIS-17 & SHERPA-FX1,+,464.0,471.0,97.22
47502,HAWK-2C,+,456.0,464.0,97.22
47504,ION SCV-002,+,424.0,436.0,97.12
47505,HAWK-2A,+,456.0,463.0,97.23
47508,HAWK-2B,+,455.0,463.0,97.21
47509,GHGSAT-C2,+,448.0,453.0,97.21
47532,YAOGAN-31 02A,+,954.0,1225.0,63.41
47533,YAOGAN-31 02B,+,953.0,1225.0,63.41
47536,YAOGAN-31 02C,+,953.0,1225.0,63.41
47546,COSMOS 2549,+,898.0,909.0,67.15
47555,STARLINK-1954,P,423.0,426.0,53.05
47596,STARLINK-2001,P,292.0,307.0,53.03
47621,STARLINK-1609,P,401.0,402.0,53.16
47625,STARLINK-1704,P,332.0,340.0,53.04
47627,STARLINK-1972,P,324.0,335.0,53.04
47628,STARLINK-1973,+,470.0,471.0,53.16
47630,STARLINK-1983,+,468.0,469.0,53.16
47632,STARLINK-1992,+,470.0,472.0,53.16
47638,STARLINK-2015,P,440.0,441.0,53.16
47648,STARLINK-2031,+,470.0,471.0,53.16
47650,STARLINK-2033,P,392.0,400.0,53.16
47652,STARLINK-2036,P,246.0,266.0,53.15
47655,STARLINK-2039,+,463.0,466.0,53.16
47656,STARLINK-2040,+,470.0,472.0,53.16
47657,STARLINK-2041,P,212.0,228.0,53.14
47691,YAOGAN-31 03A,+,953.0,1225.0,63.4
47692,OBJECT B,-,962.0,1225.0,63.41
47693,YAOGAN-31 03B,+,952.0,1226.0,63.4
47695,YAOGAN-31 03C,+,953.0,1226.0,63.4
47699,AMAZONIA 1,+,753.0,758.0,98.43
47719,ARKTIKA-M 1,+,789.0,39567.0,63.26
47722,STARLINK-2068,+,470.0,472.0,53.16
47723,STARLINK-2107,+,458.0,459.0,53.16
47728,STARLINK-2131,P,331.0,337.0,53.06
47730,STARLINK-2140,+,469.0,473.0,53.16
47733,STARLINK-2143,+,470.0,472.0,53.16
47734,STARLINK-2144,+,470.0,472.0,53.16
47736,STARLINK-2147,P,354.0,357.0,53.07
47739,STARLINK-2150,+,470.0,472.0,53.16
47742,STARLINK-2156,+,470.0,472.0,53.16
47745,STARLINK-2159,P,267.0,275.0,53.14
47746,STARLINK-2160,P,349.0,351.0,53.15
47747,STARLINK-2161,+,470.0,472.0,53.16
47750,STARLINK-2164,+,470.0,472.0,53.16
47752,STARLINK-2169,P,273.0,281.0,53.14
47753,STARLINK-2170,+,467.0,470.0,53.16
47760,STARLINK-2178,+,470.0,472.0,53.16
47762,STARLINK-2180,P,283.0,287.0,53.15
47767,STARLINK-2185,P,314.0,319.0,53.15
47770,STARLINK-2193,+,470.0,472.0,53.16
47771,STARLINK-2194,+,470.0,472.0,53.16
47772,STARLINK-2195,+,470.0,472.0,53.16
47773,STARLINK-2196,+,447.0,448.0,53.16
47776,STARLINK-2209,P,261.0,269.0,53.14
47778,STARLINK-2211,P,362.0,364.0,53.16
47780,STARLINK-2213,+,470.0,472.0,53.16
47787,STARLINK-2257,+,470.0,472.0,53.16
47788,STARLINK-2314,P,427.0,431.0,53.15
47789,STARLINK-2315,+,470.0,471.0,53.16
47790,STARLINK-2319,+,470.0,472.0,53.16
47791,STARLINK-2322,+,446.0,448.0,53.16
47792,STARLINK-2334,+,469.0,472.0,53.16
47793,STARLINK-2338,+,470.0,472.0,53.16
47796,STARLINK-2373,P,444.0,450.0,53.15
47797,STARLINK-2377,+,470.0,472.0,53.16
47798,STARLINK-2379,+,470.0,472.0,53.16
47799,STARLINK-2380,+,470.0,472.0,53.16
47800,STARLINK-2381,+,470.0,472.0,53.16
47802,STARLINK-2383,+,470.0,471.0,53.16
47804,STARLINK-2385,+,470.0,472.0,53.16
47805,STARLINK-2386,+,482.0,488.0,53.09
47806,STARLINK-2387,+,470.0,472.0,53.16
47807,STARLINK-2388,+,470.0,471.0,53.16
47808,STARLINK-2389,+,470.0,472.0,53.16
47810,STARLINK-2391,+,470.0,472.0,53.16
47814,STARLINK-2395,+,465.0,468.0,53.16
47815,STARLINK-2396,+,470.0,472.0,53.16
47816,STARLINK-2399,+,470.0,472.0,53.16
47817,STARLINK-2400,+,470.0,471.0,53.16
47818,STARLINK-2401,P,277.0,283.0,53.03
47819,STARLINK-2402,+,470.0,472.0,53.16
47821,STARLINK-2406,+,470.0,472.0,53.16
47822,STARLINK-2407,+,470.0,472.0,53.16
47823,STARLINK-2408,+,470.0,472.0,53.16
47824,STARLINK-2409,+,469.0,473.0,53.16
47825,STARLINK-2410,+,470.0,472.0,53.16
47826,STARLINK-2411,+,469.0,472.0,53.16
47827,STARLINK-2413,+,470.0,472.0,53.16
47828,STARLINK-2415,+,470.0,472.0,53.16
4783,COSMOS 381,,958.0,1005.0,74.03
47830,STARLINK-2419,+,470.0,472.0,53.16
47831,STARLINK-2420,+,470.0,472.0,53.16
47832,STARLINK-2422,+,470.0,472.0,53.16
47833,STARLINK-2423,+,470.0,472.0,53.16
47834,STARLINK-2424,+,470.0,472.0,53.16
47836,STARLINK-2426,+,470.0,471.0,53.16
47837,STARLINK-2427,+,470.0,472.0,53.16
47838,STARLINK-2429,+,470.0,472.0,53.16
47839,STARLINK-2431,+,470.0,472.0,53.16
47840,STARLINK-2432,+,470.0,471.0,53.16
47841,STARLINK-2433,+,470.0,472.0,53.16
47843,STARLINK-2435,+,470.0,472.0,53.16
47844,STARLINK-2446,P,451.0,459.0,53.16
47845,STARLINK-2453,+,470.0,472.0,53.16
47854,YAOGAN-31 04A,+,954.0,1224.0,63.4
47856,YAOGAN-31 04B,+,954.0,1224.0,63.4
47857,YAOGAN-31 04C,+,954.0,1224.0,63.41
47861,STARLINK-2280,+,469.0,472.0,53.16
47862,STARLINK-2291,P,287.0,293.0,53.15
47870,STARLINK-2326,+,470.0,472.0,53.16
47873,STARLINK-2329,+,469.0,472.0,53.16
47874,STARLINK-2330,P,434.0,437.0,53.14
47879,STARLINK-2336,P,290.0,299.0,53.15
47884,STARLINK-2343,+,469.0,472.0,53.15
47887,STARLINK-2346,+,470.0,471.0,53.16
47894,STARLINK-2354,P,445.0,453.0,53.15
47895,STARLINK-2355,+,470.0,472.0,53.16
47896,STARLINK-2356,+,470.0,471.0,53.16
47898,STARLINK-2358,+,470.0,472.0,53.16
47901,STARLINK-2361,P,431.0,434.0,53.15
47904,STARLINK-2364,+,470.0,472.0,53.16
47907,STARLINK-2367,+,470.0,472.0,53.16
47910,STARLINK-2370,+,470.0,472.0,53.16
47911,STARLINK-2371,+,470.0,471.0,53.16
47916,STARLINK-2378,+,470.0,472.0,53.16
47919,STARLINK-2405,+,470.0,471.0,53.16
4793,NOAA 1,-,1423.0,1472.0,101.33
47932,CAS500-1,+,501.0,510.0,97.38
47933,GRUS-1C,+,560.0,581.0,97.53
47934,GRUS-1B,+,559.0,582.0,97.53
47935,GRUS-1E,+,561.0,579.0,97.53
47936,GRUS-1D,+,561.0,580.0,97.53
47945,UNISAT-7,+,434.0,446.0,97.38
47971,GLOBAL-9,+,417.0,422.0,44.98
47978,STARLINK-1647,+,470.0,471.0,53.16
47981,STARLINK-2303,+,470.0,471.0,53.16
4799,COSMOS 385,,971.0,978.0,74.02
47993,STARLINK-2273,P,318.0,329.0,53.14
47997,STARLINK-2266,+,470.0,472.0,53.16
48000,STARLINK-2270,P,423.0,424.0,53.12
48009,STARLINK-2153,+,445.0,447.0,53.16
48010,STARLINK-2226,+,470.0,472.0,53.16
48019,STARLINK-2285,+,470.0,472.0,53.16
48022,STARLINK-2298,P,337.0,345.0,53.12
48023,STARLINK-2292,P,417.0,418.0,53.11
48029,STARLINK-2299,P,267.0,282.0,53.1
48042,ONEWEB-0115,+,1208.0,1211.0,87.9
48043,ONEWEB-0152,+,1208.0,1211.0,87.9
48044,ONEWEB-0153,+,1208.0,1211.0,87.9
48045,ONEWEB-0154,+,1208.0,1211.0,87.9
48046,ONEWEB-0116,+,1208.0,1211.0,87.9
48047,ONEWEB-0150,+,1209.0,1211.0,87.9
48048,ONEWEB-0107,+,1208.0,1211.0,87.9
48049,ONEWEB-0101,+,1208.0,1211.0,87.9
48050,ONEWEB-0113,+,1207.0,1210.0,87.9
48051,ONEWEB-0112,+,1208.0,1211.0,87.9
48052,ONEWEB-0156,+,1208.0,1211.0,87.9
48053,ONEWEB-0161,+,1208.0,1211.0,87.9
48054,ONEWEB-0158,+,1208.0,1211.0,87.9
48055,ONEWEB-0157,+,1208.0,1211.0,87.9
48056,ONEWEB-0162,+,1208.0,1211.0,87.9
48057,ONEWEB-0155,+,1208.0,1211.0,87.9
48058,ONEWEB-0149,+,1208.0,1211.0,87.9
48059,ONEWEB-0148,+,1209.0,1211.0,87.9
48060,ONEWEB-0160,+,1208.0,1212.0,87.9
48061,ONEWEB-0163,+,1208.0,1211.0,87.9
48062,ONEWEB-0159,+,1208.0,1211.0,87.9
48063,ONEWEB-0164,+,1208.0,1211.0,87.9
48064,ONEWEB-0167,+,1208.0,1211.0,87.9
48065,ONEWEB-0166,+,1208.0,1211.0,87.9
48066,ONEWEB-0151,+,1208.0,1211.0,87.9
48067,ONEWEB-0170,+,1208.0,1212.0,87.9
48068,ONEWEB-0168,+,1208.0,1211.0,87.9
48069,ONEWEB-0173,+,1208.0,1211.0,87.9
48070,ONEWEB-0171,+,1208.0,1211.0,87.9
48071,ONEWEB-0172,+,1208.0,1211.0,87.9
48072,ONEWEB-0174,+,1208.0,1211.0,87.9
48073,ONEWEB-0175,+,1208.0,1211.0,87.9
48074,ONEWEB-0177,+,1208.0,1211.0,87.9
48075,ONEWEB-0178,+,1208.0,1211.0,87.9
48076,ONEWEB-0108,+,1208.0,1211.0,87.9
48077,ONEWEB-0169,+,1208.0,1211.0,87.9
48079,GAOFEN-12 02,+,624.0,632.0,98.0
48093,STARLINK-2404,+,470.0,472.0,53.16
48094,STARLINK-2412,+,469.0,472.0,53.16
48095,STARLINK-2414,+,470.0,472.0,53.16
48096,STARLINK-2417,+,470.0,472.0,53.16
48097,STARLINK-2418,+,470.0,472.0,53.16
48098,STARLINK-2421,+,441.0,443.0,53.16
48099,STARLINK-2428,+,470.0,471.0,53.16
48100,STARLINK-2430,+,470.0,471.0,53.16
48101,STARLINK-2436,+,470.0,471.0,53.16
48104,STARLINK-2439,+,470.0,472.0,53.16
48105,STARLINK-2440,+,470.0,472.0,53.16
48106,STARLINK-2442,+,470.0,472.0,53.16
48107,STARLINK-2443,+,470.0,471.0,53.16
48111,STARLINK-2448,P,413.0,415.0,53.15
48112,STARLINK-2449,+,470.0,472.0,53.16
48113,STARLINK-2450,+,470.0,472.0,53.16
48115,STARLINK-2452,+,470.0,472.0,53.16
48116,STARLINK-2454,+,470.0,472.0,53.16
48117,STARLINK-2455,+,470.0,471.0,53.16
48119,STARLINK-2459,+,470.0,471.0,53.16
48120,STARLINK-2460,P,426.0,432.0,53.16
48121,STARLINK-2462,+,470.0,472.0,53.16
48123,STARLINK-2464,+,470.0,471.0,53.16
48124,STARLINK-2465,+,470.0,472.0,53.16
48125,STARLINK-2466,+,470.0,472.0,53.16
48126,STARLINK-2467,+,470.0,472.0,53.16
48127,STARLINK-2468,+,470.0,471.0,53.16
48128,STARLINK-2469,+,444.0,445.0,53.1
48129,STARLINK-2471,+,470.0,472.0,53.16
48130,STARLINK-2472,+,470.0,472.0,53.16
48131,STARLINK-2473,+,470.0,472.0,53.16
48132,STARLINK-2474,+,470.0,472.0,53.16
48133,STARLINK-2475,+,470.0,472.0,53.16
48134,STARLINK-2476,+,470.0,472.0,53.16
48135,STARLINK-2478,+,470.0,472.0,53.16
48136,STARLINK-2479,+,470.0,472.0,53.16
48137,STARLINK-2480,+,470.0,472.0,53.16
48138,STARLINK-2481,+,470.0,472.0,53.16
48139,STARLINK-2482,+,470.0,471.0,53.16
48140,STARLINK-2483,+,470.0,472.0,53.16
48142,STARLINK-2485,+,470.0,471.0,53.16
48143,STARLINK-2486,P,429.0,429.0,53.15
48144,STARLINK-2487,+,470.0,471.0,53.16
48148,STARLINK-2491,+,470.0,472.0,53.16
48149,STARLINK-2492,+,470.0,471.0,53.16
48150,STARLINK-2493,+,470.0,472.0,53.16
48151,STARLINK-2503,+,470.0,472.0,53.16
48157,SHIYAN-6 03 (SY-6 03),+,939.0,1006.0,99.53
48210,ONEWEB-0176,+,1204.0,1207.0,87.89
48211,ONEWEB-0184,+,1204.0,1208.0,87.89
48212,ONEWEB-0179,+,451.0,950.0,87.9
48213,ONEWEB-0180,+,1205.0,1208.0,87.89
48214,ONEWEB-0218,+,1204.0,1207.0,87.89
48215,ONEWEB-0209,+,1204.0,1207.0,87.89
48216,ONEWEB-0198,+,1204.0,1207.0,87.89
48217,ONEWEB-0189,+,1204.0,1207.0,87.89
48218,ONEWEB-0196,+,1205.0,1208.0,87.89
48219,ONEWEB-0183,+,1204.0,1207.0,87.89
48220,ONEWEB-0185,+,1205.0,1207.0,87.89
48221,ONEWEB-0187,+,1204.0,1207.0,87.89
48222,ONEWEB-0192,+,1204.0,1207.0,87.89
48223,ONEWEB-0219,+,1205.0,1207.0,87.89
48224,ONEWEB-0202,+,1204.0,1208.0,87.89
48225,ONEWEB-0204,+,1204.0,1207.0,87.89
48226,ONEWEB-0205,+,1205.0,1208.0,87.89
48227,ONEWEB-0206,+,1204.0,1207.0,87.89
48228,ONEWEB-0182,+,1204.0,1207.0,87.89
48229,ONEWEB-0186,+,1204.0,1207.0,87.89
48230,ONEWEB-0181,+,1204.0,1207.0,87.89
48231,ONEWEB-0188,+,1205.0,1208.0,87.89
48232,ONEWEB-0220,+,1204.0,1207.0,87.89
48233,ONEWEB-0165,+,1204.0,1207.0,87.89
48234,ONEWEB-0199,+,1204.0,1207.0,87.89
48235,ONEWEB-0203,+,1204.0,1207.0,87.89
48236,ONEWEB-0197,+,1205.0,1207.0,87.89
48237,ONEWEB-0194,+,1204.0,1208.0,87.89
48238,ONEWEB-0193,+,1204.0,1208.0,87.89
48239,ONEWEB-0191,+,1205.0,1208.0,87.89
48240,ONEWEB-0195,+,1205.0,1208.0,87.89
48241,ONEWEB-0201,+,1205.0,1207.0,87.89
48242,ONEWEB-0207,+,1204.0,1207.0,87.89
48243,ONEWEB-0208,+,1204.0,1207.0,87.89
48244,ONEWEB-0200,+,1205.0,1207.0,87.89
48245,ONEWEB-0217,+,1205.0,1208.0,87.89
48247,USA 314,+,550.0,770.0,98.04
48268,PLEIADES NEO 3,+,623.0,625.0,97.89
48269,LEMUR-2-AMANDA-SVANTE,+,450.0,453.0,97.57
48270,AII-BRAVO,+,550.0,559.0,97.56
48271,TYVAK-182A,+,541.0,552.0,97.57
48272,NORSAT 3,+,543.0,556.0,97.53
48274,CSS (TIANHE),+,389.0,391.0,41.47
48276,STARLINK-2567,+,470.0,471.0,53.16
48277,STARLINK-2569,+,453.0,457.0,53.12
48278,STARLINK-2543,+,470.0,471.0,53.16
48280,STARLINK-2565,+,470.0,471.0,53.16
48282,STARLINK-2558,+,470.0,471.0,53.16
48283,STARLINK-2516,+,470.0,472.0,53.16
48284,STARLINK-2564,+,470.0,471.0,53.16
48286,STARLINK-2547,+,470.0,471.0,53.16
48287,STARLINK-2566,+,470.0,471.0,53.16
48289,STARLINK-2545,+,470.0,471.0,53.16
48291,STARLINK-2555,+,470.0,471.0,53.16
48292,STARLINK-2542,+,470.0,471.0,53.16
48293,STARLINK-2550,+,470.0,471.0,53.16
48294,STARLINK-2533,+,470.0,471.0,53.16
48295,STARLINK-2535,+,470.0,471.0,53.16
48298,STARLINK-2559,P,441.0,445.0,53.16
48299,STARLINK-2557,+,470.0,472.0,53.16
48300,STARLINK-2538,+,470.0,471.0,53.16
48301,STARLINK-2537,+,470.0,471.0,53.16
48303,STARLINK-2530,+,470.0,471.0,53.16
48304,STARLINK-2524,+,470.0,471.0,53.16
48305,STARLINK-2519,+,470.0,471.0,53.16
48306,STARLINK-2523,+,470.0,471.0,53.16
48309,STARLINK-2517,+,470.0,472.0,53.16
48310,STARLINK-2536,+,470.0,472.0,53.16
48311,STARLINK-2534,+,470.0,472.0,53.16
48312,STARLINK-2061,+,470.0,471.0,53.16
48314,STARLINK-2549,+,470.0,471.0,53.16
48315,STARLINK-2506,+,470.0,471.0,53.16
48316,STARLINK-2507,+,470.0,472.0,53.16
48317,STARLINK-2513,+,470.0,471.0,53.16
48318,STARLINK-2509,+,470.0,471.0,53.16
48319,STARLINK-2512,+,470.0,471.0,53.16
48320,STARLINK-2029,+,470.0,471.0,53.16
48321,STARLINK-2457,+,470.0,472.0,53.16
48323,STARLINK-2515,+,470.0,472.0,53.16
48325,STARLINK-2495,+,470.0,472.0,53.16
48326,STARLINK-2498,+,470.0,471.0,53.16
48327,STARLINK-2502,+,470.0,472.0,53.16
48328,STARLINK-2504,+,470.0,472.0,53.16
48329,STARLINK-2510,+,470.0,471.0,53.16
48330,STARLINK-2501,+,470.0,472.0,53.16
48331,STARLINK-2514,P,448.0,453.0,53.16
48333,STARLINK-2518,+,470.0,471.0,53.16
48334,STARLINK-2470,+,470.0,472.0,53.16
48340,YAOGAN-34 01,+,1055.0,1124.0,63.41
48353,STARLINK-2613,+,470.0,471.0,53.16
48354,STARLINK-2674,+,470.0,471.0,53.16
48355,STARLINK-2635,+,470.0,471.0,53.16
48356,STARLINK-2637,+,470.0,471.0,53.16
48357,STARLINK-2636,+,470.0,472.0,53.16
48358,STARLINK-2624,+,470.0,471.0,53.16
48359,STARLINK-2628,+,470.0,471.0,53.16
48360,STARLINK-2622,+,470.0,472.0,53.16
48361,STARLINK-2591,+,470.0,471.0,53.16
48362,STARLINK-2578,+,470.0,472.0,53.16
48364,STARLINK-2611,+,470.0,472.0,53.16
48365,STARLINK-2608,+,470.0,471.0,53.16
48367,STARLINK-2643,+,470.0,472.0,53.16
48368,STARLINK-2623,+,470.0,471.0,53.16
48370,STARLINK-2621,+,470.0,472.0,53.16
48371,STARLINK-2589,+,470.0,472.0,53.16
48373,STARLINK-2609,+,470.0,471.0,53.16
48374,STARLINK-2604,+,470.0,471.0,53.16
48375,STARLINK-2603,+,470.0,471.0,53.16
48376,STARLINK-2610,P,323.0,334.0,53.15
48377,STARLINK-2499,+,470.0,472.0,53.16
48378,STARLINK-2526,+,470.0,471.0,53.16
48379,STARLINK-2612,+,470.0,471.0,53.16
48380,STARLINK-2614,+,470.0,471.0,53.16
48381,STARLINK-2630,+,470.0,471.0,53.16
48382,STARLINK-2585,+,470.0,472.0,53.16
48385,STARLINK-2598,+,470.0,471.0,53.16
48386,STARLINK-2606,+,470.0,472.0,53.16
48388,STARLINK-2594,+,470.0,471.0,53.16
48390,STARLINK-2586,+,470.0,471.0,53.16
48391,STARLINK-2607,+,470.0,471.0,53.16
48392,STARLINK-2605,+,470.0,472.0,53.16
48395,STARLINK-2574,+,470.0,471.0,53.16
48396,STARLINK-2575,+,470.0,471.0,53.16
48397,STARLINK-2590,+,470.0,472.0,53.16
48398,STARLINK-2588,+,491.0,496.0,53.04
48399,STARLINK-2587,+,470.0,472.0,53.16
48400,STARLINK-2576,+,470.0,472.0,53.16
48401,STARLINK-2571,+,470.0,472.0,53.16
48404,STARLINK-2593,+,470.0,472.0,53.16
48405,STARLINK-2570,+,470.0,471.0,53.16
48406,STARLINK-2568,+,468.0,470.0,53.16
48408,STARLINK-2592,+,470.0,472.0,53.16
48410,STARLINK-2563,+,470.0,472.0,53.16
48411,STARLINK-2505,+,470.0,472.0,53.16
48412,STARLINK-2581,+,470.0,472.0,53.16
48423,YAOGAN-30 09A,+,555.0,561.0,35.0
48424,YAOGAN-30 09B,+,555.0,560.0,35.0
48425,YAOGAN-30 09C,+,556.0,559.0,35.0
48426,TIANQI-12,+,525.0,531.0,35.0
48428,STARLINK-2461,+,470.0,472.0,53.16
48431,STARLINK-2700,+,470.0,471.0,53.16
48432,STARLINK-2680,+,470.0,472.0,53.16
48433,STARLINK-2699,+,470.0,472.0,53.16
48434,STARLINK-2692,+,470.0,472.0,53.16
48435,STARLINK-2633,+,470.0,471.0,53.16
48436,STARLINK-2639,+,470.0,472.0,53.16
48437,STARLINK-2642,+,470.0,472.0,53.16
48438,STARLINK-2640,+,470.0,472.0,53.16
48439,STARLINK-2583,+,470.0,472.0,53.16
48440,STARLINK-2682,+,470.0,472.0,53.16
48441,STARLINK-2702,+,470.0,472.0,53.16
48442,STARLINK-2644,P,353.0,355.0,53.16
48443,STARLINK-2663,+,470.0,472.0,53.16
48444,STARLINK-2645,+,470.0,472.0,53.16
48445,STARLINK-2634,+,470.0,472.0,53.16
48449,STARLINK-2655,+,470.0,472.0,53.16
48452,STARLINK-2703,+,470.0,472.0,53.16
48453,STARLINK-2620,+,470.0,472.0,53.16
48454,STARLINK-2654,+,470.0,472.0,53.16
48455,STARLINK-2497,+,470.0,472.0,53.16
48458,STARLINK-2698,+,470.0,472.0,53.16
48459,STARLINK-2579,+,470.0,472.0,53.16
48462,STARLINK-2683,+,470.0,472.0,53.16
48464,STARLINK-2686,+,470.0,472.0,53.16
48465,STARLINK-2681,P,298.0,303.0,53.13
48466,STARLINK-2687,+,470.0,472.0,53.16
48467,STARLINK-2659,+,470.0,472.0,53.16
48468,STARLINK-2685,+,470.0,472.0,53.16
48469,STARLINK-2661,+,470.0,472.0,53.16
48470,STARLINK-2675,+,470.0,472.0,53.16
48471,STARLINK-2684,+,470.0,471.0,53.16
48472,STARLINK-2722,+,520.0,523.0,53.06
48473,STARLINK-2658,+,470.0,472.0,53.16
48474,STARLINK-2697,+,470.0,471.0,53.16
48478,STARLINK-2728,+,470.0,472.0,53.16
48479,STARLINK-2755,+,470.0,471.0,53.16
48481,STARLINK-2706,+,470.0,471.0,53.16
48482,STARLINK-2525,+,470.0,472.0,53.16
48483,STARLINK-2531,+,470.0,472.0,53.16
48485,STARLINK-2500,+,470.0,472.0,53.16
48487,STARLINK-2494,+,470.0,472.0,53.16
48553,STARLINK-2063,+,470.0,472.0,53.16
48554,STARLINK-2139,+,470.0,471.0,53.16
48555,STARLINK-2145,+,470.0,472.0,53.16
48556,STARLINK-2151,+,470.0,471.0,53.16
48557,STARLINK-2155,+,470.0,472.0,53.16
48558,STARLINK-2166,+,470.0,471.0,53.16
48562,STARLINK-2187,P,334.0,337.0,53.15
48563,STARLINK-2188,+,470.0,472.0,53.16
48564,STARLINK-2190,+,470.0,471.0,53.16
48566,STARLINK-2214,+,470.0,472.0,53.16
48568,STARLINK-2217,+,470.0,471.0,53.16
48569,STARLINK-2219,+,470.0,472.0,53.16
48571,STARLINK-2221,+,470.0,471.0,53.16
48572,STARLINK-2222,+,470.0,472.0,53.16
48573,STARLINK-2224,+,468.0,473.0,53.16
48574,STARLINK-2225,+,470.0,472.0,53.16
48575,STARLINK-2227,+,468.0,470.0,53.16
48576,STARLINK-2228,+,470.0,471.0,53.16
48577,STARLINK-2231,+,470.0,471.0,53.16
48578,STARLINK-2232,+,470.0,471.0,53.16
48580,STARLINK-2234,+,470.0,471.0,53.16
48581,STARLINK-2235,+,470.0,472.0,53.16
48582,STARLINK-2236,P,356.0,360.0,53.05
48583,STARLINK-2237,+,471.0,471.0,53.16
48586,STARLINK-2241,+,470.0,472.0,53.16
48589,STARLINK-2245,+,470.0,472.0,53.16
48593,STARLINK-2250,+,470.0,472.0,53.16
48594,STARLINK-2251,+,470.0,472.0,53.16
48595,STARLINK-2252,+,470.0,472.0,53.16
48596,STARLINK-2253,+,470.0,472.0,53.16
48597,STARLINK-2255,+,470.0,471.0,53.16
48602,STARLINK-2713,+,470.0,471.0,53.16
48603,STARLINK-2714,+,470.0,472.0,53.16
48604,STARLINK-2757,+,470.0,471.0,53.16
48606,TYVAK-0130,+,474.0,488.0,53.0
48621,HAIYANG-2D,+,944.0,960.0,66.0
48639,STARLINK-2739,+,470.0,471.0,53.16
48640,STARLINK-2736,+,470.0,472.0,53.16
48641,STARLINK-2754,+,469.0,472.0,53.16
48642,STARLINK-2646,+,470.0,471.0,53.16
48643,STARLINK-2704,+,470.0,471.0,53.16
48644,STARLINK-2695,+,470.0,472.0,53.16
48646,STARLINK-2732,+,470.0,471.0,53.16
48648,STARLINK-2521,+,470.0,471.0,53.16
48649,STARLINK-2673,+,470.0,471.0,53.16
48650,STARLINK-2672,+,470.0,471.0,53.16
48651,STARLINK-2731,+,470.0,471.0,53.16
48652,STARLINK-2727,P,250.0,263.0,53.03
48653,STARLINK-2720,+,470.0,471.0,53.16
48655,STARLINK-2657,+,470.0,472.0,53.16
48656,STARLINK-2701,+,470.0,471.0,53.16
48657,STARLINK-2734,+,470.0,471.0,53.16
48658,STARLINK-2647,+,470.0,472.0,53.16
48659,STARLINK-2717,+,470.0,472.0,53.16
48662,STARLINK-2726,P,470.0,471.0,53.16
48663,STARLINK-2667,+,470.0,472.0,53.16
48666,STARLINK-2666,P,470.0,472.0,53.16
48667,STARLINK-2735,P,470.0,472.0,53.16
48668,STARLINK-2738,+,470.0,471.0,53.16
48669,STARLINK-2707,+,470.0,471.0,53.16
48670,STARLINK-2763,+,470.0,471.0,53.16
48671,STARLINK-2745,P,470.0,472.0,53.16
48672,STARLINK-2705,+,470.0,471.0,53.16
48673,STARLINK-2711,+,470.0,471.0,53.16
48674,STARLINK-2712,+,470.0,472.0,53.16
48676,STARLINK-2746,+,470.0,471.0,53.16
48678,STARLINK-2615,+,470.0,471.0,53.16
48679,STARLINK-2648,+,470.0,471.0,53.16
48681,STARLINK-2725,+,470.0,471.0,53.16
48682,STARLINK-2743,+,470.0,471.0,53.16
48683,STARLINK-2756,+,470.0,471.0,53.16
48684,STARLINK-2741,+,470.0,472.0,53.16
48685,STARLINK-2751,+,470.0,471.0,53.16
48686,STARLINK-2629,+,470.0,471.0,53.16
48687,STARLINK-2627,+,470.0,471.0,53.16
48688,STARLINK-2742,+,470.0,472.0,53.16
48690,STARLINK-2740,+,470.0,471.0,53.16
48691,STARLINK-2750,+,470.0,471.0,53.16
48692,STARLINK-2752,+,470.0,472.0,53.16
48693,STARLINK-2618,+,470.0,472.0,53.16
48694,STARLINK-2748,+,470.0,471.0,53.16
48695,STARLINK-2616,+,470.0,471.0,53.16
48696,STARLINK-2753,+,468.0,469.0,53.16
48767,ONEWEB-0211,+,1197.0,1201.0,87.9
48768,ONEWEB-0223,+,1200.0,1204.0,87.9
48769,ONEWEB-0230,+,1200.0,1203.0,87.9
48770,ONEWEB-0237,+,1200.0,1203.0,87.9
48771,ONEWEB-0235,+,1200.0,1204.0,87.9
48772,ONEWEB-0242,+,1200.0,1203.0,87.9
48773,ONEWEB-0241,+,1200.0,1204.0,87.9
48774,ONEWEB-0243,+,1200.0,1204.0,87.9
48775,ONEWEB-0222,+,1200.0,1203.0,87.9
48776,ONEWEB-0244,+,1200.0,1203.0,87.9
48777,ONEWEB-0247,+,1200.0,1204.0,87.9
48778,ONEWEB-0245,+,1200.0,1203.0,87.9
48779,ONEWEB-0229,+,1200.0,1203.0,87.9
48780,ONEWEB-0228,+,1200.0,1203.0,87.9
48781,ONEWEB-0232,+,1200.0,1203.0,87.9
48782,ONEWEB-0231,+,1200.0,1203.0,87.9
48783,ONEWEB-0234,+,1201.0,1203.0,87.9
48784,ONEWEB-0238,+,1200.0,1203.0,87.9
48785,ONEWEB-0240,+,1200.0,1203.0,87.9
48786,ONEWEB-0246,+,1200.0,1203.0,87.9
48787,ONEWEB-0210,+,1200.0,1204.0,87.9
48788,ONEWEB-0214,+,1200.0,1203.0,87.9
48789,ONEWEB-0221,+,1200.0,1203.0,87.9
48790,ONEWEB-0213,+,1200.0,1204.0,87.9
48791,ONEWEB-0212,+,1200.0,1203.0,87.9
48792,ONEWEB-0227,+,1200.0,1203.0,87.9
48793,ONEWEB-0226,+,1200.0,1204.0,87.9
48794,ONEWEB-0224,+,1200.0,1203.0,87.9
48795,ONEWEB-0233,+,1200.0,1203.0,87.9
48796,ONEWEB-0190,+,1200.0,1204.0,87.9
48797,ONEWEB-0236,+,1200.0,1203.0,87.9
48798,ONEWEB-0248,+,1200.0,1204.0,87.9
48799,ONEWEB-0225,+,1200.0,1204.0,87.9
48800,ONEWEB-0215,+,1200.0,1204.0,87.9
48801,ONEWEB-0216,+,1200.0,1203.0,87.9
48802,ONEWEB-0239,+,1200.0,1204.0,87.9
48843,OBJECT D,+,490.0,499.0,97.33
48846,USA 316,+,532.0,542.0,54.99
48847,USA 317,+,418.0,441.0,54.95
48848,USA 318,+,533.0,536.0,54.98
48860,YAOGAN-30 10A,+,555.0,561.0,34.99
48861,YAOGAN-30 10B,+,554.0,561.0,34.99
48863,YAOGAN-30 10C,+,556.0,560.0,35.0
48864,TIANQI-14,+,520.0,526.0,35.0
48865,COSMOS 2550,+,459.0,470.0,67.14
48881,STARLINK-3005,+,561.0,565.0,97.29
48892,TYVAK-0173,+,616.0,630.0,96.0
48907,MANDRAKE 2 ABLE,+,391.0,399.0,97.7
48908,MANDRAKE 2 BAKER,+,376.0,383.0,97.7
48909,PACE-1,+,284.0,286.0,97.66
48915,YAM-3,+,413.0,421.0,97.7
48931,HAWK-3B,+,341.0,348.0,97.66
48948,HAWK-3C,+,340.0,348.0,97.67
48951,DEMO8 (TENZING),+,390.0,401.0,97.7
48957,HAWK-3A,+,341.0,348.0,97.67
48958,SHERPA-FX2 & TAGSAT-2,+,386.0,397.0,97.68
48964,SPARTAN,+,286.0,288.0,97.66
48967,ONEWEB-0249,+,1196.0,1199.0,87.91
48968,ONEWEB-0250,+,1161.0,1164.0,87.91
48970,ONEWEB-0252,+,1196.0,1199.0,87.91
48971,ONEWEB-0253,+,1196.0,1199.0,87.91
48972,ONEWEB-0254,+,1196.0,1199.0,87.91
48973,ONEWEB-0255,+,1196.0,1199.0,87.91
48974,ONEWEB-0256,+,1196.0,1199.0,87.91
48975,ONEWEB-0257,+,1196.0,1199.0,87.91
48976,ONEWEB-0258,+,1196.0,1199.0,87.91
48977,ONEWEB-0259,+,1196.0,1199.0,87.91
48978,ONEWEB-0260,+,1196.0,1199.0,87.9
48979,ONEWEB-0261,+,1196.0,1200.0,87.91
48980,ONEWEB-0262,+,1196.0,1199.0,87.91
48981,ONEWEB-0263,+,1196.0,1200.0,87.91
48982,ONEWEB-0264,+,1196.0,1199.0,87.91
48984,ONEWEB-0266,+,1196.0,1199.0,87.91
48985,ONEWEB-0267,+,1196.0,1199.0,87.91
48986,ONEWEB-0268,+,1196.0,1199.0,87.91
48987,ONEWEB-0269,+,1196.0,1199.0,87.91
48988,ONEWEB-0270,+,1196.0,1200.0,87.91
48989,ONEWEB-0271,+,1196.0,1200.0,87.91
48990,ONEWEB-0272,+,1196.0,1199.0,87.91
48991,ONEWEB-0273,+,1196.0,1199.0,87.91
48992,ONEWEB-0274,+,1196.0,1199.0,87.91
48993,ONEWEB-0275,+,1196.0,1199.0,87.91
48994,ONEWEB-0276,+,1196.0,1199.0,87.91
48995,ONEWEB-0277,+,1196.0,1199.0,87.91
48996,ONEWEB-0278,+,1196.0,1199.0,87.91
48997,ONEWEB-0279,+,1196.0,1200.0,87.91
48998,ONEWEB-0280,+,1196.0,1199.0,87.91
48999,ONEWEB-0281,+,1196.0,1199.0,87.91
49000,ONEWEB-0282,+,1196.0,1199.0,87.91
49001,ONEWEB-0283,+,1196.0,1199.0,87.91
49002,ONEWEB-0284,+,1196.0,1199.0,87.91
49003,JILIN-1 KUANFU-01B,+,532.0,541.0,97.52
49008,FENGYUN 3E,+,825.0,826.0,98.75
49018,NINGXIA-1 6,+,858.0,871.0,45.0
49019,NINGXIA-1 7,+,859.0,870.0,45.0
49020,NINGXIA-1 8,+,858.0,871.0,45.0
49021,NINGXIA-1 9,+,857.0,871.0,45.0
49022,NINGXIA-1 10,+,858.0,871.0,45.0
49026,YAOGAN-30 11A,+,555.0,561.0,34.99
49027,TIANQI-15,+,528.0,538.0,35.0
49028,YAOGAN-30 11B,+,557.0,559.0,34.99
49029,YAOGAN-30 11C,+,556.0,560.0,34.99
49049,TIANHUI 1-04,+,495.0,496.0,97.27
49052,MONOLITH,+,536.0,538.0,37.02
49059,KL-BETA A,+,911.0,915.0,89.01
49060,KL-BETA B,+,910.0,914.0,89.01
49070,PLEIADES NEO 4,+,623.0,625.0,97.89
49071,TIANHUI 2-02A,+,515.0,517.0,97.48
49072,TIANHUI 2-02B,+,515.0,517.0,97.48
49075,ONEWEB-0285,+,1212.0,1215.0,87.9
49076,ONEWEB-0286,+,1212.0,1215.0,87.9
49077,ONEWEB-0287,+,1193.0,1195.0,87.92
49078,ONEWEB-0288,+,1212.0,1215.0,87.9
49079,ONEWEB-0289,+,1192.0,1195.0,87.92
49080,ONEWEB-0290,+,1192.0,1195.0,87.92
49081,ONEWEB-0291,+,1193.0,1195.0,87.92
49082,ONEWEB-0293,+,1192.0,1195.0,87.92
49083,ONEWEB-0294,+,1212.0,1215.0,87.9
49084,ONEWEB-0295,+,1193.0,1195.0,87.92
49085,ONEWEB-0296,+,1213.0,1215.0,87.9
49086,ONEWEB-0297,+,1212.0,1215.0,87.9
49087,ONEWEB-0298,+,1192.0,1195.0,87.92
49088,ONEWEB-0299,+,1192.0,1195.0,87.92
49089,ONEWEB-0300,+,1212.0,1215.0,87.9
49090,ONEWEB-0301,+,1212.0,1215.0,87.9
49091,ONEWEB-0302,+,1212.0,1215.0,87.9
49092,ONEWEB-0304,+,1192.0,1195.0,87.92
49093,ONEWEB-0305,+,1193.0,1195.0,87.92
49094,ONEWEB-0308,+,1212.0,1215.0,87.9
49095,ONEWEB-0309,+,1192.0,1195.0,87.92
49096,ONEWEB-0310,+,1212.0,1215.0,87.9
49097,ONEWEB-0311,+,1193.0,1194.0,87.92
49098,ONEWEB-0312,+,1193.0,1195.0,87.92
49099,ONEWEB-0313,+,1192.0,1195.0,87.92
49100,ONEWEB-0314,+,1193.0,1195.0,87.92
49101,ONEWEB-0315,+,1212.0,1215.0,87.9
49102,ONEWEB-0316,+,1188.0,1191.0,87.92
49103,ONEWEB-0317,+,1212.0,1215.0,87.9
49104,ONEWEB-0318,+,1188.0,1191.0,87.92
49105,ONEWEB-0319,+,1192.0,1195.0,87.92
49106,ONEWEB-0323,+,1213.0,1215.0,87.9
49107,ONEWEB-0329,+,1192.0,1195.0,87.92
49108,ONEWEB-0330,+,1192.0,1195.0,87.92
49112,RSW-01,+,1089.0,1109.0,86.41
49113,PAYLOAD B,+,847.0,875.0,86.4
49114,RSW-02,+,1086.0,1111.0,86.41
49122,GAOFEN-5 02,+,699.0,702.0,98.26
49132,STARLINK-3090,+,570.0,574.0,70.0
49133,STARLINK-3077,+,569.0,575.0,70.0
49134,STARLINK-3078,+,569.0,575.0,70.0
49135,STARLINK-3073,+,570.0,575.0,70.0
49137,STARLINK-3055,+,572.0,577.0,70.0
49138,STARLINK-3058,+,570.0,574.0,70.0
49139,STARLINK-3057,+,443.0,447.0,70.0
49141,STARLINK-3093,+,569.0,575.0,70.0
49143,STARLINK-3109,+,572.0,577.0,70.0
49144,STARLINK-3100,+,569.0,575.0,70.0
49145,STARLINK-3119,+,570.0,575.0,70.0
49146,STARLINK-3116,+,572.0,577.0,70.0
49147,STARLINK-3071,+,570.0,574.0,70.0
49148,STARLINK-3048,+,572.0,577.0,70.0
49151,STARLINK-3102,+,570.0,575.0,70.0
49153,STARLINK-3072,+,570.0,574.0,70.0
49154,STARLINK-3068,+,572.0,577.0,70.0
49155,STARLINK-3060,+,570.0,574.0,70.0
49156,STARLINK-3085,+,570.0,575.0,70.0
49157,STARLINK-3051,+,543.0,550.0,70.0
49158,STARLINK-3083,P,291.0,301.0,69.95
49159,STARLINK-3056,+,570.0,574.0,70.0
49160,STARLINK-3095,+,569.0,575.0,70.0
49161,STARLINK-3080,+,570.0,575.0,70.0
49163,STARLINK-3088,+,572.0,577.0,70.0
49164,STARLINK-3106,+,570.0,575.0,70.0
49165,STARLINK-3052,+,569.0,575.0,70.0
49166,STARLINK-3089,+,572.0,577.0,70.0
49167,STARLINK-3054,+,569.0,575.0,70.0
49169,STARLINK-3046,+,570.0,574.0,70.0
49171,STARLINK-3107,P,512.0,520.0,69.99
49173,STARLINK-3045,+,570.0,574.0,70.0
49175,STARLINK-3087,+,572.0,577.0,70.0
49176,STARLINK-3069,+,325.0,330.0,70.0
49177,STARLINK-3103,+,570.0,574.0,70.0
49178,STARLINK-3086,+,570.0,574.0,70.0
49179,STARLINK-3043,+,570.0,574.0,70.0
49181,STARLINK-3059,+,569.0,575.0,70.0
49186,ONEWEB-0292,+,1208.0,1211.0,87.9
49187,ONEWEB-0303,+,1188.0,1191.0,87.92
49188,ONEWEB-0306,+,1188.0,1191.0,87.92
49189,ONEWEB-0307,+,1208.0,1211.0,87.9
49190,ONEWEB-0320,+,1188.0,1191.0,87.92
49191,ONEWEB-0321,+,1180.0,1183.0,87.91
49192,ONEWEB-0322,+,1208.0,1212.0,87.9
49193,ONEWEB-0324,+,1188.0,1191.0,87.92
49194,ONEWEB-0325,+,1188.0,1191.0,87.92
49195,ONEWEB-0326,+,1188.0,1191.0,87.92
49196,ONEWEB-0327,+,1188.0,1191.0,87.92
49197,ONEWEB-0328,+,1208.0,1211.0,87.9
49198,ONEWEB-0331,+,1188.0,1191.0,87.92
49199,ONEWEB-0333,+,1208.0,1211.0,87.9
49200,ONEWEB-0334,+,1180.0,1184.0,87.91
49201,ONEWEB-0335,+,1208.0,1211.0,87.9
49202,ONEWEB-0336,+,1208.0,1211.0,87.9
49203,ONEWEB-0337,+,1208.0,1211.0,87.9
49204,ONEWEB-0338,+,1180.0,1184.0,87.91
49205,ONEWEB-0339,+,1208.0,1212.0,87.9
49206,ONEWEB-0340,+,1188.0,1191.0,87.92
49207,ONEWEB-0341,+,1189.0,1191.0,87.92
49208,ONEWEB-0342,+,1180.0,1183.0,87.91
49209,ONEWEB-0343,+,1188.0,1191.0,87.92
49210,ONEWEB-0344,+,1209.0,1211.0,87.9
49211,ONEWEB-0345,+,1208.0,1211.0,87.9
49212,ONEWEB-0346,+,1188.0,1191.0,87.92
49213,ONEWEB-0348,+,1181.0,1183.0,87.91
49214,ONEWEB-0350,+,1208.0,1212.0,87.9
49215,ONEWEB-0351,+,1180.0,1183.0,87.91
49216,ONEWEB-0352,+,1208.0,1211.0,87.9
49217,ONEWEB-0354,+,1181.0,1183.0,87.91
49218,ONEWEB-0355,+,1208.0,1211.0,87.9
49219,ONEWEB-0357,+,1180.0,1183.0,87.91
4922,COSMOS 394,,413.0,425.0,65.82
49256,JILIN-1 GAOFEN 2D,+,511.0,555.0,97.65
49258,SHIYAN-10 01 (SY-10 01),+,1856.0,38494.0,63.13
49260,LANDSAT 9,+,702.0,703.0,98.22
49261,CS1,+,449.0,465.0,97.37
49262,CS2,+,445.0,458.0,97.38
49264,CUPID,+,477.0,493.0,97.38
49279,ONEWEB-0332,+,1204.0,1208.0,87.89
49280,ONEWEB-0347,+,1180.0,1183.0,87.91
49281,ONEWEB-0349,+,1180.0,1183.0,87.91
49282,ONEWEB-0353,+,1204.0,1208.0,87.89
49283,ONEWEB-0356,+,1180.0,1183.0,87.91
49284,ONEWEB-0358,+,1180.0,1183.0,87.92
49285,ONEWEB-0359,+,1180.0,1183.0,87.91
49286,ONEWEB-0360,+,1180.0,1183.0,87.91
49287,ONEWEB-0361,+,1180.0,1183.0,87.91
49288,ONEWEB-0362,+,1184.0,1187.0,87.91
49289,ONEWEB-0363,+,1180.0,1183.0,87.91
49290,ONEWEB-0364,+,1180.0,1183.0,87.91
49291,ONEWEB-0365,+,1184.0,1187.0,87.92
49292,ONEWEB-0366,+,1205.0,1208.0,87.89
49293,ONEWEB-0367,+,1180.0,1183.0,87.91
49294,ONEWEB-0368,+,1180.0,1184.0,87.91
49295,ONEWEB-0369,+,1184.0,1187.0,87.92
49296,ONEWEB-0370,+,1180.0,1183.0,87.91
49297,ONEWEB-0371,+,1184.0,1187.0,87.92
49298,ONEWEB-0372,+,1180.0,1183.0,87.91
49299,ONEWEB-0373,+,1180.0,1183.0,87.91
49300,ONEWEB-0374,+,1204.0,1207.0,87.89
49301,ONEWEB-0375,+,1180.0,1183.0,87.91
49302,ONEWEB-0376,+,1184.0,1187.0,87.92
49303,ONEWEB-0377,+,1180.0,1183.0,87.91
49304,ONEWEB-0378,+,1180.0,1183.0,87.91
49305,ONEWEB-0379,+,1204.0,1207.0,87.89
49306,ONEWEB-0380,+,1184.0,1187.0,87.91
49307,ONEWEB-0381,+,1180.0,1183.0,87.91
49308,ONEWEB-0382,+,1180.0,1183.0,87.91
49309,ONEWEB-0383,+,1204.0,1207.0,87.89
49310,ONEWEB-0384,+,1180.0,1183.0,87.91
49311,ONEWEB-0385,+,1180.0,1183.0,87.91
49312,ONEWEB-0386,+,1180.0,1183.0,87.91
49313,ONEWEB-0387,+,1180.0,1183.0,87.91
49314,ONEWEB-0388,+,1184.0,1187.0,87.91
49316,OBJECT B,+,500.0,519.0,97.45
49318,OBJECT D,+,884.0,902.0,97.45
49319,OBJECT E,-,358.0,367.0,97.37
49321,OBJECT G,-,306.0,309.0,97.35
49338,JILIN-1 GAOFEN 2F,+,529.0,555.0,97.68
49381,FALCONSAT-8,+,436.0,443.0,45.03
49383,YAOGAN-32 02A,+,678.0,681.0,98.26
49384,YAOGAN-32 02B,+,678.0,681.0,98.26
49387,SDGSAT 1,+,500.0,515.0,97.26
49390,YAOGAN-35 01A,+,478.0,489.0,34.99
49393,YAOGAN-35 01C,+,490.0,498.0,35.0
49396,TEIKYOSAT-4 (OORURI),+,528.0,546.0,97.37
49397,RAISE 2,+,492.0,506.0,97.32
49398,OBJECT D,-,465.0,476.0,97.32
49399,Z-SAT,+,498.0,521.0,97.33
49400,HIBARI,+,460.0,474.0,97.32
49401,DRUMS,+,492.0,513.0,97.33
49402,KOSEN-1,+,474.0,491.0,97.31
49409,STARLINK-3075,+,464.0,466.0,53.16
49410,STARLINK-3147,+,470.0,472.0,53.16
49411,STARLINK-3162,+,459.0,461.0,53.16
49413,STARLINK-3157,+,464.0,466.0,53.16
49414,STARLINK-3146,+,464.0,466.0,53.16
49415,STARLINK-3159,+,462.0,464.0,53.16
49416,STARLINK-3133,+,462.0,464.0,53.16
49417,STARLINK-3154,+,462.0,464.0,53.16
49418,STARLINK-3111,+,464.0,466.0,53.16
49419,STARLINK-3120,+,459.0,461.0,53.16
49420,STARLINK-3110,+,462.0,464.0,53.16
49421,STARLINK-3112,+,470.0,472.0,53.16
49422,STARLINK-3161,+,459.0,461.0,53.16
49424,STARLINK-3135,+,464.0,466.0,53.16
49425,STARLINK-3139,+,470.0,472.0,53.16
49426,STARLINK-3114,+,462.0,464.0,53.16
49427,STARLINK-3131,+,469.0,472.0,53.16
49428,STARLINK-3121,+,518.0,522.0,53.16
49430,STARLINK-3138,+,462.0,464.0,53.16
49431,STARLINK-3153,+,462.0,464.0,53.16
49432,STARLINK-3158,+,470.0,472.0,53.16
49433,STARLINK-3079,+,521.0,524.0,53.16
49434,STARLINK-3134,+,531.0,534.0,53.21
49435,STARLINK-3117,+,539.0,541.0,53.16
49436,STARLINK-3049,+,513.0,514.0,53.16
49437,STARLINK-3130,+,464.0,466.0,53.16
49438,STARLINK-3044,+,510.0,511.0,53.16
49440,STARLINK-3105,+,539.0,541.0,53.16
49441,STARLINK-3128,+,462.0,464.0,53.16
49442,STARLINK-3098,+,461.0,463.0,53.16
49443,STARLINK-3136,+,527.0,529.0,53.21
49444,STARLINK-3126,+,488.0,491.0,53.16
49445,STARLINK-3122,+,464.0,466.0,53.16
49446,STARLINK-3099,+,470.0,472.0,53.16
49447,STARLINK-3115,+,470.0,472.0,53.16
49449,STARLINK-3137,P,394.0,398.0,53.21
49450,STARLINK-3127,+,459.0,461.0,53.16
49451,STARLINK-3125,+,464.0,466.0,53.16
49452,STARLINK-3150,+,469.0,472.0,53.16
49453,STARLINK-3129,+,470.0,472.0,53.16
49454,STARLINK-3160,+,462.0,464.0,53.16
49455,STARLINK-3145,+,462.0,463.0,53.16
49456,STARLINK-3124,+,464.0,466.0,53.16
49457,STARLINK-3132,+,470.0,472.0,53.16
49458,STARLINK-3156,+,464.0,466.0,53.16
49459,STARLINK-3141,+,459.0,461.0,53.16
49460,STARLINK-3140,+,459.0,460.0,53.16
49469,GLOBAL-14,+,395.0,417.0,42.0
49492,GAOFEN-11 03,+,493.0,498.0,97.2
49495,GAOFEN-3 02,+,749.0,754.0,98.41
4952,TANSEI-1 (MS-T1),-,982.0,1100.0,29.67
4953,OPS 5268 (DMSP 5A F3),-,725.0,777.0,98.47
4964,COSMOS 397,,565.0,2159.0,65.73
49724,STARLINK-3219,+,470.0,472.0,53.16
49725,STARLINK-3218,+,462.0,464.0,53.16
49727,STARLINK-3242,+,459.0,460.0,53.16
49728,STARLINK-3240,+,461.0,464.0,53.16
49729,STARLINK-3251,+,470.0,472.0,53.16
49730,STARLINK-3249,+,463.0,463.0,53.16
49732,STARLINK-3246,+,470.0,472.0,53.16
49733,STARLINK-3252,+,470.0,472.0,53.16
49734,STARLINK-3238,+,470.0,472.0,53.16
49735,STARLINK-3113,+,462.0,464.0,53.16
49736,STARLINK-3148,+,459.0,461.0,53.16
49737,STARLINK-3225,+,502.0,505.0,53.16
49738,STARLINK-3143,+,526.0,529.0,53.21
49739,STARLINK-3155,+,457.0,459.0,53.16
49740,STARLINK-3226,+,470.0,472.0,53.16
49741,STARLINK-3244,+,470.0,472.0,53.16
49742,STARLINK-3202,+,459.0,460.0,53.16
49743,STARLINK-3239,+,470.0,472.0,53.16
49744,STARLINK-3231,+,470.0,471.0,53.16
49745,STARLINK-3241,+,470.0,472.0,53.16
49746,STARLINK-3233,+,490.0,493.0,53.16
49747,STARLINK-3247,+,526.0,528.0,53.16
49748,STARLINK-3248,+,490.0,491.0,53.16
49749,STARLINK-3250,+,470.0,472.0,53.16
49750,STARLINK-3236,+,470.0,471.0,53.16
49751,STARLINK-3229,+,496.0,497.0,53.16
49752,STARLINK-3209,+,462.0,464.0,53.16
49753,STARLINK-3200,+,461.0,464.0,53.16
49754,STARLINK-3193,+,464.0,466.0,53.16
49755,STARLINK-3210,+,459.0,461.0,53.16
49756,STARLINK-3207,+,462.0,464.0,53.16
49757,STARLINK-3197,+,464.0,466.0,53.16
49758,STARLINK-3194,+,462.0,463.0,53.16
49759,STARLINK-3204,+,459.0,460.0,53.16
49760,STARLINK-3199,+,462.0,463.0,53.16
49761,STARLINK-3203,+,462.0,463.0,53.16
49762,STARLINK-3195,+,462.0,464.0,53.16
49763,STARLINK-3198,+,471.0,471.0,53.16
49765,STARLINK-3227,+,470.0,472.0,53.16
49766,STARLINK-3190,+,459.0,461.0,53.16
49767,STARLINK-3192,+,462.0,463.0,53.16
49768,STARLINK-3196,+,462.0,464.0,53.16
49769,STARLINK-3208,+,470.0,472.0,53.16
49770,STARLINK-3191,+,470.0,472.0,53.16
49771,STARLINK-3201,+,459.0,461.0,53.16
49772,GLOBAL-12,+,394.0,396.0,53.19
49773,GLOBAL-13,+,421.0,423.0,53.2
49949,GLOBAL-17,+,389.0,411.0,41.99
49950,GLOBAL-16,+,398.0,417.0,42.0
49954,IXPE,+,529.0,539.0,0.23
49961,SHIJIAN-6 05A (SJ-6 05A),+,565.0,570.0,97.41
49962,SHIJIAN-6 05B (SJ-6 05B),+,528.0,531.0,97.39
5,VANGUARD 1,,653.0,3817.0,34.24
50159,STARLINK-3297,+,464.0,466.0,53.16
50161,STARLINK-3304,+,459.0,461.0,53.16
50163,STARLINK-3306,P,331.0,337.0,53.21
50165,STARLINK-3298,+,462.0,464.0,53.16
50166,STARLINK-3305,+,470.0,471.0,53.16
50167,STARLINK-3271,+,459.0,460.0,53.16
50169,STARLINK-3301,+,461.0,463.0,53.16
50170,STARLINK-3245,+,470.0,472.0,53.16
50171,STARLINK-3286,+,470.0,472.0,53.16
50172,STARLINK-3287,+,462.0,464.0,53.16
50173,STARLINK-3289,+,515.0,520.0,53.21
50174,STARLINK-3292,+,462.0,464.0,53.16
50175,STARLINK-3291,+,459.0,460.0,53.16
50176,STARLINK-3293,+,470.0,472.0,53.16
50177,STARLINK-3282,+,462.0,464.0,53.16
50179,STARLINK-3283,+,470.0,472.0,53.16
50180,STARLINK-3265,+,470.0,472.0,53.16
50181,STARLINK-3285,+,470.0,471.0,53.16
50182,STARLINK-3277,+,470.0,472.0,53.16
50183,STARLINK-3281,+,533.0,537.0,53.16
50185,STARLINK-3279,+,470.0,472.0,53.16
50186,STARLINK-3274,+,470.0,472.0,53.16
50187,STARLINK-3272,+,523.0,526.0,53.21
50189,STARLINK-3276,+,508.0,510.0,53.21
50190,STARLINK-3268,+,462.0,464.0,53.16
50191,STARLINK-3273,+,462.0,464.0,53.16
50192,STARLINK-3259,+,464.0,466.0,53.16
50193,STARLINK-3261,+,470.0,472.0,53.16
50195,STARLINK-3266,+,470.0,471.0,53.16
50197,STARLINK-3267,+,462.0,464.0,53.16
50198,STARLINK-3264,+,514.0,517.0,53.16
50199,STARLINK-3270,+,459.0,461.0,53.16
50200,STARLINK-3235,+,464.0,466.0,53.16
50202,STARLINK-3256,+,470.0,472.0,53.16
50203,STARLINK-3257,+,470.0,472.0,53.16
50204,STARLINK-3254,+,470.0,472.0,53.16
50205,STARLINK-3260,+,488.0,489.0,53.16
503,RELAY 1 (A-15),,1328.0,7429.0,47.53
50465,ZY-1 02E,+,774.0,774.0,98.44
50466,XW-3 (CAS-9),+,752.0,756.0,98.5
50469,ONEWEB-0389,+,1193.0,1195.0,87.92
50470,ONEWEB-0390,+,1192.0,1195.0,87.92
50471,ONEWEB-0391,+,1193.0,1195.0,87.92
50472,ONEWEB-0392,+,1193.0,1195.0,87.92
50473,ONEWEB-0393,+,1192.0,1195.0,87.92
50474,ONEWEB-0394,+,1188.0,1191.0,87.92
50475,ONEWEB-0395,+,1216.0,1219.0,87.89
50476,ONEWEB-0396,+,1188.0,1191.0,87.92
50477,ONEWEB-0397,+,1188.0,1191.0,87.92
50478,ONEWEB-0398,+,1216.0,1219.0,87.89
50479,ONEWEB-0399,+,1216.0,1219.0,87.89
50480,ONEWEB-0400,+,1188.0,1191.0,87.92
50481,ONEWEB-0401,+,1188.0,1191.0,87.92
50482,ONEWEB-0402,+,1188.0,1192.0,87.92
50483,ONEWEB-0403,+,1188.0,1191.0,87.92
50484,ONEWEB-0404,+,1217.0,1219.0,87.89
50485,ONEWEB-0405,+,1188.0,1191.0,87.92
50486,ONEWEB-0406,+,1189.0,1191.0,87.92
50487,ONEWEB-0407,+,1188.0,1191.0,87.92
50488,ONEWEB-0409,+,1217.0,1219.0,87.89
50489,ONEWEB-0412,+,1188.0,1191.0,87.92
50490,ONEWEB-0413,+,1188.0,1191.0,87.92
50491,ONEWEB-0414,+,1188.0,1191.0,87.92
50492,ONEWEB-0417,+,1188.0,1191.0,87.92
50493,ONEWEB-0418,+,1189.0,1191.0,87.92
50494,ONEWEB-0419,+,1189.0,1191.0,87.92
50495,ONEWEB-0420,+,1188.0,1191.0,87.92
50496,ONEWEB-0421,+,1188.0,1191.0,87.92
50497,ONEWEB-0424,+,1188.0,1191.0,87.92
50498,ONEWEB-0426,+,1188.0,1191.0,87.92
50499,ONEWEB-0427,+,1188.0,1191.0,87.92
5050,COSMOS 400,,988.0,995.0,65.83
50500,ONEWEB-0429,+,1188.0,1191.0,87.92
50501,ONEWEB-0430,+,1188.0,1191.0,87.92
50502,ONEWEB-0432,+,1188.0,1191.0,87.92
50503,ONEWEB-0440,+,1188.0,1191.0,87.92
50504,ONEWEB-0450,+,1188.0,1191.0,87.92
50572,TIANHUI 4A,+,418.0,431.0,88.97
50573,TIANHUI 4B,+,419.0,430.0,88.97
506,EXPLORER 16,,741.0,1146.0,52.0
50804,STARLINK-3323,+,462.0,463.0,53.16
50805,STARLINK-3333,+,498.0,501.0,53.15
50806,STARLINK-3335,+,462.0,464.0,53.16
50808,STARLINK-3355,+,470.0,471.0,53.16
50809,STARLINK-3232,+,470.0,472.0,53.16
50812,STARLINK-3338,+,459.0,461.0,53.16
50813,STARLINK-3349,P,409.0,412.0,53.2
50814,STARLINK-3324,+,470.0,472.0,53.16
50815,STARLINK-3234,+,470.0,472.0,53.16
50816,STARLINK-3342,+,504.0,508.0,53.21
50817,STARLINK-3341,+,459.0,461.0,53.16
50818,STARLINK-3336,+,462.0,464.0,53.16
50819,STARLINK-3327,+,464.0,466.0,53.16
50820,STARLINK-3339,+,470.0,472.0,53.16
50821,STARLINK-3346,+,470.0,472.0,53.16
50822,STARLINK-3343,+,470.0,471.0,53.16
50823,STARLINK-3334,+,464.0,466.0,53.16
50825,STARLINK-3332,+,470.0,472.0,53.16
50827,STARLINK-3329,+,462.0,464.0,53.16
50828,STARLINK-3290,+,470.0,472.0,53.16
50829,STARLINK-3294,+,465.0,466.0,53.16
50830,STARLINK-3278,+,462.0,464.0,53.16
50831,STARLINK-3299,+,468.0,470.0,53.16
50832,STARLINK-3328,+,532.0,536.0,53.17
50834,STARLINK-3331,+,464.0,466.0,53.16
50835,STARLINK-3310,+,527.0,531.0,53.21
50836,STARLINK-3330,+,470.0,472.0,53.16
50837,STARLINK-3318,+,461.0,462.0,53.16
50839,STARLINK-3320,+,470.0,471.0,53.16
50840,STARLINK-3295,+,464.0,466.0,53.16
50841,STARLINK-3300,+,464.0,466.0,53.16
50842,STARLINK-3302,+,470.0,472.0,53.16
50844,STARLINK-3326,+,460.0,464.0,53.16
50845,STARLINK-3230,+,470.0,472.0,53.16
50846,STARLINK-3308,+,470.0,472.0,53.16
50848,STARLINK-3315,+,459.0,460.0,53.16
50849,STARLINK-3311,+,462.0,463.0,53.16
50850,STARLINK-3312,+,491.0,495.0,53.15
50851,STARLINK-3314,+,464.0,466.0,53.16
50993,ION SCV-004,+,467.0,479.0,97.28
5104,ISIS 2,,1358.0,1424.0,88.17
5105,COSMOS 402,,945.0,1032.0,64.98
51053,HYPSO-1,+,326.0,327.0,97.28
51060,ETV-A1,+,436.0,445.0,97.28
51061,BRO-5,+,412.0,422.0,97.29
51102,SHIYAN-13 (SY-13),+,389.0,1257.0,98.46
51104,STARLINK-3366,+,523.0,526.0,53.19
51105,STARLINK-3350,+,459.0,460.0,53.16
51106,STARLINK-3176,+,459.0,461.0,53.16
51108,STARLINK-3362,+,459.0,461.0,53.16
51109,STARLINK-3358,+,470.0,472.0,53.16
51110,STARLINK-3344,+,459.0,460.0,53.16
51111,STARLINK-3173,+,459.0,461.0,53.16
51112,STARLINK-3374,+,464.0,466.0,53.16
51113,STARLINK-3372,+,459.0,461.0,53.16
51114,STARLINK-3375,+,470.0,472.0,53.16
51115,STARLINK-3397,+,464.0,466.0,53.16
51116,STARLINK-3243,+,470.0,472.0,53.16
51117,STARLINK-3391,+,474.0,475.0,53.16
51118,STARLINK-3394,+,462.0,464.0,53.16
51120,STARLINK-3398,+,459.0,460.0,53.16
51121,STARLINK-3399,+,539.0,541.0,53.16
51123,STARLINK-3392,+,459.0,461.0,53.16
51124,STARLINK-3389,+,475.0,478.0,53.16
51125,STARLINK-3387,+,459.0,460.0,53.16
51126,STARLINK-3386,+,470.0,472.0,53.16
51127,STARLINK-3370,+,470.0,471.0,53.16
51128,STARLINK-3400,+,493.0,495.0,53.16
51129,STARLINK-3396,+,486.0,487.0,53.16
51130,STARLINK-3395,+,482.0,484.0,53.16
51131,STARLINK-3388,+,470.0,471.0,53.16
51132,STARLINK-3393,+,479.0,482.0,53.16
51133,STARLINK-3356,+,449.0,451.0,53.16
51135,STARLINK-3363,+,459.0,461.0,53.16
51136,STARLINK-3253,+,462.0,463.0,53.16
51137,STARLINK-3180,+,462.0,464.0,53.16
51138,STARLINK-3177,+,532.0,535.0,53.17
51139,STARLINK-3172,+,464.0,466.0,53.16
51140,STARLINK-3175,+,470.0,472.0,53.16
51141,STARLINK-3179,+,462.0,464.0,53.16
51142,STARLINK-3369,P,476.0,485.0,53.22
51143,STARLINK-3184,+,462.0,464.0,53.16
51144,STARLINK-3185,+,470.0,471.0,53.16
51146,STARLINK-3354,+,462.0,464.0,53.16
51147,STARLINK-3352,P,457.0,462.0,53.19
51148,STARLINK-3359,P,517.0,519.0,53.21
51149,STARLINK-3360,+,462.0,463.0,53.16
51150,STARLINK-3357,+,459.0,461.0,53.16
51152,STARLINK-3364,+,465.0,466.0,53.16
51284,LUDI TANCE 1-01A (L-SAR 01A),+,602.0,604.0,97.81
51444,CSG-2,+,622.0,624.0,97.89
51445,USA 326,+,496.0,502.0,97.39
51461,STARLINK-3181,+,459.0,461.0,53.16
51462,STARLINK-3166,+,470.0,472.0,53.16
51463,STARLINK-3419,+,470.0,471.0,53.16
51464,STARLINK-3189,+,465.0,466.0,53.16
51465,STARLINK-3401,+,491.0,493.0,53.16
51467,STARLINK-3178,+,465.0,466.0,53.16
51468,STARLINK-3174,+,462.0,464.0,53.16
51469,STARLINK-3182,+,459.0,461.0,53.16
51472,STARLINK-3415,+,459.0,460.0,53.16
51511,COSMOS 2553,-,1993.0,2000.0,67.09
51622,ONEWEB-0410,+,1193.0,1195.0,87.92
51623,ONEWEB-0411,+,1220.0,1223.0,87.89
51624,ONEWEB-0415,+,1221.0,1223.0,87.89
51625,ONEWEB-0416,+,1221.0,1223.0,87.89
51626,ONEWEB-0422,+,1192.0,1196.0,87.92
51627,ONEWEB-0423,+,1192.0,1195.0,87.92
51628,ONEWEB-0425,+,1221.0,1223.0,87.89
51629,ONEWEB-0428,+,1220.0,1223.0,87.89
51630,ONEWEB-0431,+,1220.0,1223.0,87.89
51631,ONEWEB-0434,+,1220.0,1223.0,87.88
51632,ONEWEB-0435,+,1220.0,1223.0,87.89
51633,ONEWEB-0436,+,1192.0,1195.0,87.92
51634,ONEWEB-0438,+,1221.0,1223.0,87.89
51635,ONEWEB-0439,+,1221.0,1223.0,87.89
51636,ONEWEB-0442,+,1193.0,1195.0,87.92
51637,ONEWEB-0443,+,1192.0,1195.0,87.92
51638,ONEWEB-0444,+,1220.0,1223.0,87.89
51639,ONEWEB-0445,+,1220.0,1223.0,87.89
51640,ONEWEB-0446,+,1221.0,1223.0,87.89
51641,ONEWEB-0448,+,1220.0,1223.0,87.89
51642,ONEWEB-0449,+,1221.0,1223.0,87.89
51643,ONEWEB-0451,+,1192.0,1195.0,87.92
51644,ONEWEB-0452,+,1192.0,1195.0,87.92
51645,ONEWEB-0455,-,802.0,824.0,87.52
51646,ONEWEB-0456,+,1220.0,1223.0,87.89
51647,ONEWEB-0457,+,1221.0,1223.0,87.89
51648,ONEWEB-0458,+,1221.0,1223.0,87.89
51649,ONEWEB-0461,+,1192.0,1195.0,87.92
51650,ONEWEB-0463,+,1192.0,1195.0,87.92
51651,ONEWEB-0464,+,1220.0,1223.0,87.89
51652,ONEWEB-0468,+,1220.0,1223.0,87.89
51653,ONEWEB-0473,+,1220.0,1223.0,87.89
51654,ONEWEB-0474,+,1220.0,1223.0,87.89
51655,ONEWEB-0475,+,1192.0,1196.0,87.92
51656,EOS-4,+,527.0,529.0,97.51
51714,STARLINK-3528,+,459.0,461.0,53.16
51715,STARLINK-3533,+,470.0,471.0,53.16
51716,STARLINK-3543,+,465.0,466.0,53.16
51717,STARLINK-3445,+,470.0,471.0,53.16
51718,STARLINK-3546,+,496.0,500.0,53.19
51719,STARLINK-3540,+,464.0,466.0,53.16
51720,STARLINK-3526,+,470.0,473.0,53.16
51721,STARLINK-3524,+,470.0,472.0,53.16
51722,STARLINK-3535,+,459.0,461.0,53.16
51724,STARLINK-3529,+,465.0,466.0,53.16
51725,STARLINK-3522,+,464.0,466.0,53.16
51726,STARLINK-3527,P,524.0,526.0,53.21
51727,STARLINK-3532,+,462.0,463.0,53.16
51729,STARLINK-3523,+,461.0,463.0,53.16
51731,STARLINK-3514,+,459.0,460.0,53.16
51732,STARLINK-3518,+,462.0,464.0,53.16
51733,STARLINK-3525,+,462.0,464.0,53.16
51734,STARLINK-3450,+,462.0,463.0,53.16
51735,STARLINK-3517,+,462.0,463.0,53.16
51736,STARLINK-3447,+,470.0,471.0,53.16
51737,STARLINK-3509,+,453.0,455.0,53.16
51738,STARLINK-3515,+,470.0,471.0,53.16
51739,STARLINK-3516,+,459.0,461.0,53.16
5174,COSMOS 407,,765.0,790.0,74.05
51740,STARLINK-3500,+,459.0,461.0,53.16
51741,STARLINK-3520,+,470.0,472.0,53.16
51742,STARLINK-3521,+,462.0,463.0,53.16
51743,STARLINK-3512,+,465.0,466.0,53.16
51744,STARLINK-3452,+,465.0,466.0,53.16
51745,STARLINK-3449,+,462.0,463.0,53.16
51746,STARLINK-3502,+,470.0,472.0,53.16
51747,STARLINK-3446,+,470.0,471.0,53.16
51748,STARLINK-3501,+,462.0,463.0,53.16
51749,STARLINK-3451,+,470.0,472.0,53.16
51750,STARLINK-3505,+,470.0,472.0,53.16
51751,STARLINK-3506,+,462.0,463.0,53.16
51752,STARLINK-3511,+,470.0,472.0,53.16
51753,STARLINK-3507,+,464.0,466.0,53.16
51754,STARLINK-3457,+,462.0,463.0,53.16
51755,STARLINK-3460,+,462.0,463.0,53.16
51756,STARLINK-3513,+,464.0,466.0,53.16
51757,STARLINK-3459,+,462.0,463.0,53.16
51758,STARLINK-3458,+,459.0,460.0,53.16
51759,STARLINK-3456,+,462.0,464.0,53.16
51768,STARLINK-3622,+,459.0,460.0,53.16
51769,STARLINK-3621,+,533.0,535.0,53.22
51770,STARLINK-3612,+,465.0,466.0,53.16
51771,STARLINK-3614,+,459.0,460.0,53.16
51772,STARLINK-3623,+,460.0,461.0,53.16
51773,STARLINK-3624,+,534.0,536.0,53.19
51774,STARLINK-3629,+,490.0,492.0,53.16
51775,STARLINK-3620,P,323.0,332.0,53.22
51776,STARLINK-3608,+,459.0,460.0,53.16
51777,STARLINK-3625,+,459.0,461.0,53.16
51778,STARLINK-3615,+,459.0,460.0,53.16
51779,STARLINK-3611,+,459.0,461.0,53.16
51780,STARLINK-3617,+,462.0,463.0,53.16
51781,STARLINK-3580,+,459.0,460.0,53.16
51782,STARLINK-3616,+,462.0,464.0,53.16
51783,STARLINK-3628,+,470.0,472.0,53.16
51784,STARLINK-3632,+,462.0,464.0,53.16
51785,STARLINK-3646,+,470.0,471.0,53.16
51786,STARLINK-3638,+,462.0,464.0,53.16
51787,STARLINK-3619,+,462.0,463.0,53.16
51788,STARLINK-3641,+,462.0,464.0,53.16
51789,STARLINK-3639,+,462.0,464.0,53.16
51790,STARLINK-3631,+,534.0,536.0,53.21
51791,STARLINK-3602,+,464.0,466.0,53.16
51792,STARLINK-3626,+,465.0,466.0,53.16
51795,STARLINK-3586,+,462.0,464.0,53.16
51798,STARLINK-3634,+,462.0,464.0,53.16
51799,STARLINK-3637,+,462.0,464.0,53.16
5180,COSMOS 409,,1176.0,1210.0,74.0
51801,STARLINK-3592,+,462.0,464.0,53.16
51803,STARLINK-3544,+,462.0,463.0,53.16
51804,STARLINK-3601,+,459.0,460.0,53.16
51805,STARLINK-3605,+,464.0,466.0,53.16
51807,STARLINK-3606,+,459.0,461.0,53.16
51808,STARLINK-3609,+,459.0,460.0,53.16
51809,STARLINK-3607,+,464.0,466.0,53.16
51810,STARLINK-3613,+,459.0,461.0,53.16
51811,STARLINK-3569,+,462.0,463.0,53.16
51812,STARLINK-3610,+,459.0,460.0,53.16
51813,STARLINK-3552,+,459.0,461.0,53.16
51814,STARLINK-3599,+,459.0,460.0,53.16
51815,STARLINK-3604,+,470.0,471.0,53.16
51822,LUDI TANCE 1-01B (L-SAR 01B),+,602.0,604.0,97.81
51825,OBJECT B,-,276.0,285.0,97.34
51827,OBJECT D,-,317.0,325.0,97.36
51828,OBJECT E,-,378.0,384.0,97.38
51832,OBJECT J,-,498.0,510.0,97.34
51843,OBJECT V,-,383.0,388.0,97.35
51852,STARLINK-3542,+,462.0,463.0,53.16
51854,STARLINK-3541,P,501.0,504.0,53.21
51855,STARLINK-3545,+,462.0,464.0,53.16
51856,STARLINK-3568,+,469.0,472.0,53.16
51857,STARLINK-3571,+,470.0,471.0,53.16
51858,STARLINK-3563,+,462.0,464.0,53.16
51859,STARLINK-3560,+,470.0,471.0,53.16
51860,STARLINK-3559,+,459.0,460.0,53.16
51861,STARLINK-3562,+,462.0,464.0,53.16
51862,STARLINK-3508,+,462.0,464.0,53.16
51863,STARLINK-3555,+,459.0,461.0,53.16
51864,STARLINK-3548,+,459.0,460.0,53.16
51865,STARLINK-3503,+,459.0,460.0,53.16
51866,STARLINK-3553,+,465.0,466.0,53.16
51867,STARLINK-3590,+,459.0,460.0,53.16
51868,STARLINK-3578,+,459.0,461.0,53.16
51869,STARLINK-3588,+,464.0,466.0,53.16
51870,STARLINK-3591,+,459.0,461.0,53.16
51871,STARLINK-3567,+,462.0,463.0,53.16
51872,STARLINK-3554,+,459.0,461.0,53.16
51873,STARLINK-3582,P,485.0,492.0,53.2
51874,STARLINK-3574,+,459.0,460.0,53.16
51875,STARLINK-3585,+,459.0,460.0,53.16
51876,STARLINK-3583,+,459.0,460.0,53.16
51877,STARLINK-3556,+,462.0,463.0,53.16
51878,STARLINK-3575,+,459.0,460.0,53.16
51879,STARLINK-3572,+,462.0,464.0,53.16
51880,STARLINK-3566,+,493.0,495.0,53.16
51881,STARLINK-3504,+,462.0,463.0,53.16
51882,STARLINK-3570,+,470.0,471.0,53.16
51883,STARLINK-3576,+,462.0,463.0,53.16
51884,STARLINK-3577,+,462.0,464.0,53.16
51885,STARLINK-3584,+,464.0,466.0,53.16
51886,STARLINK-3565,+,533.0,534.0,53.18
51887,STARLINK-3551,+,462.0,464.0,53.16
51888,STARLINK-3536,+,465.0,466.0,53.16
51889,STARLINK-3547,+,462.0,463.0,53.16
51891,STARLINK-3549,+,462.0,464.0,53.16
51892,STARLINK-3587,+,462.0,463.0,53.16
51893,STARLINK-3579,+,532.0,533.0,53.22
51894,STARLINK-3595,+,462.0,463.0,53.16
51895,STARLINK-3594,+,462.0,463.0,53.16
51896,STARLINK-3593,+,464.0,466.0,53.16
51897,STARLINK-3598,+,462.0,464.0,53.16
51898,STARLINK-3597,+,462.0,464.0,53.16
51946,OBJECT A,+,433.0,591.0,63.48
51947,OBJECT B,+,437.0,587.0,63.48
51948,OBJECT C,+,435.0,589.0,63.49
51949,OBJECT D,+,421.0,604.0,63.45
51950,OBJECT E,+,926.0,1172.0,63.46
51951,OBJECT F,+,420.0,604.0,63.45
51956,STARLINK-3700,+,470.0,471.0,53.16
51957,STARLINK-3694,+,470.0,472.0,53.16
51958,STARLINK-3692,+,470.0,471.0,53.16
51959,STARLINK-3704,+,470.0,472.0,53.16
51960,STARLINK-3691,+,470.0,472.0,53.16
51962,STARLINK-3697,+,470.0,471.0,53.16
51963,STARLINK-3675,+,470.0,471.0,53.16
51964,STARLINK-3690,+,470.0,471.0,53.16
51965,STARLINK-3696,+,470.0,472.0,53.16
51966,STARLINK-3699,+,470.0,472.0,53.16
51968,STARLINK-3681,+,470.0,471.0,53.16
51969,STARLINK-3680,+,470.0,471.0,53.16
51970,STARLINK-3677,+,470.0,472.0,53.16
51971,STARLINK-3669,+,470.0,471.0,53.16
51972,STARLINK-3671,+,470.0,472.0,53.16
51973,STARLINK-3679,+,470.0,472.0,53.16
51974,STARLINK-3672,+,470.0,471.0,53.16
51975,STARLINK-3674,+,470.0,471.0,53.16
51977,STARLINK-3660,+,470.0,472.0,53.16
51980,STARLINK-3649,+,459.0,460.0,53.16
51981,STARLINK-3635,+,468.0,470.0,53.16
51983,STARLINK-3655,+,459.0,461.0,53.16
51984,STARLINK-3664,+,459.0,460.0,53.16
51985,STARLINK-3651,+,470.0,471.0,53.16
51986,STARLINK-3645,+,459.0,460.0,53.16
51987,STARLINK-3644,+,462.0,464.0,53.16
51988,STARLINK-3640,+,470.0,471.0,53.16
51989,STARLINK-3642,+,462.0,463.0,53.16
51990,STARLINK-3657,+,458.0,461.0,53.16
51991,STARLINK-3652,+,462.0,464.0,53.16
51992,STARLINK-3643,+,461.0,463.0,53.16
51993,STARLINK-3648,+,459.0,460.0,53.16
51994,STARLINK-3647,+,459.0,460.0,53.16
51995,STARLINK-3636,+,470.0,472.0,53.16
51996,STARLINK-3538,+,464.0,466.0,53.16
51997,STARLINK-3589,+,462.0,463.0,53.16
51998,STARLINK-3618,+,462.0,463.0,53.16
52000,STARLINK-3653,+,459.0,460.0,53.16
52001,STARLINK-3659,+,459.0,461.0,53.16
52002,STARLINK-3668,+,459.0,460.0,53.16
52084,YAOGAN-34 02,+,1046.0,1132.0,63.4
52090,STARLINK-3712,+,464.0,466.0,53.16
52092,STARLINK-3716,+,486.0,488.0,53.16
52093,STARLINK-3673,+,462.0,464.0,53.16
52094,STARLINK-3714,+,462.0,464.0,53.16
52095,STARLINK-3701,+,462.0,464.0,53.16
52096,STARLINK-3717,+,464.0,466.0,53.16
52098,STARLINK-3665,+,459.0,461.0,53.16
5210,COSMOS 411,,1315.0,1490.0,74.01
52100,STARLINK-3702,+,462.0,464.0,53.16
52101,STARLINK-3703,+,459.0,461.0,53.16
52102,STARLINK-3709,+,464.0,466.0,53.16
52103,STARLINK-3705,+,462.0,464.0,53.16
52105,STARLINK-3706,+,462.0,464.0,53.16
52106,STARLINK-3670,+,462.0,463.0,53.16
52107,STARLINK-3658,+,459.0,461.0,53.16
52108,STARLINK-3698,+,464.0,466.0,53.16
5211,COSMOS 412,,1479.0,1535.0,74.02
52110,STARLINK-3687,+,464.0,466.0,53.16
52111,STARLINK-3708,+,462.0,464.0,53.16
52112,STARLINK-3734,P,485.0,487.0,53.2
52113,STARLINK-3736,+,464.0,466.0,53.16
52114,STARLINK-3737,+,462.0,463.0,53.16
52115,STARLINK-3685,+,462.0,464.0,53.16
52116,STARLINK-3735,+,462.0,464.0,53.16
52117,STARLINK-3738,+,462.0,463.0,53.16
52118,STARLINK-3743,+,462.0,463.0,53.16
52119,STARLINK-3558,+,462.0,464.0,53.16
5212,COSMOS 413,,1474.0,1507.0,74.02
52120,STARLINK-3534,+,462.0,464.0,53.16
52121,STARLINK-3678,+,482.0,484.0,53.16
52122,STARLINK-3726,+,464.0,466.0,53.16
52123,STARLINK-3725,+,514.0,515.0,53.16
52125,STARLINK-3727,+,511.0,515.0,53.16
52126,STARLINK-3732,+,511.0,514.0,53.16
52127,STARLINK-3715,+,481.0,482.0,53.16
52129,STARLINK-3661,+,525.0,527.0,53.16
5213,COSMOS 414,,1426.0,1493.0,74.02
52131,STARLINK-3711,P,500.0,504.0,53.22
52132,STARLINK-3718,+,477.0,479.0,53.16
52133,STARLINK-3707,+,472.0,474.0,53.16
52134,STARLINK-3721,+,470.0,472.0,53.16
52136,STARLINK-3720,+,494.0,496.0,53.16
52137,STARLINK-3733,+,511.0,512.0,53.16
52138,STARLINK-3723,+,515.0,516.0,53.16
52139,STARLINK-3730,+,462.0,463.0,53.16
5214,COSMOS 415,,1450.0,1500.0,74.02
52140,STARLINK-3682,+,479.0,480.0,53.16
5215,COSMOS 416,,1370.0,1492.0,74.02
52150,TK-2,+,546.0,564.0,97.83
52151,PUJIANG 2 (PJ-2),+,576.0,592.0,97.86
52153,TIANPING 2A,+,569.0,581.0,97.58
52155,TIANPING 2B,+,547.0,575.0,97.58
52156,TIANPING 2C,+,527.0,534.0,97.58
52157,OMNI-L1,+,615.0,625.0,97.84
52158,GNOMES-3,+,604.0,621.0,97.82
52159,ENMAP,+,644.0,646.0,97.98
5216,COSMOS 417,,1343.0,1491.0,74.02
52161,ARCSAT-1,+,400.0,404.0,97.27
5217,COSMOS 418,,1399.0,1492.0,74.02
52184,NUSAT-26 (M SOMERVILLE),+,429.0,436.0,97.23
52196,GLOBAL-18,+,417.0,424.0,52.98
52200,GAOFEN-3 03,+,750.0,752.0,98.41
52202,COSMOS 2554,+,902.0,909.0,67.14
52257,DAQI-1,+,697.0,704.0,98.15
52259,USA 327,+,1098.0,1113.0,63.44
52262,STARLINK-3761,+,476.0,477.0,53.16
52263,STARLINK-3786,+,476.0,477.0,53.17
52264,STARLINK-3795,+,462.0,464.0,53.16
52265,STARLINK-3740,+,459.0,460.0,53.16
52266,STARLINK-3739,+,531.0,535.0,53.21
52267,STARLINK-3748,+,459.0,460.0,53.16
52268,STARLINK-3746,+,462.0,464.0,53.16
52269,STARLINK-3791,+,497.0,498.0,53.16
52270,STARLINK-3804,+,480.0,482.0,53.16
52271,STARLINK-3788,+,484.0,488.0,53.16
52272,STARLINK-3781,+,470.0,471.0,53.16
52273,STARLINK-3782,+,470.0,472.0,53.16
52274,STARLINK-3790,+,470.0,472.0,53.16
52275,STARLINK-3784,+,481.0,483.0,53.16
52276,STARLINK-3778,+,479.0,482.0,53.16
52278,STARLINK-3780,+,488.0,489.0,53.16
52280,STARLINK-3764,+,470.0,472.0,53.16
52281,STARLINK-3779,+,480.0,481.0,53.16
52282,STARLINK-3783,+,464.0,466.0,53.16
52283,STARLINK-3789,+,479.0,481.0,53.16
52284,STARLINK-3561,+,462.0,463.0,53.16
52286,STARLINK-3802,+,462.0,464.0,53.16
52287,STARLINK-3822,+,470.0,472.0,53.16
52288,STARLINK-3776,+,462.0,464.0,53.16
52289,STARLINK-3751,+,470.0,472.0,53.16
52290,STARLINK-3772,+,459.0,460.0,53.16
52292,STARLINK-3753,+,462.0,464.0,53.16
52293,STARLINK-3771,+,462.0,464.0,53.16
52294,STARLINK-3777,+,464.0,466.0,53.16
52295,STARLINK-3765,+,379.0,380.0,53.16
52296,STARLINK-3766,+,462.0,464.0,53.16
52297,STARLINK-3758,+,464.0,466.0,53.16
52298,STARLINK-3760,+,462.0,463.0,53.16
52300,STARLINK-3769,+,462.0,464.0,53.16
52301,STARLINK-3768,+,465.0,466.0,53.16
52302,STARLINK-3564,+,470.0,471.0,53.16
52303,STARLINK-3742,+,464.0,466.0,53.16
52304,STARLINK-3744,+,462.0,463.0,53.16
52305,STARLINK-3724,+,464.0,466.0,53.16
52306,STARLINK-3747,+,459.0,460.0,53.16
52307,STARLINK-3755,+,462.0,463.0,53.16
52309,STARLINK-3756,+,470.0,471.0,53.16
52310,STARLINK-3688,+,470.0,472.0,53.16
52311,STARLINK-3750,+,465.0,466.0,53.16
52312,STARLINK-3752,+,462.0,464.0,53.16
52313,STARLINK-3749,+,464.0,466.0,53.16
52320,SUPERVIEW NEO-1 01,+,513.0,517.0,97.34
52322,SUPERVIEW NEO-1 02,+,513.0,517.0,97.34
52331,STARLINK-3889,+,539.0,541.0,53.16
52332,STARLINK-3831,+,539.0,541.0,53.16
52333,STARLINK-3847,+,470.0,472.0,53.16
52334,STARLINK-3880,+,539.0,541.0,53.16
52335,STARLINK-3814,+,539.0,541.0,53.16
52336,STARLINK-3823,+,464.0,466.0,53.16
52337,STARLINK-3797,+,539.0,541.0,53.16
52339,STARLINK-3792,+,539.0,541.0,53.16
52340,STARLINK-3818,+,462.0,463.0,53.16
52341,STARLINK-3843,+,539.0,541.0,53.16
52342,STARLINK-3850,+,462.0,464.0,53.16
52343,STARLINK-3849,+,539.0,541.0,53.16
52344,STARLINK-3851,+,459.0,461.0,53.16
52345,STARLINK-3852,+,470.0,472.0,53.16
52346,STARLINK-3812,+,470.0,472.0,53.16
52347,STARLINK-3826,+,464.0,466.0,53.16
52348,STARLINK-3829,+,459.0,460.0,53.16
52349,STARLINK-3819,+,459.0,461.0,53.16
52350,STARLINK-3754,+,462.0,464.0,53.16
52352,STARLINK-3838,+,459.0,461.0,53.16
52353,STARLINK-3807,+,464.0,466.0,53.16
52355,STARLINK-3877,+,459.0,461.0,53.16
52356,STARLINK-3801,+,462.0,464.0,53.16
52357,STARLINK-3821,+,462.0,464.0,53.16
52358,STARLINK-3837,+,462.0,464.0,53.16
52359,STARLINK-3853,+,470.0,472.0,53.16
52361,STARLINK-3728,+,459.0,461.0,53.16
52362,STARLINK-3848,+,470.0,472.0,53.16
52363,STARLINK-3830,+,462.0,464.0,53.16
52364,STARLINK-3820,+,465.0,466.0,53.16
52365,STARLINK-3874,+,459.0,461.0,53.16
52366,STARLINK-3808,+,462.0,464.0,53.16
52367,STARLINK-3817,+,464.0,466.0,53.16
52368,STARLINK-3834,+,462.0,464.0,53.16
52369,STARLINK-3841,+,459.0,461.0,53.16
52370,STARLINK-3827,+,464.0,466.0,53.16
52371,STARLINK-3798,+,470.0,472.0,53.16
52372,STARLINK-3796,+,462.0,464.0,53.16
52373,STARLINK-3550,+,462.0,464.0,53.16
52374,STARLINK-3762,+,462.0,464.0,53.16
52375,STARLINK-3785,+,462.0,464.0,53.16
52377,STARLINK-3805,+,462.0,464.0,53.16
52378,STARLINK-3806,+,462.0,464.0,53.16
52379,STARLINK-3800,+,470.0,472.0,53.16
5238,COSMOS 422,,981.0,1002.0,74.02
52380,STARLINK-3793,+,462.0,463.0,53.16
52382,STARLINK-3799,P,420.0,422.0,53.21
52383,STARLINK-3811,+,464.0,466.0,53.16
52422,BRO-6,+,397.0,405.0,97.34
52443,JILIN-1 KUANFU 01C,+,523.0,551.0,97.52
52444,JILIN-1 GAOFEN 3D27,+,256.0,266.0,97.58
52446,JILIN-1 GAOFEN 3D29,+,255.0,264.0,97.57
52452,STARLINK-3909,+,522.0,523.0,53.16
52453,STARLINK-3872,+,510.0,513.0,53.16
52454,STARLINK-3888,+,515.0,518.0,53.16
52455,STARLINK-3890,+,514.0,517.0,53.16
52456,STARLINK-3896,+,477.0,478.0,53.16
52457,STARLINK-3899,+,510.0,512.0,53.16
52458,STARLINK-3898,+,513.0,515.0,53.16
52459,STARLINK-3856,+,464.0,466.0,53.16
52461,STARLINK-3900,+,464.0,466.0,53.16
52462,STARLINK-3903,+,459.0,460.0,53.16
52463,STARLINK-3885,+,465.0,466.0,53.16
52464,STARLINK-3904,+,459.0,460.0,53.16
52465,STARLINK-3863,+,459.0,460.0,53.16
52467,STARLINK-3873,+,459.0,460.0,53.16
52468,STARLINK-3864,+,464.0,466.0,53.16
52469,STARLINK-3828,+,465.0,466.0,53.16
52470,STARLINK-3859,+,462.0,464.0,53.16
52471,STARLINK-3862,+,470.0,472.0,53.16
52472,STARLINK-3881,+,464.0,466.0,53.16
52473,STARLINK-3879,+,464.0,466.0,53.16
52475,STARLINK-3882,+,459.0,461.0,53.16
52476,STARLINK-3835,+,459.0,460.0,53.16
52477,STARLINK-3860,+,462.0,463.0,53.16
52478,STARLINK-3825,+,459.0,461.0,53.16
52479,STARLINK-3878,+,520.0,521.0,53.16
52480,STARLINK-3839,+,459.0,461.0,53.16
52482,STARLINK-3813,+,464.0,466.0,53.16
52483,STARLINK-3875,+,459.0,460.0,53.16
52484,STARLINK-3887,+,459.0,461.0,53.16
52485,STARLINK-3913,+,465.0,466.0,53.16
52486,STARLINK-3918,+,459.0,460.0,53.16
52487,STARLINK-3902,+,459.0,460.0,53.16
52488,STARLINK-3892,+,464.0,466.0,53.16
52489,STARLINK-3923,+,464.0,466.0,53.16
52490,STARLINK-3914,+,517.0,520.0,53.16
52491,STARLINK-3908,+,518.0,521.0,53.16
52492,STARLINK-3916,+,462.0,463.0,53.16
52493,STARLINK-3883,+,465.0,466.0,53.16
52494,STARLINK-3857,+,459.0,461.0,53.16
52496,STARLINK-3871,+,459.0,460.0,53.16
52497,STARLINK-3884,+,464.0,466.0,53.16
52498,STARLINK-3925,+,469.0,470.0,53.16
52500,STARLINK-3866,+,521.0,523.0,53.16
52501,STARLINK-3907,+,465.0,466.0,53.16
52502,STARLINK-3912,+,474.0,475.0,53.16
52503,STARLINK-3861,+,459.0,460.0,53.16
52535,STARLINK-3958,+,464.0,466.0,53.16
52536,STARLINK-3964,+,462.0,464.0,53.16
52537,STARLINK-3897,+,459.0,461.0,53.16
52538,STARLINK-3933,+,462.0,463.0,53.16
52539,STARLINK-3757,+,464.0,466.0,53.16
52540,STARLINK-3940,+,459.0,461.0,53.16
52541,STARLINK-3845,+,459.0,461.0,53.16
52542,STARLINK-3937,+,459.0,461.0,53.16
52543,STARLINK-3926,+,460.0,462.0,53.16
52544,STARLINK-3944,+,495.0,497.0,53.16
52546,STARLINK-3948,+,459.0,460.0,53.16
52548,STARLINK-3931,+,464.0,466.0,53.16
52549,STARLINK-3935,+,459.0,460.0,53.16
52550,STARLINK-3965,+,459.0,461.0,53.16
52551,STARLINK-3969,+,464.0,466.0,53.16
52552,STARLINK-3966,+,470.0,472.0,53.16
52554,STARLINK-3770,+,489.0,491.0,53.16
52557,STARLINK-3943,+,462.0,463.0,53.16
52559,STARLINK-3953,+,480.0,481.0,53.16
52560,STARLINK-3956,+,491.0,494.0,53.16
52561,STARLINK-3955,+,459.0,461.0,53.16
52562,STARLINK-3957,+,462.0,464.0,53.16
52563,STARLINK-3942,+,459.0,461.0,53.16
52564,STARLINK-3959,+,504.0,505.0,53.16
52565,STARLINK-3911,+,482.0,484.0,53.16
52566,STARLINK-3938,+,459.0,460.0,53.16
52567,STARLINK-3929,+,462.0,463.0,53.16
52568,STARLINK-3930,+,462.0,463.0,53.16
52569,STARLINK-3927,+,470.0,472.0,53.16
52574,STARLINK-3901,+,435.0,437.0,53.16
52576,STARLINK-3932,+,487.0,489.0,53.16
52577,STARLINK-3836,+,462.0,464.0,53.16
52578,STARLINK-3833,+,462.0,464.0,53.16
52579,STARLINK-3893,P,298.0,300.0,53.22
52580,STARLINK-3919,+,489.0,491.0,53.16
52581,STARLINK-3915,+,482.0,484.0,53.17
52583,STARLINK-3895,+,478.0,480.0,53.16
52584,STARLINK-3922,+,485.0,488.0,53.16
52585,STARLINK-3906,+,539.0,541.0,53.16
52586,STARLINK-3910,+,481.0,484.0,53.16
52587,STARLINK-3867,+,470.0,472.0,53.16
52588,STARLINK-3917,+,499.0,501.0,53.16
52598,STARLINK-4019,+,459.0,460.0,53.16
52599,STARLINK-4024,+,470.0,471.0,53.16
52600,STARLINK-4026,+,470.0,472.0,53.16
52601,STARLINK-4027,+,459.0,461.0,53.16
52602,STARLINK-4012,+,459.0,461.0,53.16
52603,STARLINK-4016,+,470.0,472.0,53.16
52604,STARLINK-4013,+,459.0,460.0,53.16
52605,STARLINK-4000,+,462.0,464.0,53.16
52606,STARLINK-3928,+,512.0,514.0,53.16
52607,STARLINK-3947,+,470.0,472.0,53.16
52608,STARLINK-3979,+,460.0,461.0,53.16
52609,STARLINK-3997,+,462.0,464.0,53.16
52610,STARLINK-3998,+,459.0,461.0,53.16
52611,STARLINK-3980,+,459.0,461.0,53.16
52612,STARLINK-4002,+,462.0,464.0,53.16
52614,STARLINK-3982,P,392.0,398.0,53.21
52615,STARLINK-4011,+,459.0,460.0,53.16
52617,STARLINK-3996,+,539.0,540.0,53.16
52618,STARLINK-3983,+,459.0,461.0,53.16
52619,STARLINK-3741,+,459.0,460.0,53.16
52620,STARLINK-3975,+,464.0,466.0,53.16
52621,STARLINK-3984,+,459.0,460.0,53.16
52622,STARLINK-4008,+,459.0,460.0,53.16
52623,STARLINK-3986,+,459.0,461.0,53.16
52625,STARLINK-3988,+,459.0,461.0,53.16
52626,STARLINK-3990,+,459.0,461.0,53.16
52627,STARLINK-3992,+,459.0,460.0,53.16
52628,STARLINK-4001,+,459.0,461.0,53.16
52629,STARLINK-4022,+,539.0,540.0,53.16
52630,STARLINK-3989,+,470.0,472.0,53.16
52631,STARLINK-3794,+,459.0,461.0,53.16
52632,STARLINK-3995,+,539.0,541.0,53.16
52633,STARLINK-3994,+,539.0,541.0,53.16
52634,STARLINK-3974,+,459.0,461.0,53.16
52635,STARLINK-3978,+,470.0,471.0,53.16
52636,STARLINK-3967,+,459.0,461.0,53.16
52637,STARLINK-3961,+,470.0,472.0,53.16
52638,STARLINK-3941,+,461.0,463.0,53.16
52639,STARLINK-3968,+,462.0,464.0,53.16
52640,STARLINK-3977,+,459.0,461.0,53.16
52641,STARLINK-3991,+,470.0,472.0,53.16
52642,STARLINK-3971,+,459.0,461.0,53.16
52643,STARLINK-3963,+,470.0,472.0,53.16
52644,STARLINK-3985,+,459.0,461.0,53.16
52645,STARLINK-3973,+,469.0,473.0,53.16
52646,STARLINK-3832,+,464.0,466.0,53.16
52648,STARLINK-3854,+,464.0,466.0,53.16
52649,STARLINK-3868,+,470.0,472.0,53.16
52650,STARLINK-3891,+,459.0,461.0,53.16
52656,STARLINK-4004,+,459.0,461.0,53.16
52657,STARLINK-4084,+,470.0,472.0,53.16
52658,STARLINK-4082,+,539.0,541.0,53.16
52659,STARLINK-3960,+,464.0,466.0,53.16
52660,STARLINK-4081,+,470.0,472.0,53.16
52662,STARLINK-4044,+,539.0,541.0,53.16
52663,STARLINK-4037,+,536.0,539.0,53.16
52664,STARLINK-4070,+,539.0,541.0,53.16
52665,STARLINK-4064,+,539.0,541.0,53.16
52666,STARLINK-4079,+,539.0,541.0,53.16
52667,STARLINK-4076,+,539.0,540.0,53.16
52668,STARLINK-4067,+,470.0,472.0,53.16
52669,STARLINK-3972,+,462.0,464.0,53.16
52670,STARLINK-4075,+,539.0,541.0,53.16
52671,STARLINK-4071,+,539.0,541.0,53.16
52672,STARLINK-4073,+,539.0,541.0,53.16
52673,STARLINK-3976,+,459.0,461.0,53.16
52674,STARLINK-3936,P,485.0,487.0,53.2
52675,STARLINK-3934,+,470.0,472.0,53.16
52676,STARLINK-4006,+,459.0,461.0,53.16
52678,STARLINK-4074,+,477.0,478.0,53.16
52679,STARLINK-4031,+,539.0,541.0,53.16
52680,STARLINK-3774,+,539.0,541.0,53.16
52681,STARLINK-4068,+,477.0,479.0,53.17
52682,STARLINK-4017,+,539.0,540.0,53.16
52684,STARLINK-4014,+,539.0,541.0,53.16
52685,STARLINK-4029,+,539.0,541.0,53.16
52686,STARLINK-4005,+,539.0,541.0,53.16
52687,STARLINK-3981,+,539.0,541.0,53.16
52688,STARLINK-4032,+,539.0,541.0,53.16
52690,STARLINK-4035,+,485.0,487.0,53.17
52692,STARLINK-3993,+,539.0,541.0,53.16
52693,STARLINK-3946,+,539.0,541.0,53.16
52694,STARLINK-4072,+,459.0,460.0,53.16
52695,STARLINK-4041,+,539.0,541.0,53.16
52697,STARLINK-4018,+,487.0,490.0,53.16
52698,STARLINK-4030,+,489.0,491.0,53.16
52699,STARLINK-3987,+,459.0,461.0,53.16
52700,STARLINK-4034,+,496.0,499.0,53.16
52702,STARLINK-4033,+,491.0,493.0,53.16
52703,STARLINK-4020,+,459.0,461.0,53.16
52704,STARLINK-3999,+,459.0,460.0,53.16
52705,STARLINK-3844,+,459.0,460.0,53.16
52706,STARLINK-3970,+,459.0,460.0,53.16
52707,STARLINK-4007,+,527.0,530.0,53.21
52708,STARLINK-3962,+,459.0,461.0,53.16
52713,COSMOS 2556,+,486.0,488.0,97.63
52716,OBJECT A,-,865.0,893.0,86.01
52717,OBJECT B,+,1116.0,1181.0,86.0
52718,OBJECT C,-,867.0,890.0,86.01
52737,GHGSAT-C3,+,458.0,464.0,97.67
52744,GHGSAT-C5,+,457.0,464.0,97.68
52746,GHGSAT-C4,+,457.0,464.0,97.66
52751,TRANSPORTER-5 OBJECT V,-,445.0,452.0,97.67
52754,HAWK-5C,+,404.0,409.0,97.67
52756,HAWK-5B,+,403.0,410.0,97.67
52757,HAWK-5A,+,403.0,410.0,97.67
52760,VIGORIDE-3,+,477.0,487.0,97.67
52761,ION SCV-006,+,416.0,437.0,97.62
52763,SHERPA-AC1,+,450.0,459.0,97.68
52771,OMNI-L2,+,619.0,630.0,97.47
52785,GEESAT-1 01,+,609.0,640.0,49.99
52786,GEESAT-1 02,+,609.0,640.0,50.0
52787,GEESAT-1 03,+,619.0,630.0,49.99
52788,GEESAT-1 04,+,618.0,631.0,50.0
52789,GEESAT-1 05,+,561.0,565.0,49.98
52790,GEESAT-1 06,+,601.0,648.0,50.0
52791,GEESAT-1 07,+,616.0,633.0,49.99
52792,GEESAT-1 08,+,611.0,638.0,49.99
52793,GEESAT-1 09,+,559.0,568.0,50.0
52830,STARLINK-4091,+,470.0,471.0,53.16
52831,STARLINK-4089,+,470.0,471.0,53.16
52832,STARLINK-4083,+,470.0,471.0,53.16
52833,STARLINK-4086,+,492.0,493.0,53.15
52834,STARLINK-4108,+,470.0,471.0,53.16
52835,STARLINK-4080,+,470.0,471.0,53.16
52836,STARLINK-4043,P,485.0,487.0,53.17
52837,STARLINK-4036,+,459.0,461.0,53.16
52838,STARLINK-4092,+,470.0,472.0,53.16
52839,STARLINK-4048,+,470.0,471.0,53.16
52840,STARLINK-4049,P,485.0,487.0,53.18
52841,STARLINK-4065,+,459.0,461.0,53.16
52842,STARLINK-4046,+,459.0,461.0,53.16
52843,STARLINK-4188,+,470.0,471.0,53.16
52844,STARLINK-4208,+,464.0,466.0,53.16
52845,STARLINK-4168,+,470.0,471.0,53.16
52846,STARLINK-4212,+,470.0,471.0,53.16
52847,STARLINK-4206,+,459.0,460.0,53.16
52848,STARLINK-4202,+,459.0,460.0,53.16
52849,STARLINK-4197,+,464.0,466.0,53.16
52850,STARLINK-4187,+,470.0,471.0,53.16
52851,STARLINK-3809,+,462.0,465.0,53.16
52852,STARLINK-4184,+,462.0,464.0,53.16
52854,STARLINK-4204,+,459.0,461.0,53.16
52855,STARLINK-4209,+,470.0,471.0,53.16
52856,STARLINK-4201,+,464.0,466.0,53.16
52857,STARLINK-4199,+,464.0,466.0,53.16
52858,STARLINK-4198,+,464.0,466.0,53.16
52859,STARLINK-4196,+,464.0,466.0,53.16
52860,STARLINK-4191,+,459.0,461.0,53.16
52861,STARLINK-4112,+,470.0,471.0,53.16
52862,STARLINK-4010,+,462.0,464.0,53.16
52863,STARLINK-4270,+,464.0,466.0,53.16
52864,STARLINK-4267,+,459.0,460.0,53.16
52865,STARLINK-4274,+,459.0,461.0,53.16
52866,STARLINK-4272,+,465.0,466.0,53.16
52867,STARLINK-4126,+,462.0,463.0,53.16
52868,STARLINK-4261,+,459.0,460.0,53.16
52869,STARLINK-4266,+,462.0,463.0,53.16
52871,STARLINK-4207,+,462.0,463.0,53.16
52872,STARLINK-4213,+,470.0,471.0,53.16
52873,STARLINK-4211,+,462.0,464.0,53.16
52875,STARLINK-4193,+,462.0,463.0,53.16
52876,STARLINK-4200,+,470.0,472.0,53.16
52877,STARLINK-4214,+,462.0,463.0,53.16
52878,STARLINK-4171,+,462.0,464.0,53.16
52879,STARLINK-4139,+,462.0,463.0,53.16
52880,STARLINK-4186,+,462.0,463.0,53.16
52882,STARLINK-4181,+,485.0,486.0,53.16
52888,GLOBALSTAR M087,+,1413.0,1414.0,52.0
52889,USA 328,+,420.0,422.0,53.0
52890,USA 329,+,525.0,527.0,53.01
52891,USA 330,+,468.0,472.0,53.01
52892,USA 331,+,437.0,438.0,53.0
52894,PVSAT,+,688.0,701.0,98.24
52895,KSLV-II DUMMY,+,692.0,703.0,98.24
52897,STEP CUBE LAB-II,+,676.0,688.0,98.23
52898,RANDEV,+,675.0,687.0,98.23
52899,SNUGLITE-II,+,673.0,684.0,98.23
52900,MIMAN,+,682.0,693.0,98.24
52907,YAOGAN-35 02A,+,483.0,499.0,34.99
52908,YAOGAN-35 02B,+,349.0,355.0,34.99
52912,GAOFEN-12 03,+,628.0,630.0,97.82
52935,DS-EO,+,521.0,525.0,9.99
52939,POEM,+,476.0,507.0,9.95
52983,DUMMY CUBESAT,-,686.0,697.0,98.24
52986,STARLINK-4260,+,465.0,466.0,53.16
52987,STARLINK-4259,+,470.0,472.0,53.16
52988,STARLINK-4291,+,464.0,466.0,53.16
52989,STARLINK-4293,P,332.0,334.0,53.22
52990,STARLINK-4286,+,464.0,466.0,53.16
52991,STARLINK-4285,+,464.0,466.0,53.16
52992,STARLINK-4269,+,470.0,472.0,53.16
52994,STARLINK-4256,+,462.0,464.0,53.16
52995,STARLINK-4296,+,459.0,461.0,53.16
52996,STARLINK-4295,+,459.0,461.0,53.16
52998,STARLINK-4254,+,462.0,463.0,53.16
52999,STARLINK-4217,+,462.0,464.0,53.16
53000,STARLINK-4194,+,462.0,464.0,53.16
53001,STARLINK-4190,+,459.0,460.0,53.16
53002,STARLINK-4121,+,464.0,466.0,53.16
53003,STARLINK-4255,+,462.0,464.0,53.16
53004,STARLINK-4253,+,470.0,472.0,53.16
53005,STARLINK-4288,+,462.0,464.0,53.16
53006,STARLINK-4290,+,459.0,461.0,53.16
53007,STARLINK-4215,+,459.0,461.0,53.16
53008,STARLINK-4275,+,459.0,460.0,53.16
53009,STARLINK-4277,+,471.0,472.0,53.16
53010,STARLINK-4263,+,465.0,466.0,53.16
53011,STARLINK-4265,+,464.0,466.0,53.16
53012,STARLINK-4271,+,470.0,471.0,53.16
53013,STARLINK-4177,+,459.0,461.0,53.16
53014,STARLINK-4183,+,459.0,460.0,53.16
53015,STARLINK-4262,+,469.0,471.0,53.16
53016,STARLINK-4283,+,470.0,471.0,53.16
53017,STARLINK-4281,P,459.0,461.0,53.21
53018,STARLINK-4279,P,486.0,487.0,53.2
53019,STARLINK-4282,+,481.0,483.0,53.16
53020,STARLINK-4287,+,479.0,481.0,53.16
53022,STARLINK-4216,+,462.0,464.0,53.16
53023,STARLINK-4284,+,472.0,474.0,53.17
53024,STARLINK-4289,+,473.0,474.0,53.16
53025,STARLINK-4218,+,465.0,467.0,53.16
53026,STARLINK-4119,+,470.0,472.0,53.16
53027,STARLINK-4158,+,459.0,460.0,53.16
53029,STARLINK-4143,+,459.0,460.0,53.16
53030,STARLINK-4160,+,462.0,464.0,53.16
53031,STARLINK-4137,+,459.0,460.0,53.16
53032,STARLINK-4115,+,459.0,461.0,53.16
53033,STARLINK-4167,+,498.0,499.0,53.16
53034,STARLINK-4151,+,470.0,471.0,53.16
53035,STARLINK-4157,+,510.0,510.0,53.16
53036,STARLINK-4155,+,508.0,509.0,53.16
53037,STARLINK-4153,+,502.0,505.0,53.16
53038,STARLINK-4156,+,493.0,497.0,53.16
53043,STARLINK-4362,+,514.0,518.0,97.28
53045,STARLINK-4350,+,533.0,535.0,97.28
53046,STARLINK-4331,+,542.0,542.0,97.28
53047,STARLINK-4352,+,520.0,522.0,97.28
53048,STARLINK-4355,+,536.0,539.0,97.29
53049,STARLINK-4345,+,521.0,524.0,97.28
53050,STARLINK-4343,+,534.0,536.0,97.28
53051,STARLINK-4336,+,511.0,514.0,97.28
53052,STARLINK-4341,+,524.0,526.0,97.28
53053,STARLINK-4337,+,508.0,511.0,97.28
53054,STARLINK-4339,+,547.0,550.0,97.29
53055,STARLINK-4338,+,533.0,536.0,97.28
53056,STARLINK-4314,+,533.0,536.0,97.29
53057,STARLINK-4252,+,546.0,549.0,97.29
53058,STARLINK-4317,+,528.0,531.0,97.28
53059,STARLINK-4320,+,516.0,518.0,97.29
53060,STARLINK-4305,+,511.0,514.0,97.28
53061,STARLINK-4308,+,514.0,516.0,97.29
53062,STARLINK-4311,+,532.0,534.0,97.28
53063,STARLINK-4307,+,533.0,536.0,97.29
53064,STARLINK-4313,+,540.0,544.0,97.29
53065,STARLINK-4312,+,531.0,536.0,97.29
53066,STARLINK-4309,+,531.0,533.0,97.28
53068,STARLINK-4325,+,533.0,536.0,97.29
53069,STARLINK-4323,+,515.0,517.0,97.28
53070,STARLINK-4342,+,536.0,541.0,97.28
53071,STARLINK-4328,+,546.0,548.0,97.29
53072,STARLINK-4344,+,534.0,535.0,97.28
53073,STARLINK-4346,P,489.0,497.0,97.64
53074,STARLINK-4310,P,232.0,234.0,97.58
53075,STARLINK-4348,+,527.0,529.0,97.28
53076,STARLINK-4347,+,525.0,527.0,97.28
53078,STARLINK-4322,+,533.0,534.0,97.29
53079,STARLINK-4327,+,533.0,536.0,97.28
53080,STARLINK-4330,+,533.0,536.0,97.28
53081,STARLINK-4326,+,515.0,517.0,97.28
53082,STARLINK-4321,+,514.0,515.0,97.29
53083,STARLINK-4251,+,533.0,536.0,97.29
53084,STARLINK-4319,+,533.0,536.0,97.29
53085,STARLINK-4324,+,533.0,537.0,97.29
53086,STARLINK-4318,+,533.0,535.0,97.28
53088,STARLINK-4333,+,522.0,524.0,97.28
53102,USA 334,+,490.0,508.0,40.01
53128,SUPERVIEW NEO-2 01,+,491.0,493.0,97.39
53130,SUPERVIEW NEO-2 02,+,491.0,493.0,97.39
53134,STARLINK-4150,+,459.0,460.0,53.16
53135,STARLINK-4023,+,462.0,464.0,53.16
53136,STARLINK-4152,+,459.0,460.0,53.16
53137,STARLINK-4145,+,459.0,460.0,53.16
53138,STARLINK-4141,+,470.0,472.0,53.16
53139,STARLINK-4185,+,462.0,464.0,53.16
53140,STARLINK-4170,+,459.0,461.0,53.16
53141,STARLINK-4103,+,462.0,464.0,53.16
53142,STARLINK-4101,+,464.0,466.0,53.16
53143,STARLINK-4102,+,482.0,483.0,53.16
53144,STARLINK-4100,+,464.0,466.0,53.16
53145,STARLINK-4106,+,470.0,472.0,53.16
53147,STARLINK-4094,+,462.0,464.0,53.16
53149,STARLINK-4021,+,462.0,464.0,53.16
53151,STARLINK-4040,+,459.0,461.0,53.16
53152,STARLINK-4045,P,309.0,310.0,53.22
53153,STARLINK-4098,+,496.0,498.0,53.16
53154,STARLINK-4077,+,477.0,479.0,53.16
53155,STARLINK-4088,+,496.0,499.0,53.16
53156,STARLINK-4087,+,497.0,500.0,53.16
53158,STARLINK-4054,+,459.0,461.0,53.16
53159,STARLINK-4111,+,504.0,505.0,53.16
53160,STARLINK-4096,+,497.0,498.0,53.16
53161,STARLINK-4055,+,459.0,461.0,53.16
53162,STARLINK-4114,+,470.0,472.0,53.16
53163,STARLINK-4104,+,497.0,499.0,53.16
53164,STARLINK-4116,+,530.0,532.0,53.16
53165,STARLINK-4090,+,503.0,504.0,53.16
53166,STARLINK-4110,P,485.0,487.0,53.19
53167,STARLINK-3683,+,500.0,501.0,53.16
53168,STARLINK-4105,+,499.0,501.0,53.16
53169,STARLINK-4117,+,470.0,472.0,53.16
53170,STARLINK-4095,+,538.0,541.0,53.16
53171,STARLINK-4052,+,459.0,461.0,53.16
53172,STARLINK-4299,+,477.0,479.0,53.16
53173,STARLINK-4300,+,459.0,460.0,53.16
53174,STARLINK-4205,+,470.0,471.0,53.16
53175,STARLINK-4292,+,459.0,461.0,53.16
53176,STARLINK-4294,+,470.0,472.0,53.16
53177,STARLINK-4298,+,459.0,460.0,53.16
53178,STARLINK-4280,+,539.0,541.0,53.16
53179,STARLINK-4276,+,462.0,464.0,53.16
53180,STARLINK-4258,+,464.0,466.0,53.16
53182,STARLINK-4278,+,459.0,461.0,53.16
53183,STARLINK-4268,+,459.0,461.0,53.16
53184,STARLINK-4257,+,470.0,472.0,53.16
53189,STARLINK-4391,+,530.0,532.0,97.29
53190,STARLINK-4332,+,532.0,534.0,97.29
53191,STARLINK-4369,P,455.0,456.0,97.53
53192,STARLINK-4375,+,534.0,535.0,97.28
53193,STARLINK-4351,+,522.0,524.0,97.28
53194,STARLINK-4382,+,533.0,535.0,97.29
53197,STARLINK-4403,+,519.0,521.0,97.29
53198,STARLINK-4385,+,534.0,536.0,97.28
53199,STARLINK-4395,+,539.0,539.0,97.28
53200,STARLINK-4417,+,531.0,534.0,97.28
53201,STARLINK-4405,P,455.0,455.0,97.55
53202,STARLINK-4411,+,534.0,536.0,97.28
53203,STARLINK-4409,+,533.0,536.0,97.28
53204,STARLINK-4410,P,455.0,456.0,97.53
53205,STARLINK-4397,+,534.0,535.0,97.28
53206,STARLINK-4408,+,385.0,386.0,97.28
53207,STARLINK-4413,+,515.0,518.0,97.29
53208,STARLINK-4425,+,526.0,528.0,97.29
53209,STARLINK-4423,+,534.0,536.0,97.29
53210,STARLINK-4427,+,518.0,520.0,97.29
53212,STARLINK-4416,+,533.0,535.0,97.28
53213,STARLINK-4414,+,518.0,519.0,97.29
53214,STARLINK-4353,+,525.0,527.0,97.28
53215,STARLINK-4335,+,534.0,537.0,97.29
53216,STARLINK-4376,+,518.0,521.0,97.28
53218,STARLINK-4384,+,534.0,536.0,97.29
53219,STARLINK-4373,+,533.0,538.0,97.29
53220,STARLINK-4363,+,519.0,520.0,97.28
53221,STARLINK-4377,+,523.0,525.0,97.28
53224,STARLINK-4356,+,521.0,523.0,97.28
53225,STARLINK-4358,+,531.0,535.0,97.28
53226,STARLINK-4359,+,517.0,520.0,97.29
53227,STARLINK-4366,+,546.0,549.0,97.28
53228,STARLINK-4365,+,530.0,532.0,97.28
53229,STARLINK-4367,+,527.0,528.0,97.28
53230,STARLINK-4364,+,534.0,536.0,97.28
53231,STARLINK-4370,+,533.0,536.0,97.28
53232,STARLINK-4371,+,521.0,523.0,97.28
53233,STARLINK-4372,+,531.0,533.0,97.28
53234,STARLINK-4368,P,455.0,456.0,97.53
53242,STARLINK-4056,+,459.0,461.0,53.16
53243,STARLINK-4047,+,459.0,461.0,53.16
53244,STARLINK-4125,+,470.0,472.0,53.16
53246,STARLINK-4131,+,470.0,472.0,53.16
53247,STARLINK-4061,+,465.0,466.0,53.16
53248,STARLINK-4135,+,470.0,472.0,53.16
53249,STARLINK-4128,+,470.0,472.0,53.16
53250,STARLINK-4059,+,462.0,464.0,53.16
53251,STARLINK-4129,+,464.0,466.0,53.16
53252,STARLINK-4132,+,470.0,472.0,53.16
53253,STARLINK-4133,+,470.0,472.0,53.16
53254,STARLINK-4134,+,486.0,488.0,53.16
53255,STARLINK-4142,+,499.0,500.0,53.16
53256,STARLINK-4147,+,539.0,540.0,53.16
53257,STARLINK-4144,+,487.0,489.0,53.16
53258,STARLINK-4127,+,486.0,488.0,53.16
53259,STARLINK-4140,+,499.0,501.0,53.16
53261,STARLINK-4062,+,462.0,464.0,53.16
53262,STARLINK-4085,+,464.0,467.0,53.16
53263,STARLINK-4130,+,477.0,479.0,53.16
53264,STARLINK-3950,+,459.0,460.0,53.16
53265,STARLINK-4097,+,459.0,461.0,53.16
53266,STARLINK-4058,+,464.0,466.0,53.16
53267,STARLINK-4060,+,459.0,461.0,53.16
53268,STARLINK-4109,+,462.0,464.0,53.16
53272,STARLINK-4122,+,462.0,464.0,53.16
53273,STARLINK-4051,+,465.0,466.0,53.16
53274,STARLINK-4050,+,464.0,466.0,53.16
53275,STARLINK-4179,+,459.0,461.0,53.16
53276,STARLINK-4174,+,459.0,461.0,53.16
53277,STARLINK-4178,+,470.0,471.0,53.16
53278,STARLINK-4180,+,470.0,472.0,53.16
53280,STARLINK-4169,+,476.0,478.0,53.16
53282,STARLINK-4164,+,465.0,466.0,53.16
53283,STARLINK-4175,+,464.0,466.0,53.16
53285,STARLINK-4173,+,459.0,461.0,53.16
53286,STARLINK-4165,+,470.0,472.0,53.16
53287,STARLINK-4107,+,464.0,466.0,53.16
53288,STARLINK-4162,+,459.0,461.0,53.16
53289,STARLINK-4176,+,462.0,464.0,53.16
53290,STARLINK-4149,+,532.0,535.0,53.21
53291,STARLINK-4166,+,459.0,460.0,53.16
53292,STARLINK-4159,+,460.0,462.0,53.16
53293,STARLINK-4148,+,462.0,464.0,53.16
53294,STARLINK-4146,+,459.0,461.0,53.16
53318,YAOGAN-35 03B,+,480.0,498.0,34.99
53320,YAOGAN-35 03C,+,415.0,419.0,34.99
53323,COSMOS 2558,+,280.0,287.0,97.22
53346,TECMS,+,500.0,503.0,97.31
53352,USA 335,+,495.0,502.0,70.0
53370,KHAYYAM,+,491.0,494.0,97.34
53388,STARLINK-4522,+,491.0,493.0,53.16
53389,STARLINK-4523,+,485.0,487.0,53.16
53390,STARLINK-4517,+,484.0,487.0,53.16
53391,STARLINK-4521,+,470.0,472.0,53.16
53392,STARLINK-4535,+,470.0,471.0,53.16
53393,STARLINK-4530,+,472.0,474.0,53.17
53394,STARLINK-4544,+,470.0,472.0,53.16
53395,STARLINK-4534,+,470.0,472.0,53.16
53396,STARLINK-4524,+,487.0,490.0,53.16
53397,STARLINK-4515,+,489.0,491.0,53.16
53398,STARLINK-4512,+,480.0,482.0,53.16
53399,STARLINK-4528,+,477.0,479.0,53.16
53400,STARLINK-4520,+,484.0,485.0,53.16
53401,STARLINK-4525,+,483.0,485.0,53.16
53402,STARLINK-4499,+,462.0,464.0,53.16
53403,STARLINK-4507,+,470.0,472.0,53.16
53404,STARLINK-4509,+,470.0,472.0,53.16
53405,STARLINK-4510,+,482.0,484.0,53.16
53406,STARLINK-4533,+,470.0,471.0,53.16
53408,STARLINK-4491,+,539.0,541.0,53.16
53409,STARLINK-4490,+,462.0,464.0,53.16
53410,STARLINK-4492,+,539.0,541.0,53.16
53411,STARLINK-4497,+,539.0,541.0,53.16
53412,STARLINK-4496,+,539.0,541.0,53.16
53413,STARLINK-4500,+,539.0,540.0,53.16
53414,STARLINK-4304,+,459.0,461.0,53.16
53415,STARLINK-4479,+,470.0,472.0,53.16
53416,STARLINK-4480,+,539.0,541.0,53.16
53417,STARLINK-4484,+,539.0,541.0,53.16
53418,STARLINK-4481,+,459.0,460.0,53.16
53419,STARLINK-4476,+,460.0,462.0,53.16
53420,STARLINK-4552,+,462.0,464.0,53.16
53421,STARLINK-4545,+,470.0,472.0,53.16
53422,STARLINK-4546,+,462.0,464.0,53.16
53423,STARLINK-4539,+,470.0,472.0,53.16
53424,STARLINK-4532,+,470.0,472.0,53.16
53425,STARLINK-4531,+,470.0,472.0,53.16
53426,STARLINK-4558,+,459.0,460.0,53.16
53429,STARLINK-4543,+,459.0,460.0,53.16
53430,STARLINK-4538,+,459.0,461.0,53.16
53431,STARLINK-4548,+,459.0,461.0,53.16
53432,STARLINK-4557,+,462.0,464.0,53.16
53433,STARLINK-4549,+,473.0,475.0,53.16
53435,STARLINK-4542,+,462.0,463.0,53.16
53436,STARLINK-4527,+,459.0,461.0,53.16
53438,STARLINK-4526,+,459.0,461.0,53.16
53439,STARLINK-4519,+,459.0,460.0,53.16
53444,DONGPO 07,+,307.0,310.0,97.56
53445,JILIN-1 GAOFEN 03D09,+,339.0,342.0,97.57
53446,OBJECT C,+,335.0,339.0,97.57
53448,JILIN-1 GAOFEN 03D43,+,324.0,327.0,97.57
53452,DONGPO 02,+,285.0,289.0,97.56
53453,DONGPO 01,+,303.0,306.0,97.56
53465,STARLINK-4415,+,464.0,466.0,97.29
53466,STARLINK-4398,P,454.0,456.0,97.54
53467,STARLINK-4394,P,454.0,456.0,97.59
53468,STARLINK-4400,+,548.0,551.0,97.29
53469,STARLINK-4399,+,465.0,466.0,97.29
53470,STARLINK-4393,+,548.0,551.0,97.29
53471,STARLINK-4316,+,465.0,466.0,97.29
53472,STARLINK-4447,+,549.0,550.0,97.29
53473,STARLINK-4383,P,454.0,456.0,97.55
53474,STARLINK-4445,+,549.0,550.0,97.28
53475,STARLINK-4389,P,454.0,456.0,97.54
53476,STARLINK-4378,+,551.0,553.0,97.29
53477,STARLINK-4412,P,255.0,258.0,97.59
53478,STARLINK-4433,+,548.0,551.0,97.29
53479,STARLINK-4436,+,465.0,467.0,97.29
53480,STARLINK-4442,P,306.0,307.0,97.6
53481,STARLINK-4302,P,454.0,456.0,97.55
53482,STARLINK-4360,+,549.0,550.0,97.29
53484,STARLINK-4426,+,465.0,466.0,97.29
53485,STARLINK-4430,+,549.0,550.0,97.29
53486,STARLINK-4431,P,454.0,456.0,97.56
53487,STARLINK-4432,+,464.0,467.0,97.28
53488,STARLINK-4421,+,465.0,466.0,97.29
53489,STARLINK-4392,+,546.0,548.0,97.29
53490,STARLINK-4387,+,391.0,393.0,97.6
53491,STARLINK-4450,P,454.0,456.0,97.56
53492,STARLINK-4451,P,300.0,302.0,97.6
53494,STARLINK-4340,+,465.0,466.0,97.29
53495,STARLINK-4429,+,549.0,550.0,97.28
53497,STARLINK-4453,+,549.0,550.0,97.29
53498,STARLINK-4439,+,465.0,466.0,97.29
53499,STARLINK-4454,P,364.0,365.0,97.6
53500,STARLINK-4455,P,249.0,252.0,97.59
53501,STARLINK-4434,+,455.0,456.0,97.55
53502,STARLINK-4435,P,454.0,456.0,97.55
53504,STARLINK-4448,P,454.0,456.0,97.57
53505,STARLINK-4446,P,291.0,295.0,97.6
53506,STARLINK-4437,P,198.0,211.0,97.59
53508,STARLINK-4443,+,465.0,466.0,97.29
53509,STARLINK-4402,P,372.0,374.0,97.6
53522,YAOGAN-35 04A,+,492.0,500.0,35.01
53524,YAOGAN-35 04B,+,451.0,457.0,35.0
53526,YAOGAN-35 04C,+,492.0,505.0,35.0
53528,STARLINK-4503,+,539.0,541.0,53.16
53529,STARLINK-4478,P,515.0,517.0,53.21
53530,STARLINK-4482,+,539.0,541.0,53.16
53531,STARLINK-4487,+,470.0,472.0,53.16
53532,STARLINK-4483,+,539.0,541.0,53.16
53533,STARLINK-4493,+,470.0,472.0,53.16
53535,STARLINK-4138,+,459.0,460.0,53.16
53536,STARLINK-4053,+,470.0,472.0,53.16
53537,STARLINK-4120,+,459.0,460.0,53.16
53539,STARLINK-4123,+,459.0,460.0,53.16
53540,STARLINK-4486,+,539.0,541.0,53.16
53541,STARLINK-4485,+,539.0,541.0,53.16
53542,STARLINK-4489,+,462.0,463.0,53.16
53543,STARLINK-4297,+,462.0,464.0,53.16
53544,STARLINK-4303,+,459.0,461.0,53.16
53545,STARLINK-4475,+,459.0,460.0,53.16
53546,STARLINK-4477,+,462.0,464.0,53.16
53547,STARLINK-4474,+,462.0,464.0,53.16
53548,STARLINK-4513,+,539.0,541.0,53.16
53551,STARLINK-4514,+,462.0,464.0,53.16
53552,STARLINK-4495,+,539.0,541.0,53.16
53553,STARLINK-4501,+,539.0,541.0,53.16
53554,STARLINK-4506,+,539.0,541.0,53.16
53555,STARLINK-4504,+,539.0,541.0,53.16
53556,STARLINK-4505,+,539.0,541.0,53.16
53557,STARLINK-4502,+,539.0,541.0,53.16
53558,STARLINK-4494,+,459.0,460.0,53.16
53560,STARLINK-4564,+,470.0,472.0,53.16
53561,STARLINK-4563,+,462.0,463.0,53.16
53562,STARLINK-4565,+,462.0,464.0,53.16
53563,STARLINK-4561,+,462.0,464.0,53.16
53564,STARLINK-4577,+,462.0,464.0,53.16
53565,STARLINK-4575,+,462.0,464.0,53.16
53566,STARLINK-4576,+,462.0,464.0,53.16
53567,STARLINK-4585,+,470.0,471.0,53.16
53568,STARLINK-4583,+,462.0,463.0,53.16
53569,STARLINK-4582,+,462.0,463.0,53.16
53570,STARLINK-4550,+,464.0,466.0,53.16
53571,STARLINK-4584,+,462.0,464.0,53.16
53572,STARLINK-4555,+,462.0,463.0,53.16
53574,STARLINK-4559,+,462.0,463.0,53.16
53575,STARLINK-4551,+,462.0,463.0,53.16
53576,STARLINK-4581,+,470.0,471.0,53.16
53577,STARLINK-4553,+,462.0,464.0,53.16
53578,STARLINK-4556,+,462.0,464.0,53.16
53579,STARLINK-4580,+,462.0,464.0,53.16
53586,CHUANGXIN 16A (CX-16A),+,545.0,551.0,28.99
53587,BEIJING-3B,+,590.0,625.0,97.8
53588,STARLINK-4691,+,504.0,506.0,53.16
53589,STARLINK-4673,+,459.0,461.0,53.16
53590,STARLINK-4689,P,485.0,487.0,53.19
53591,STARLINK-4674,+,459.0,460.0,53.16
53592,STARLINK-4672,+,459.0,461.0,53.16
53595,STARLINK-4684,+,470.0,471.0,53.16
53598,STARLINK-4676,+,529.0,531.0,53.16
53600,STARLINK-4677,+,459.0,460.0,53.16
53601,STARLINK-4675,+,459.0,461.0,53.16
53602,STARLINK-4648,+,461.0,462.0,53.16
53603,STARLINK-4692,+,539.0,541.0,53.16
53604,STARLINK-4690,+,462.0,464.0,53.16
53606,STARLINK-4590,+,462.0,464.0,53.16
53607,STARLINK-4591,+,462.0,463.0,53.16
53608,STARLINK-4647,+,459.0,461.0,53.16
53609,STARLINK-4660,+,462.0,463.0,53.16
53610,STARLINK-4610,+,477.0,479.0,53.16
53612,STARLINK-4658,+,459.0,461.0,53.16
53613,STARLINK-4655,+,459.0,461.0,53.16
53616,STARLINK-4605,+,464.0,466.0,53.16
53619,STARLINK-4609,+,459.0,461.0,53.16
53620,STARLINK-4615,+,459.0,461.0,53.16
53621,STARLINK-4608,+,462.0,464.0,53.16
53622,STARLINK-4568,+,459.0,461.0,53.16
53623,STARLINK-4573,+,470.0,472.0,53.16
53624,STARLINK-4596,+,470.0,472.0,53.16
53626,STARLINK-4554,+,464.0,466.0,53.16
53627,STARLINK-4595,+,459.0,461.0,53.16
53628,STARLINK-4600,+,459.0,461.0,53.16
53629,STARLINK-4602,+,459.0,461.0,53.16
53630,STARLINK-4598,+,470.0,472.0,53.16
53631,STARLINK-4599,+,459.0,461.0,53.16
53632,STARLINK-4606,+,464.0,466.0,53.17
53633,STARLINK-4593,+,459.0,460.0,53.16
53634,STARLINK-4592,+,459.0,460.0,53.16
53636,STARLINK-4586,+,464.0,466.0,53.16
53637,STARLINK-4396,+,459.0,461.0,53.16
53638,STARLINK-4594,+,463.0,466.0,53.16
53639,STARLINK-4422,P,479.0,481.0,53.22
53640,STARLINK-4597,+,459.0,461.0,53.16
53641,STARLINK-4588,+,469.0,472.0,53.16
53648,STARLINK-4622,+,548.0,551.0,97.29
53649,STARLINK-4386,P,319.0,321.0,97.6
53650,STARLINK-4380,+,548.0,551.0,97.28
53651,STARLINK-4388,P,454.0,456.0,97.58
53652,STARLINK-4374,+,548.0,551.0,97.28
53653,STARLINK-4390,P,322.0,324.0,97.6
53654,STARLINK-4420,+,464.0,467.0,97.29
53655,STARLINK-4470,P,454.0,456.0,97.55
53656,STARLINK-4466,+,548.0,551.0,97.29
53658,STARLINK-4452,+,464.0,467.0,97.28
53660,STARLINK-4473,+,548.0,551.0,97.29
53661,STARLINK-4472,+,548.0,551.0,97.28
53662,STARLINK-4357,P,454.0,456.0,97.54
53663,STARLINK-4457,+,465.0,467.0,97.29
53664,STARLINK-4471,+,464.0,467.0,97.28
53665,STARLINK-4334,P,454.0,456.0,97.56
53667,STARLINK-4406,P,404.0,406.0,97.6
53668,STARLINK-4458,P,454.0,456.0,97.55
53669,STARLINK-4464,P,321.0,323.0,97.6
53670,STARLINK-4459,+,464.0,467.0,97.29
53671,STARLINK-4440,+,548.0,551.0,97.28
53672,STARLINK-4428,+,548.0,551.0,97.28
53673,STARLINK-4456,P,274.0,275.0,97.59
53674,STARLINK-4620,+,548.0,551.0,97.28
53675,STARLINK-4617,+,465.0,467.0,97.28
53676,STARLINK-4621,+,548.0,551.0,97.28
53677,STARLINK-4579,+,464.0,467.0,97.28
53679,STARLINK-4632,+,464.0,467.0,97.28
53680,STARLINK-4630,+,465.0,467.0,97.28
53682,STARLINK-4438,+,465.0,467.0,97.28
53683,STARLINK-4625,+,548.0,551.0,97.28
53684,STARLINK-4624,+,548.0,551.0,97.28
53685,STARLINK-4626,+,548.0,551.0,97.29
53686,STARLINK-4467,+,548.0,551.0,97.29
53687,STARLINK-4569,+,464.0,467.0,97.28
53688,STARLINK-4571,+,548.0,551.0,97.28
53690,STARLINK-4570,+,548.0,551.0,97.28
53691,STARLINK-4560,+,464.0,467.0,97.28
53692,STARLINK-4572,P,473.0,477.0,97.6
53693,STARLINK-4566,+,464.0,467.0,97.28
53698,YAOGAN-33 02,+,696.0,698.0,98.18
53700,STARLINK-4725,+,539.0,541.0,53.16
53701,STARLINK-4711,+,539.0,541.0,53.16
53702,STARLINK-4724,+,459.0,460.0,53.16
53703,STARLINK-4731,+,537.0,539.0,53.16
53704,STARLINK-4714,+,470.0,471.0,53.16
53705,STARLINK-4717,+,525.0,529.0,53.16
53706,STARLINK-4716,+,515.0,517.0,53.16
53707,STARLINK-4667,+,462.0,463.0,53.16
53708,STARLINK-4694,+,459.0,461.0,53.16
53709,STARLINK-4685,+,459.0,461.0,53.16
53711,STARLINK-4627,+,462.0,464.0,53.16
53712,STARLINK-4683,+,462.0,464.0,53.16
53715,STARLINK-4686,+,459.0,461.0,53.16
53716,STARLINK-4699,+,462.0,464.0,53.16
53718,STARLINK-4695,+,470.0,472.0,53.16
53719,STARLINK-4644,+,464.0,466.0,53.16
53720,STARLINK-4642,+,462.0,464.0,53.16
53721,STARLINK-4707,+,460.0,461.0,53.16
53722,STARLINK-4700,+,459.0,461.0,53.16
53723,STARLINK-4705,+,459.0,461.0,53.16
53724,STARLINK-4663,+,459.0,460.0,53.16
53726,STARLINK-4697,+,462.0,464.0,53.16
53727,STARLINK-4701,+,459.0,460.0,53.16
53728,STARLINK-4640,+,462.0,464.0,53.16
53729,STARLINK-4651,+,459.0,461.0,53.16
53730,STARLINK-4641,+,462.0,464.0,53.16
53731,STARLINK-4636,+,505.0,509.0,53.21
53732,STARLINK-4661,+,462.0,464.0,53.16
53733,STARLINK-4574,+,464.0,466.0,53.16
53734,STARLINK-4616,+,459.0,461.0,53.16
53735,STARLINK-4618,+,462.0,463.0,53.16
53736,STARLINK-4652,+,459.0,461.0,53.16
53738,STARLINK-4662,+,462.0,464.0,53.16
53740,STARLINK-4607,+,408.0,411.0,53.16
53742,STARLINK-4637,+,459.0,461.0,53.16
53743,STARLINK-4645,+,462.0,464.0,53.16
53744,STARLINK-4670,+,470.0,472.0,53.16
53745,STARLINK-4656,+,462.0,463.0,53.16
53746,STARLINK-4589,+,464.0,466.0,53.16
53750,STARLINK-4612,+,462.0,464.0,53.16
53754,SHERPA-LTC2,+,383.0,938.0,53.24
53757,CENTISPACE-1 S3,+,682.0,696.0,53.53
53758,CENTISPACE-1 S4,+,680.0,694.0,53.53
53760,YAOGAN-35 05A,+,493.0,503.0,35.01
53761,YAOGAN-35 05B,+,440.0,444.0,34.98
53763,YAOGAN-35 05C,+,491.0,495.0,34.99
53773,STARLINK-4718,+,470.0,471.0,53.16
53774,STARLINK-4719,+,470.0,471.0,53.16
53775,STARLINK-4722,+,470.0,472.0,53.16
53777,STARLINK-4664,+,536.0,538.0,53.16
53778,STARLINK-4709,+,470.0,472.0,53.16
53779,STARLINK-4706,+,470.0,471.0,53.16
53780,STARLINK-4678,+,491.0,494.0,53.16
53781,STARLINK-4462,+,539.0,541.0,53.16
53783,STARLINK-4536,+,539.0,540.0,53.16
53784,STARLINK-4687,+,470.0,472.0,53.16
53787,STARLINK-4743,+,470.0,471.0,53.16
53789,STARLINK-4666,+,503.0,507.0,53.16
53790,STARLINK-4734,+,424.0,425.0,53.16
53792,STARLINK-4739,+,470.0,472.0,53.16
53793,STARLINK-4728,+,470.0,472.0,53.16
53794,STARLINK-4730,+,470.0,472.0,53.16
53795,STARLINK-4742,+,470.0,472.0,53.16
53797,STARLINK-4723,+,470.0,471.0,53.16
53798,STARLINK-4712,+,470.0,472.0,53.16
53799,STARLINK-4710,+,464.0,466.0,53.16
53800,STARLINK-4720,P,366.0,372.0,53.2
53801,STARLINK-4715,+,459.0,460.0,53.16
53802,STARLINK-4726,+,462.0,464.0,53.16
53803,STARLINK-4727,+,459.0,461.0,53.16
53804,STARLINK-4729,+,459.0,460.0,53.16
53805,STARLINK-4763,+,470.0,471.0,53.16
53806,STARLINK-4768,+,459.0,460.0,53.16
53807,BLUEWALKER-3,P,444.0,454.0,53.23
53815,STRIX-1,+,436.0,441.0,97.44
53819,STARLINK-4738,+,470.0,471.0,53.16
53820,STARLINK-4758,+,459.0,461.0,53.16
53823,STARLINK-4748,+,459.0,460.0,53.16
53824,STARLINK-4757,+,459.0,461.0,53.16
53825,STARLINK-4751,+,459.0,461.0,53.16
53826,STARLINK-4756,+,459.0,460.0,53.16
53827,STARLINK-4764,+,459.0,461.0,53.16
53828,STARLINK-4760,+,459.0,461.0,53.16
53829,STARLINK-4759,+,459.0,461.0,53.16
53830,STARLINK-4761,+,459.0,461.0,53.16
53831,STARLINK-4649,+,459.0,460.0,53.16
53832,STARLINK-4747,+,459.0,461.0,53.16
53833,STARLINK-4771,+,539.0,540.0,53.16
53834,STARLINK-4737,+,459.0,460.0,53.16
53835,STARLINK-4783,+,539.0,540.0,53.16
53836,STARLINK-4778,P,485.0,487.0,53.21
53837,STARLINK-4776,+,539.0,540.0,53.16
53838,STARLINK-4773,+,539.0,541.0,53.16
53839,STARLINK-4784,+,539.0,540.0,53.16
53840,STARLINK-4766,+,470.0,472.0,53.16
53841,STARLINK-4750,+,539.0,541.0,53.16
53842,STARLINK-4754,+,539.0,540.0,53.16
53843,STARLINK-4769,+,539.0,540.0,53.16
53844,STARLINK-4745,+,542.0,543.0,53.16
53845,STARLINK-4753,+,539.0,541.0,53.16
53846,STARLINK-4746,+,539.0,541.0,53.16
53847,STARLINK-4777,+,539.0,540.0,53.16
53848,STARLINK-4780,+,539.0,540.0,53.16
53849,STARLINK-4770,+,470.0,472.0,53.16
53850,STARLINK-4767,+,539.0,540.0,53.16
53851,STARLINK-4755,+,539.0,541.0,53.16
53852,STARLINK-4797,+,470.0,472.0,53.16
53853,STARLINK-4794,+,539.0,541.0,53.16
53854,STARLINK-4800,+,470.0,472.0,53.16
53855,STARLINK-4703,+,470.0,472.0,53.16
53856,STARLINK-4795,P,439.0,441.0,53.23
53857,STARLINK-4809,+,470.0,472.0,53.16
53859,STARLINK-4790,+,470.0,472.0,53.16
53860,STARLINK-4799,+,470.0,471.0,53.16
53861,STARLINK-4781,+,470.0,472.0,53.16
53863,STARLINK-4788,+,470.0,471.0,53.16
53864,STARLINK-4779,+,470.0,472.0,53.16
53866,STARLINK-4762,+,462.0,464.0,53.16
53867,STARLINK-4793,+,485.0,487.0,53.2
53868,STARLINK-4789,+,458.0,461.0,53.16
53869,STARLINK-4810,+,470.0,471.0,53.16
53870,STARLINK-4732,+,462.0,464.0,53.16
53871,STARLINK-4740,+,461.0,463.0,53.16
53876,CHUANGXIN 16B (CX-16B),+,412.0,416.0,28.99
53877,YUNHAI-1 03,+,780.0,786.0,98.56
53886,STARLINK-5028,+,493.0,496.0,53.16
53887,STARLINK-5029,+,470.0,472.0,53.16
53889,STARLINK-5031,+,470.0,472.0,53.16
53890,STARLINK-5050,+,470.0,472.0,53.16
53891,STARLINK-5041,P,345.0,348.0,53.22
53892,STARLINK-5046,+,505.0,508.0,53.16
53893,STARLINK-5052,+,509.0,509.0,53.16
53894,STARLINK-5043,P,470.0,472.0,53.16
53896,STARLINK-5037,+,516.0,517.0,53.16
53897,STARLINK-5035,P,398.0,399.0,53.22
53898,STARLINK-5044,+,496.0,498.0,53.16
53900,STARLINK-5045,+,505.0,507.0,53.16
53902,STARLINK-5021,+,477.0,479.0,53.16
53903,STARLINK-5022,+,470.0,471.0,53.16
53904,STARLINK-4787,+,460.0,466.0,53.16
53905,STARLINK-5003,+,539.0,540.0,53.16
53906,STARLINK-5054,+,539.0,540.0,53.16
53908,STARLINK-5057,+,470.0,472.0,53.16
53909,STARLINK-4796,+,528.0,532.0,53.16
53911,STARLINK-5048,+,539.0,541.0,53.16
53912,STARLINK-5059,+,539.0,541.0,53.16
53913,STARLINK-5053,+,539.0,540.0,53.16
53914,STARLINK-5040,+,539.0,540.0,53.16
53916,STARLINK-5051,+,470.0,471.0,53.16
53917,STARLINK-5036,P,485.0,487.0,53.18
53918,STARLINK-5012,+,539.0,540.0,53.16
53919,STARLINK-5023,+,470.0,471.0,53.16
53920,STARLINK-5025,+,470.0,471.0,53.16
53922,STARLINK-5002,+,539.0,541.0,53.16
53923,STARLINK-5004,+,539.0,540.0,53.16
53924,STARLINK-5001,P,485.0,487.0,53.17
53925,STARLINK-5011,+,539.0,541.0,53.16
53926,STARLINK-5014,P,485.0,487.0,53.16
53928,STARLINK-5009,+,539.0,540.0,53.16
53929,STARLINK-5018,+,470.0,471.0,53.16
53930,STARLINK-5010,P,455.0,457.0,53.24
53932,STARLINK-4772,+,539.0,540.0,53.16
53933,STARLINK-4782,+,539.0,541.0,53.16
53934,STARLINK-4775,+,539.0,540.0,53.16
53936,STARLINK-4791,+,470.0,471.0,53.16
53943,YAOGAN-36 01A,+,488.0,496.0,34.99
53947,YAOGAN-36 01C,+,445.0,448.0,35.0
53964,STARLINK-4633,+,459.0,460.0,53.16
53966,STARLINK-4635,+,459.0,460.0,53.16
53967,STARLINK-4634,+,459.0,461.0,53.16
53968,STARLINK-4629,+,462.0,463.0,53.16
53969,STARLINK-4468,+,464.0,466.0,53.16
5397,OV1-21,,773.0,889.0,87.62
53970,STARLINK-4567,+,459.0,461.0,53.16
53973,STARLINK-5156,+,470.0,472.0,53.16
53974,STARLINK-5159,+,462.0,463.0,53.16
53975,STARLINK-5137,+,539.0,541.0,53.16
53976,STARLINK-5134,+,477.0,479.0,53.16
53977,STARLINK-5094,+,459.0,461.0,53.16
53978,STARLINK-5148,+,539.0,541.0,53.16
53979,STARLINK-5123,+,477.0,479.0,53.16
5398,RIGIDSPHERE 2 (LCS 4),+,722.0,808.0,87.62
53980,STARLINK-5133,+,539.0,541.0,53.16
53981,STARLINK-5149,+,470.0,472.0,53.16
53982,STARLINK-5120,+,539.0,541.0,53.16
53984,STARLINK-5142,+,539.0,541.0,53.16
53985,STARLINK-5147,+,539.0,541.0,53.16
53986,STARLINK-5119,+,474.0,477.0,53.16
53988,STARLINK-5113,+,459.0,461.0,53.16
53991,STARLINK-5118,+,459.0,461.0,53.16
53992,STARLINK-5108,+,464.0,466.0,53.16
53993,STARLINK-5121,+,539.0,541.0,53.16
53994,STARLINK-5125,+,539.0,541.0,53.16
53995,STARLINK-5097,+,459.0,461.0,53.16
53996,STARLINK-5131,+,538.0,541.0,53.16
53997,STARLINK-5130,+,462.0,463.0,53.16
53998,STARLINK-5128,+,539.0,541.0,53.16
53999,STARLINK-5079,+,464.0,466.0,53.16
54000,STARLINK-5088,+,464.0,466.0,53.16
54002,STARLINK-5109,+,470.0,472.0,53.16
54003,STARLINK-5114,+,539.0,541.0,53.16
54004,STARLINK-5129,+,539.0,541.0,53.16
54005,STARLINK-5135,+,539.0,541.0,53.16
54006,STARLINK-5096,+,472.0,474.0,53.16
54007,STARLINK-5132,+,539.0,541.0,53.16
54008,STARLINK-5145,+,462.0,465.0,53.16
54009,STARLINK-5099,+,467.0,469.0,53.16
54010,STARLINK-5127,+,462.0,464.0,53.16
54011,STARLINK-5124,+,470.0,472.0,53.16
54012,STARLINK-5126,+,470.0,472.0,53.16
54013,STARLINK-5098,+,470.0,472.0,53.16
54015,STARLINK-5055,+,332.0,334.0,53.21
54020,CENTISPACE-1 S5,+,675.0,691.0,55.0
54021,CENTISPACE-1 S6,+,676.0,695.0,55.0
54023,OTB-3-GAZELLE,+,740.0,759.0,98.4
54029,ASO-S,+,710.0,728.0,98.28
54035,HJ-2E,+,482.0,511.0,97.38
54042,YAOGAN-36 02A,+,479.0,513.0,35.01
54043,YAOGAN-36 02B,+,461.0,468.0,35.0
54045,YAOGAN-36 02C,+,399.0,411.0,34.99
54051,STARLINK-5195,+,541.0,543.0,53.16
54052,STARLINK-5189,+,539.0,541.0,53.16
54053,STARLINK-5176,+,470.0,472.0,53.16
54054,STARLINK-5163,+,470.0,472.0,53.16
54055,STARLINK-5158,+,465.0,466.0,53.16
54056,STARLINK-5226,+,459.0,460.0,53.16
54058,STARLINK-5167,+,459.0,460.0,53.16
54059,STARLINK-5173,+,461.0,462.0,53.16
54060,STARLINK-5169,+,539.0,541.0,53.16
54061,STARLINK-5209,+,459.0,460.0,53.16
54062,STARLINK-5170,+,459.0,460.0,53.16
54064,STARLINK-5172,+,470.0,472.0,53.16
54065,STARLINK-5187,+,459.0,460.0,53.16
54066,STARLINK-5151,+,541.0,543.0,53.16
54067,STARLINK-5174,+,459.0,460.0,53.16
54068,STARLINK-5222,+,459.0,461.0,53.16
54070,STARLINK-5181,+,459.0,460.0,53.16
54071,STARLINK-5168,+,459.0,460.0,53.16
54073,STARLINK-5146,+,497.0,498.0,53.16
54074,STARLINK-5192,+,459.0,461.0,53.16
54075,STARLINK-5212,+,470.0,471.0,53.16
54076,STARLINK-5201,+,459.0,460.0,53.16
54077,STARLINK-5171,+,539.0,541.0,53.16
54079,STARLINK-5175,+,539.0,540.0,53.16
54082,STARLINK-5210,+,539.0,541.0,53.16
54083,STARLINK-5178,+,539.0,540.0,53.16
54084,STARLINK-5183,+,539.0,540.0,53.16
54085,STARLINK-5166,+,539.0,541.0,53.16
54086,STARLINK-5211,+,459.0,461.0,53.16
54087,STARLINK-5184,+,539.0,541.0,53.16
54088,STARLINK-5153,+,539.0,540.0,53.16
54089,STARLINK-5143,+,539.0,540.0,53.16
54090,STARLINK-5177,+,539.0,540.0,53.16
54091,STARLINK-5221,+,539.0,540.0,53.16
54093,STARLINK-5213,+,539.0,541.0,53.16
54095,STARLINK-5193,+,539.0,540.0,53.16
54096,STARLINK-5188,+,539.0,541.0,53.16
54097,STARLINK-5197,+,539.0,540.0,53.16
54098,STARLINK-5217,+,539.0,540.0,53.16
54099,STARLINK-5198,+,539.0,541.0,53.16
54100,STARLINK-5185,+,539.0,540.0,53.16
54101,STARLINK-5204,+,470.0,471.0,53.16
54102,STARLINK-5179,+,539.0,540.0,53.16
54103,STARLINK-5200,+,470.0,471.0,53.16
54104,STARLINK-5203,+,470.0,472.0,53.16
54109,COSMOS 2561,+,400.0,415.0,96.91
54113,ONEWEB-0490,+,1184.0,1187.0,87.92
54114,ONEWEB-0492,+,1184.0,1187.0,87.92
54115,ONEWEB-0495,+,1184.0,1188.0,87.91
54116,ONEWEB-0497,+,1184.0,1187.0,87.92
54117,ONEWEB-0499,+,1184.0,1187.0,87.92
54118,ONEWEB-0500,+,1184.0,1187.0,87.92
54119,ONEWEB-0501,+,1184.0,1188.0,87.92
54120,ONEWEB-0502,+,1184.0,1187.0,87.92
54121,ONEWEB-0503,+,1184.0,1187.0,87.92
54122,ONEWEB-0504,+,1184.0,1187.0,87.92
54123,ONEWEB-0505,+,1184.0,1188.0,87.92
54124,ONEWEB-0506,+,1184.0,1188.0,87.92
54125,ONEWEB-0507,+,1184.0,1187.0,87.92
54126,ONEWEB-0508,+,1184.0,1188.0,87.91
54127,ONEWEB-0509,+,1184.0,1187.0,87.92
54128,ONEWEB-0510,+,1179.0,1185.0,87.92
54129,ONEWEB-0511,+,1184.0,1187.0,87.92
54130,ONEWEB-0512,+,1184.0,1188.0,87.92
54131,ONEWEB-0513,+,1182.0,1186.0,87.92
54132,ONEWEB-0514,+,1184.0,1187.0,87.92
54133,ONEWEB-0515,+,1181.0,1183.0,87.91
54134,ONEWEB-0516,+,1184.0,1187.0,87.92
54135,ONEWEB-0517,+,1184.0,1187.0,87.92
54136,ONEWEB-0518,+,1184.0,1187.0,87.92
54137,ONEWEB-0519,+,1184.0,1187.0,87.92
54138,ONEWEB-0520,+,1184.0,1188.0,87.92
54139,ONEWEB-0521,+,1184.0,1187.0,87.92
54140,ONEWEB-0522,+,1184.0,1187.0,87.92
54141,ONEWEB-0523,+,1181.0,1183.0,87.91
54142,ONEWEB-0524,+,1180.0,1183.0,87.91
54143,ONEWEB-0525,+,1184.0,1188.0,87.92
54144,ONEWEB-0526,+,1184.0,1187.0,87.92
54145,ONEWEB-0529,+,1184.0,1187.0,87.92
54146,ONEWEB-0531,+,1181.0,1183.0,87.91
54147,ONEWEB-0535,+,1184.0,1187.0,87.92
54148,ONEWEB-0536,+,1181.0,1183.0,87.91
54150,GONETS-M 23,+,1477.0,1512.0,82.51
54151,GONETS-M 24,+,1480.0,1508.0,82.5
54152,GONETS-M 25,+,1477.0,1511.0,82.51
54157,STARLINK-5290,+,539.0,541.0,53.17
54158,STARLINK-5297,+,539.0,541.0,53.16
54159,STARLINK-5294,+,539.0,540.0,53.16
54160,STARLINK-5233,+,470.0,472.0,53.16
54161,STARLINK-5269,+,470.0,471.0,53.16
54162,STARLINK-5273,+,539.0,541.0,53.16
54163,STARLINK-5161,+,462.0,464.0,53.16
54164,STARLINK-5278,+,462.0,463.0,53.16
54165,STARLINK-5279,+,539.0,541.0,53.16
54166,STARLINK-5280,+,462.0,464.0,53.16
54167,STARLINK-5243,+,539.0,541.0,53.16
54168,STARLINK-5245,+,462.0,464.0,53.16
54169,STARLINK-5282,+,462.0,464.0,53.16
54170,STARLINK-5155,+,462.0,464.0,53.16
54172,STARLINK-5117,+,464.0,466.0,53.16
54173,STARLINK-5242,+,462.0,463.0,53.16
54174,STARLINK-5248,+,459.0,460.0,53.16
54175,STARLINK-5256,+,462.0,463.0,53.16
54176,STARLINK-5154,+,462.0,464.0,53.16
54177,STARLINK-5186,+,462.0,463.0,53.16
54178,STARLINK-5164,+,462.0,464.0,53.16
54179,STARLINK-5122,+,462.0,463.0,53.16
54181,STARLINK-5227,+,462.0,463.0,53.16
54182,STARLINK-5231,+,539.0,540.0,53.16
54183,STARLINK-5239,+,462.0,463.0,53.16
54184,STARLINK-5162,+,470.0,472.0,53.16
54185,STARLINK-5235,+,462.0,463.0,53.16
54187,STARLINK-5240,+,462.0,463.0,53.16
54188,STARLINK-5238,+,459.0,460.0,53.16
54190,STARLINK-5281,+,459.0,461.0,53.16
54191,STARLINK-4619,+,459.0,461.0,53.16
54192,STARLINK-5268,+,459.0,460.0,53.16
54193,STARLINK-5263,+,462.0,463.0,53.16
54194,STARLINK-5271,+,459.0,461.0,53.16
54195,STARLINK-5258,+,459.0,460.0,53.16
54196,STARLINK-5237,+,459.0,460.0,53.16
54198,STARLINK-5246,+,459.0,460.0,53.16
54199,STARLINK-5244,+,459.0,460.0,53.16
54200,STARLINK-5250,+,459.0,460.0,53.16
54201,STARLINK-5199,+,462.0,463.0,53.16
54202,STARLINK-5205,+,459.0,461.0,53.16
54203,STARLINK-5247,+,459.0,460.0,53.16
54204,STARLINK-5241,+,459.0,461.0,53.16
54205,STARLINK-5249,+,470.0,472.0,53.16
54206,STARLINK-5264,+,459.0,461.0,53.16
54207,STARLINK-5262,+,465.0,466.0,53.16
54208,STARLINK-5255,+,470.0,472.0,53.16
54209,STARLINK-5259,+,459.0,460.0,53.16
54214,SHIYAN-20C (SY-20C),+,779.0,807.0,59.99
54223,COSMOS 2563 (EKS 6),+,1558.0,38786.0,63.19
54227,MATS,+,541.0,558.0,97.69
54234,NOAA 21 (JPSS-2),+,825.0,829.0,98.71
54235,YUNHAI-3 01,+,848.0,848.0,98.82
54249,YAOGAN-34 03,+,1055.0,1123.0,63.4
54251,JILIN-1 GAOFEN 03D08,+,350.0,355.0,97.63
54252,JILIN-1 GAOFEN 03D51,+,359.0,365.0,97.63
54253,JILIN-1 GAOFEN 03D53,+,393.0,401.0,97.63
54255,JILIN-1 GAOFEN 03D52,+,369.0,375.0,97.63
5435,EOLE 1 (CAS-A),,620.0,764.0,50.14
54361,EOS-6 (OCEANSAT-3),+,734.0,737.0,98.36
54362,OBJECT B,-,391.0,406.0,97.49
54372,YAOGAN-36 03A,+,454.0,459.0,35.0
54374,YAOGAN-36 03B,+,495.0,506.0,34.99
54376,YAOGAN-36 03C,+,490.0,504.0,35.01
54381,COSMOS 2565,+,900.0,910.0,67.15
54383,COSMOS 2566,+,896.0,907.0,67.14
54588,JIAOTONG VDES,+,731.0,746.0,98.24
54640,GAOFEN-5 01A,+,699.0,702.0,98.24
54642,ONEWEB-0527,+,1176.0,1179.0,87.92
54643,ONEWEB-0528,+,1176.0,1179.0,87.92
54644,ONEWEB-0539,+,1176.0,1179.0,87.92
54645,ONEWEB-0540,+,1176.0,1179.0,87.92
54646,ONEWEB-0542,+,1176.0,1179.0,87.92
54647,ONEWEB-0545,+,1176.0,1179.0,87.92
54648,ONEWEB-0580,+,1176.0,1179.0,87.92
54649,ONEWEB-0582,+,1176.0,1179.0,87.92
54650,ONEWEB-0583,+,1176.0,1179.0,87.92
54651,ONEWEB-0584,+,1176.0,1179.0,87.92
54652,ONEWEB-0585,+,1176.0,1179.0,87.92
54653,ONEWEB-0586,+,1176.0,1179.0,87.92
54654,ONEWEB-0587,+,1176.0,1179.0,87.92
54655,ONEWEB-0589,+,1176.0,1179.0,87.92
54656,ONEWEB-0590,+,1177.0,1179.0,87.92
54657,ONEWEB-0591,+,1176.0,1179.0,87.92
54658,ONEWEB-0592,+,1176.0,1179.0,87.92
54659,ONEWEB-0593,+,1176.0,1179.0,87.92
54660,ONEWEB-0594,+,1176.0,1179.0,87.92
54661,ONEWEB-0595,+,1176.0,1179.0,87.92
54662,ONEWEB-0596,+,1176.0,1179.0,87.92
54663,ONEWEB-0597,+,1176.0,1179.0,87.92
54664,ONEWEB-0600,+,1176.0,1179.0,87.92
54665,ONEWEB-0601,+,1176.0,1179.0,87.92
54666,ONEWEB-0602,+,1176.0,1180.0,87.92
54667,ONEWEB-0603,+,1176.0,1179.0,87.92
54668,ONEWEB-0604,+,1176.0,1179.0,87.92
54669,ONEWEB-0605,+,1177.0,1179.0,87.92
54670,ONEWEB-0606,+,1176.0,1179.0,87.92
54671,ONEWEB-0607,+,1176.0,1179.0,87.92
54672,ONEWEB-0608,+,1176.0,1179.0,87.92
54673,ONEWEB-0610,+,1176.0,1179.0,87.92
54674,ONEWEB-0611,+,1176.0,1179.0,87.92
54675,ONEWEB-0612,+,1176.0,1179.0,87.92
54676,ONEWEB-0615,+,1176.0,1179.0,87.92
54677,ONEWEB-0655,+,1176.0,1179.0,87.92
54678,ONEWEB-0659,+,1176.0,1179.0,87.92
54679,ONEWEB-0685,+,1171.0,1174.0,87.92
54680,ONEWEB-0712,+,1196.0,1200.0,87.91
54681,ONEWEB-0714,+,1176.0,1180.0,87.92
54685,DONGPO 09,+,452.0,454.0,97.7
54686,DONGPO 08,+,457.0,466.0,97.69
54689,DONGPO 10,+,456.0,462.0,97.7
54690,JILIN-1 GAOFEN 03D50,+,456.0,462.0,97.69
54692,JILIN-1 GAOFEN 03D47,+,457.0,465.0,97.7
54694,JILIN-1 GAOFEN 03D49,+,447.0,452.0,97.69
54695,JILIN-1 GAOFEN 03D48,+,453.0,460.0,97.69
54699,SHIYAN-20A (SY-20A),+,791.0,795.0,60.0
54700,SHIYAN-20B (SY-20B),+,787.0,799.0,60.0
54746,YAOGAN-36 04A,+,496.0,506.0,34.99
54748,YAOGAN-36 04B,+,493.0,500.0,35.0
54750,YAOGAN-36 04C,+,460.0,468.0,34.98
54752,SHIYAN-21 (SY-21),+,467.0,500.0,35.99
54754,SWOT,+,893.0,893.0,77.61
54758,STARLINK-5464,+,477.0,479.0,53.16
54759,STARLINK-5215,+,470.0,471.0,53.16
54760,STARLINK-5220,+,507.0,509.0,53.16
54761,STARLINK-5202,+,470.0,471.0,53.16
54762,STARLINK-5214,+,470.0,472.0,53.16
54763,STARLINK-5191,+,528.0,530.0,53.16
54764,STARLINK-5458,+,470.0,472.0,53.16
54766,STARLINK-5471,+,539.0,540.0,53.16
54767,STARLINK-5472,+,539.0,541.0,53.16
54768,STARLINK-5444,+,470.0,471.0,53.16
54770,STARLINK-5448,+,462.0,464.0,53.16
54771,STARLINK-5451,+,485.0,487.0,53.16
54772,STARLINK-5452,+,462.0,464.0,53.16
54773,STARLINK-5453,+,462.0,463.0,53.16
54774,STARLINK-5454,+,462.0,463.0,53.16
54775,STARLINK-5465,+,462.0,464.0,53.16
54776,STARLINK-5470,+,439.0,441.0,53.16
54777,STARLINK-5468,+,462.0,463.0,53.16
54778,STARLINK-5450,+,462.0,464.0,53.16
54779,STARLINK-5447,+,462.0,463.0,53.16
54780,STARLINK-5449,+,462.0,463.0,53.16
54781,STARLINK-5443,+,462.0,464.0,53.16
54783,STARLINK-5439,+,470.0,472.0,53.16
54784,STARLINK-5442,+,470.0,471.0,53.16
54785,STARLINK-5440,+,462.0,464.0,53.16
54787,STARLINK-5441,+,470.0,471.0,53.16
54788,STARLINK-5399,+,462.0,464.0,53.16
54789,STARLINK-5446,+,539.0,541.0,53.16
54790,STARLINK-5445,+,462.0,464.0,53.16
54791,STARLINK-5425,+,462.0,463.0,53.16
54792,STARLINK-5431,+,470.0,471.0,53.16
54793,STARLINK-5433,+,482.0,483.0,53.16
54795,STARLINK-5436,+,462.0,464.0,53.16
54796,STARLINK-5415,+,459.0,461.0,53.16
54797,STARLINK-5435,+,462.0,463.0,53.16
54798,STARLINK-5420,+,490.0,492.0,53.16
54799,STARLINK-5421,+,480.0,481.0,53.16
54800,STARLINK-5428,+,470.0,471.0,53.16
54801,STARLINK-5429,+,470.0,471.0,53.16
54802,STARLINK-5426,+,542.0,543.0,53.16
54803,STARLINK-5430,+,459.0,461.0,53.16
54804,STARLINK-5422,+,462.0,464.0,53.16
54805,STARLINK-5417,+,541.0,543.0,53.16
54806,STARLINK-5412,+,465.0,466.0,53.16
54807,STARLINK-5410,+,459.0,461.0,53.16
54808,STARLINK-5413,+,539.0,541.0,53.16
54809,STARLINK-5414,+,462.0,463.0,53.16
54810,STARLINK-5408,+,465.0,466.0,53.16
54811,STARLINK-5424,+,459.0,460.0,53.16
54818,GAOFEN-11 04,+,489.0,502.0,97.43
54820,STARLINK-5382,+,482.0,484.0,43.0
54821,STARLINK-5385,+,482.0,484.0,43.0
54822,STARLINK-5101,+,482.0,484.0,43.0
54823,STARLINK-5106,P,482.0,484.0,43.0
54824,STARLINK-4643,+,483.0,484.0,43.0
54826,STARLINK-5107,+,482.0,484.0,43.0
54827,STARLINK-5383,+,482.0,484.0,43.0
54828,STARLINK-5381,+,482.0,484.0,43.0
54830,STARLINK-5394,+,482.0,484.0,43.0
54831,STARLINK-5395,+,482.0,484.0,43.0
54834,STARLINK-5386,+,482.0,484.0,43.0
54835,STARLINK-5389,+,482.0,484.0,43.0
54838,STARLINK-5372,+,482.0,484.0,43.0
54840,STARLINK-5368,+,482.0,484.0,43.0
54841,STARLINK-4659,+,482.0,484.0,43.0
54842,STARLINK-5387,+,482.0,484.0,43.0
54843,STARLINK-5304,+,482.0,484.0,43.0
54844,STARLINK-5388,+,482.0,484.0,43.0
54845,STARLINK-5082,+,482.0,484.0,43.0
54846,STARLINK-5360,+,482.0,484.0,43.01
54847,STARLINK-5061,+,482.0,484.0,43.0
54848,STARLINK-5432,+,482.0,484.0,43.0
5485,SHINSEI (MS-F2),-,869.0,1860.0,32.05
54850,STARLINK-5087,+,482.0,484.0,43.0
54851,STARLINK-5084,+,482.0,484.0,43.0
54852,STARLINK-5418,+,482.0,484.0,43.0
54853,STARLINK-5427,+,482.0,484.0,43.0
54855,STARLINK-5416,+,482.0,484.0,43.0
54856,STARLINK-5086,+,482.0,484.0,43.0
54857,STARLINK-5078,+,482.0,484.0,43.0
54858,STARLINK-5407,+,482.0,484.0,43.0
54859,STARLINK-5409,+,482.0,484.0,43.0
54860,STARLINK-5406,+,482.0,484.0,43.0
54861,STARLINK-5400,+,482.0,484.0,43.0
54862,STARLINK-5403,+,482.0,484.0,43.0
54863,STARLINK-5405,+,482.0,484.0,43.0
54864,STARLINK-5359,+,482.0,484.0,43.0
54865,STARLINK-5411,+,482.0,484.0,43.0
54866,STARLINK-5398,+,482.0,484.0,43.0
54867,STARLINK-5396,+,482.0,484.0,43.0
54868,STARLINK-5379,+,482.0,484.0,43.0
54869,STARLINK-5402,+,482.0,484.0,43.0
54870,STARLINK-5401,+,482.0,484.0,43.0
54871,STARLINK-5397,+,482.0,484.0,43.0
54873,STARLINK-5091,+,482.0,484.0,43.0
54878,SHIYAN-10 02 (SY-10 02),+,1824.0,38533.0,64.02
54880,EROS C3,+,528.0,537.0,139.34
55009,STAR VIBE,+,431.0,437.0,97.31
55010,MENUT,+,353.0,359.0,97.3
55011,BRO-8,+,404.0,411.0,97.31
55012,CONNECTA T1.2,+,396.0,404.0,97.32
55015,BIRKELAND,+,439.0,447.0,97.33
55016,TRANSPORTER-6 OBJECT H,-,434.0,441.0,97.31
55034,LYNK TOWER 4,+,459.0,468.0,97.31
55041,SKYKRAFT-1,+,345.0,351.0,97.31
55045,CONTINUUM-1,+,462.0,473.0,97.33
55046,LYNK TOWER 3,+,449.0,457.0,97.31
55047,NUSAT-33 (ALBANIA-2),+,474.0,484.0,97.3
55048,NUSAT-35 (WILLIAMINA),+,449.0,463.0,97.18
55051,ION SCV-008,+,467.0,489.0,97.57
55053,EOSSAT-1,+,458.0,469.0,97.32
55054,SKYKRAFT-1A,+,471.0,482.0,97.32
55056,VIGORIDE-5,+,361.0,367.0,97.32
55060,ION SCV-007,+,627.0,646.0,97.9
55061,SKYKRAFT-1C,+,484.0,496.0,97.31
55076,YAM-5,+,442.0,452.0,97.31
55093,HUYGENS,+,437.0,449.0,97.32
55103,KUWAITSAT-1,+,404.0,416.0,97.32
55104,SHARJAHSAT-1,+,409.0,416.0,97.31
55107,AAC-AIS-SAT1,+,583.0,597.0,97.92
55109,ASTROCAST-0402,+,473.0,479.0,97.56
55110,ASTROCAST-0401,+,472.0,481.0,97.56
55111,ASTROCAST-0403,+,460.0,468.0,97.56
55112,ASTROCAST-0404,+,472.0,483.0,97.57
55135,OBJECT C,+,391.0,394.0,97.15
55137,OBJECT E,+,392.0,396.0,97.14
55140,ONEWEB-0532,+,1193.0,1195.0,87.92
55141,ONEWEB-0533,+,1212.0,1215.0,87.9
55142,ONEWEB-0541,+,1216.0,1219.0,87.89
55143,ONEWEB-0543,+,1188.0,1191.0,87.92
55144,ONEWEB-0544,+,1188.0,1191.0,87.92
55145,ONEWEB-0560,+,1188.0,1191.0,87.92
55146,ONEWEB-0565,+,1188.0,1191.0,87.92
55147,ONEWEB-0567,+,1188.0,1191.0,87.92
55148,ONEWEB-0569,+,1208.0,1212.0,87.9
55149,ONEWEB-0570,+,1189.0,1191.0,87.92
55150,ONEWEB-0571,+,1188.0,1191.0,87.92
55151,ONEWEB-0572,+,1192.0,1195.0,87.92
55152,ONEWEB-0573,+,1188.0,1191.0,87.92
55153,ONEWEB-0588,+,1189.0,1191.0,87.92
55154,ONEWEB-0598,+,1216.0,1219.0,87.89
55155,ONEWEB-0599,+,1192.0,1196.0,87.92
55156,ONEWEB-0614,+,1217.0,1219.0,87.89
55157,ONEWEB-0616,+,1192.0,1196.0,87.92
55158,ONEWEB-0617,+,1217.0,1219.0,87.89
55159,ONEWEB-0618,P,515.0,535.0,86.91
55160,ONEWEB-0619,+,1192.0,1195.0,87.92
55161,ONEWEB-0620,+,1216.0,1219.0,87.89
55162,ONEWEB-0621,+,1216.0,1219.0,87.89
55163,ONEWEB-0622,+,1217.0,1218.0,87.89
55164,ONEWEB-0623,+,1193.0,1195.0,87.92
55165,ONEWEB-0624,+,1211.0,1213.0,87.9
55166,ONEWEB-0625,+,1192.0,1195.0,87.92
55167,ONEWEB-0626,+,1192.0,1195.0,87.92
55168,ONEWEB-0627,+,1193.0,1195.0,87.92
55169,ONEWEB-0628,+,1212.0,1215.0,87.9
55170,ONEWEB-0629,+,1192.0,1195.0,87.92
55171,ONEWEB-0631,+,1189.0,1191.0,87.92
55172,ONEWEB-0709,+,1216.0,1219.0,87.89
55173,ONEWEB-0710,+,1192.0,1195.0,87.92
55174,ONEWEB-0711,+,1217.0,1219.0,87.89
55175,ONEWEB-0713,+,1217.0,1219.0,87.89
55176,ONEWEB-0715,+,1216.0,1219.0,87.89
55177,ONEWEB-0716,+,1192.0,1195.0,87.92
55178,ONEWEB-0717,+,1193.0,1195.0,87.92
55179,ONEWEB-0719,+,1192.0,1195.0,87.92
55244,YAOGAN-37,+,502.0,523.0,43.2
55269,STARLINK-5277,+,570.0,574.0,70.0
55271,STARLINK-5306,+,570.0,574.0,70.0
55272,STARLINK-5310,+,570.0,574.0,70.0
55273,STARLINK-5291,+,570.0,574.0,70.0
55274,STARLINK-5236,+,570.0,574.0,70.0
55275,STARLINK-5260,+,570.0,574.0,70.0
55276,STARLINK-5261,+,570.0,574.0,70.0
55277,STARLINK-5299,+,570.0,574.0,70.0
55278,STARLINK-5289,+,570.0,574.0,70.0
55280,STARLINK-5331,+,570.0,574.0,70.0
55281,STARLINK-5298,+,570.0,574.0,70.0
55282,STARLINK-5330,+,570.0,575.0,70.0
55283,STARLINK-5317,+,570.0,574.0,70.0
55284,STARLINK-5337,+,570.0,574.0,70.0
55285,STARLINK-5332,+,570.0,574.0,70.0
55286,STARLINK-5338,+,570.0,574.0,70.0
55287,STARLINK-5341,+,570.0,574.0,70.0
55288,STARLINK-5311,+,570.0,574.0,70.0
55289,STARLINK-5320,+,570.0,574.0,70.0
55290,STARLINK-5266,+,570.0,574.0,70.0
55291,STARLINK-5327,+,570.0,574.0,70.0
55292,STARLINK-5325,+,570.0,574.0,70.0
55293,STARLINK-5287,+,570.0,574.0,70.0
55294,STARLINK-5286,+,570.0,574.0,70.0
55295,STARLINK-5293,+,570.0,574.0,70.0
55296,STARLINK-5285,+,570.0,574.0,70.0
55297,STARLINK-5284,+,570.0,574.0,70.0
55299,STARLINK-5270,+,570.0,574.0,70.0
55300,STARLINK-5308,+,570.0,574.0,70.0
55302,STARLINK-5321,+,570.0,574.0,70.0
55303,STARLINK-5322,+,570.0,574.0,70.0
55304,STARLINK-5318,+,570.0,574.0,70.0
55305,STARLINK-5316,+,570.0,574.0,70.0
55306,STARLINK-5295,+,570.0,575.0,70.0
55307,STARLINK-5288,+,570.0,575.0,70.0
55309,STARLINK-5315,+,570.0,574.0,70.0
55310,STARLINK-5309,+,570.0,574.0,70.0
55311,STARLINK-5312,+,570.0,575.0,70.0
55312,STARLINK-5296,+,569.0,576.0,70.01
55313,STARLINK-5313,+,570.0,575.0,70.0
55314,STARLINK-5305,+,570.0,575.0,70.0
55315,STARLINK-4623,+,570.0,574.0,70.0
55316,STARLINK-5257,+,570.0,574.0,70.0
55317,STARLINK-5265,+,570.0,575.0,70.0
55318,STARLINK-5180,+,570.0,574.0,70.0
55319,STARLINK-5196,+,570.0,574.0,70.0
55324,HAWK-6B,+,494.0,497.0,40.5
55326,HAWK-6C,+,494.0,497.0,40.5
55327,HAWK-6A,+,494.0,497.0,40.5
55331,STARLINK-5492,+,481.0,485.0,43.01
55332,STARLINK-5491,+,482.0,484.0,43.01
55333,STARLINK-5493,+,482.0,484.0,43.0
55334,STARLINK-5652,+,482.0,484.0,43.0
55335,STARLINK-5660,+,482.0,484.0,43.0
55336,STARLINK-5655,+,482.0,484.0,43.0
55337,STARLINK-5667,+,482.0,484.0,43.01
55338,STARLINK-5658,+,482.0,484.0,43.0
55339,STARLINK-5671,+,482.0,484.0,43.01
55340,STARLINK-5675,+,482.0,484.0,43.0
55341,STARLINK-5670,+,482.0,484.0,43.0
55342,STARLINK-5657,+,482.0,484.0,43.0
55343,STARLINK-5661,+,482.0,484.0,43.0
55345,STARLINK-5653,+,482.0,484.0,43.0
55346,STARLINK-5631,+,482.0,484.0,43.0
55347,STARLINK-5663,+,483.0,484.0,43.0
55348,STARLINK-5609,+,482.0,484.0,43.0
55349,STARLINK-5666,+,482.0,484.0,43.0
55350,STARLINK-5668,+,482.0,484.0,43.0
55351,STARLINK-5659,+,482.0,484.0,43.0
55352,STARLINK-5547,+,482.0,484.0,43.0
55353,STARLINK-5608,+,482.0,484.0,43.0
55354,STARLINK-5649,+,482.0,484.0,43.0
55355,STARLINK-5647,+,482.0,484.0,43.0
55357,STARLINK-5651,+,482.0,484.0,43.0
55358,STARLINK-5622,+,482.0,484.0,43.0
55359,STARLINK-5641,+,482.0,485.0,43.0
55360,STARLINK-5664,+,482.0,484.0,43.0
55361,STARLINK-5665,+,482.0,484.0,43.0
55362,STARLINK-5574,+,482.0,484.0,43.0
55364,STARLINK-5627,+,482.0,484.0,43.0
55365,STARLINK-5639,+,482.0,484.0,43.0
55366,STARLINK-5654,+,482.0,484.0,43.0
55367,STARLINK-5635,+,482.0,484.0,43.01
55368,STARLINK-5625,+,482.0,484.0,43.0
55369,STARLINK-5644,+,482.0,484.0,43.01
55370,STARLINK-5027,+,482.0,484.0,43.0
55371,STARLINK-5590,+,482.0,484.0,43.0
55372,STARLINK-5568,+,482.0,484.0,43.0
55373,STARLINK-5581,+,482.0,484.0,43.0
55374,STARLINK-5578,+,482.0,484.0,43.0
55375,STARLINK-5588,+,482.0,484.0,43.0
55376,STARLINK-5586,+,482.0,484.0,43.0
55377,STARLINK-5567,+,482.0,484.0,43.0
55378,STARLINK-5572,+,482.0,484.0,43.0
55379,STARLINK-5569,+,482.0,484.0,43.0
55380,STARLINK-5571,+,482.0,484.0,43.0
55381,STARLINK-5575,+,482.0,484.0,43.0
55382,STARLINK-5576,+,482.0,484.0,43.0
55383,STARLINK-5531,+,482.0,484.0,43.0
55384,STARLINK-5537,+,482.0,484.0,43.0
55385,STARLINK-5556,+,482.0,484.0,43.0
55386,STARLINK-5555,+,482.0,484.0,43.0
55392,STARLINK-5085,+,570.0,574.0,70.0
55393,STARLINK-4786,+,570.0,574.0,70.0
55395,STARLINK-5274,+,569.0,575.0,70.0
55396,STARLINK-5283,+,570.0,574.0,70.0
55397,STARLINK-5224,+,570.0,574.0,70.0
55398,STARLINK-5275,+,570.0,574.0,70.0
55399,STARLINK-5276,+,570.0,574.0,70.0
55400,STARLINK-5632,+,570.0,574.0,70.0
55401,STARLINK-5076,+,570.0,574.0,70.0
55402,STARLINK-5071,+,570.0,574.0,70.0
55403,STARLINK-5597,+,570.0,574.0,70.0
55404,STARLINK-5607,+,570.0,574.0,70.0
55405,STARLINK-5623,+,570.0,574.0,70.0
55406,STARLINK-5630,+,570.0,574.0,70.0
55407,STARLINK-5019,+,570.0,574.0,70.0
55410,STARLINK-5633,+,570.0,574.0,70.0
55411,STARLINK-5605,+,570.0,574.0,70.0
55413,STARLINK-5060,+,570.0,574.0,70.0
55414,STARLINK-5620,+,570.0,574.0,70.0
55416,STARLINK-5624,+,570.0,574.0,70.0
55418,STARLINK-5030,+,570.0,574.0,70.0
55419,STARLINK-5629,+,570.0,574.0,70.0
55420,STARLINK-5604,+,570.0,574.0,70.0
55421,STARLINK-5598,+,570.0,574.0,70.0
55422,STARLINK-5006,+,570.0,574.0,70.0
55423,STARLINK-5068,+,570.0,574.0,70.0
55425,STARLINK-5615,+,570.0,574.0,70.0
55426,STARLINK-5638,+,570.0,574.0,70.0
55428,STARLINK-5064,+,570.0,574.0,70.0
55429,STARLINK-5645,+,570.0,574.0,70.0
55430,STARLINK-5642,+,570.0,574.0,70.0
55431,STARLINK-5643,+,570.0,574.0,70.0
55432,STARLINK-5637,+,570.0,574.0,70.0
55433,STARLINK-5570,+,570.0,574.0,70.0
55434,STARLINK-5621,+,570.0,574.0,70.0
55435,STARLINK-5626,+,570.0,574.0,70.0
55436,STARLINK-5640,+,570.0,574.0,70.0
55438,STARLINK-5074,+,570.0,574.0,70.0
55439,STARLINK-5634,+,571.0,574.0,70.0
55449,STARLINK-5699,+,482.0,484.0,43.0
55450,STARLINK-5686,+,482.0,484.0,43.0
55451,STARLINK-5656,+,482.0,484.0,43.0
55452,STARLINK-5683,+,482.0,484.0,43.0
55453,STARLINK-5684,+,482.0,484.0,43.01
55454,STARLINK-5636,+,482.0,484.0,43.0
55455,STARLINK-5680,+,482.0,484.0,43.0
55456,STARLINK-5058,+,482.0,484.0,43.0
55457,STARLINK-5682,+,482.0,484.0,43.0
55458,STARLINK-5020,+,482.0,484.0,43.01
55459,STARLINK-5669,+,482.0,484.0,43.01
55460,STARLINK-5678,+,482.0,484.0,43.0
55461,STARLINK-5646,+,482.0,484.0,43.0
55462,STARLINK-5673,+,482.0,484.0,43.0
55463,STARLINK-5677,+,500.0,510.0,43.0
55464,STARLINK-5676,+,482.0,484.0,43.0
55465,STARLINK-5674,+,482.0,484.0,43.0
55466,STARLINK-5628,+,482.0,484.0,43.0
55467,STARLINK-5679,+,482.0,484.0,43.0
55468,STARLINK-5672,+,482.0,484.0,43.0
55469,STARLINK-5681,+,482.0,484.0,43.0
5547,COSMOS 444,,1320.0,1508.0,74.03
55470,STARLINK-5708,+,482.0,484.0,43.0
55471,STARLINK-5711,+,482.0,484.0,43.0
55472,STARLINK-5705,+,482.0,484.0,43.0
55474,STARLINK-5689,+,482.0,484.0,43.0
55475,STARLINK-5650,+,482.0,484.0,43.0
55477,STARLINK-5685,+,482.0,484.0,43.0
55478,STARLINK-5691,+,482.0,484.0,43.0
55479,STARLINK-5688,+,482.0,484.0,43.0
5548,COSMOS 445,,1350.0,1510.0,74.03
55480,STARLINK-5690,+,482.0,484.0,43.0
55481,STARLINK-5694,+,482.0,484.0,43.0
55483,STARLINK-5692,+,482.0,484.0,43.0
55484,STARLINK-5696,+,482.0,484.0,43.0
55485,STARLINK-5695,+,482.0,484.0,43.0
55486,STARLINK-5704,+,481.0,484.0,43.0
55487,STARLINK-5701,+,482.0,484.0,43.0
55488,STARLINK-5706,+,482.0,484.0,43.0
55489,STARLINK-5371,+,482.0,484.0,43.0
5549,COSMOS 446,,1380.0,1511.0,74.03
55490,STARLINK-5373,+,482.0,484.0,43.0
55491,STARLINK-5364,+,482.0,484.0,43.0
55492,STARLINK-5013,+,482.0,484.0,43.0
55493,STARLINK-5362,+,482.0,484.0,43.0
55494,STARLINK-5344,+,482.0,484.0,43.0
55495,STARLINK-5100,+,482.0,484.0,43.0
55497,STARLINK-5363,+,483.0,484.0,43.0
55498,STARLINK-5365,+,482.0,484.0,43.0
55499,STARLINK-5366,+,482.0,484.0,43.0
5550,COSMOS 447,,1410.0,1514.0,74.03
55500,STARLINK-5141,+,482.0,484.0,43.0
55501,STARLINK-5367,+,482.0,484.0,43.0
5551,COSMOS 448,,1440.0,1516.0,74.03
5552,COSMOS 449,,1482.0,1542.0,74.03
5553,COSMOS 450,,1461.0,1529.0,74.02
5554,COSMOS 451,,1489.0,1572.0,74.03
55569,STARLINK-5749,+,483.0,484.0,43.0
5557,OPS 4311 (DMSP 5B F1),-,760.0,833.0,99.02
55570,STARLINK-5737,+,483.0,484.0,43.0
55571,STARLINK-5739,+,482.0,484.0,43.0
55572,STARLINK-5732,+,482.0,484.0,43.0
55573,STARLINK-5738,+,482.0,484.0,43.0
55574,STARLINK-5747,+,483.0,484.0,43.0
55575,STARLINK-5745,+,482.0,484.0,43.0
55576,STARLINK-5751,+,483.0,483.0,43.0
55577,STARLINK-5752,+,482.0,484.0,43.0
55579,STARLINK-5754,+,482.0,484.0,43.0
55580,STARLINK-5757,+,482.0,484.0,43.0
55581,STARLINK-5753,+,482.0,484.0,43.0
55582,STARLINK-5741,P,482.0,484.0,43.0
55583,STARLINK-5742,+,482.0,484.0,43.0
55584,STARLINK-5736,+,482.0,484.0,43.0
55585,STARLINK-5769,+,483.0,484.0,43.0
55586,STARLINK-5767,+,483.0,483.0,43.0
55587,STARLINK-5727,+,482.0,484.0,43.0
55588,STARLINK-5728,+,483.0,483.0,43.0
55589,STARLINK-5697,+,483.0,484.0,43.0
55590,STARLINK-5762,+,482.0,484.0,43.0
55591,STARLINK-5760,+,483.0,484.0,43.0
55592,STARLINK-5759,+,482.0,484.0,43.0
55593,STARLINK-5703,+,482.0,484.0,43.0
55594,STARLINK-5750,+,482.0,484.0,43.0
55596,STARLINK-5729,+,482.0,484.0,43.0
55597,STARLINK-5743,+,482.0,485.0,43.01
55598,STARLINK-5756,P,482.0,484.0,43.0
55599,STARLINK-5761,+,482.0,484.0,43.0
5560,ASTEX 1,,713.0,732.0,92.71
55600,STARLINK-5755,+,482.0,484.0,43.0
55601,STARLINK-5744,+,482.0,484.0,43.0
55602,STARLINK-5764,+,482.0,484.0,43.0
55603,STARLINK-5735,+,482.0,484.0,43.0
55604,STARLINK-5748,+,483.0,483.0,43.0
55605,STARLINK-5725,+,482.0,484.0,43.01
55607,STARLINK-5700,+,482.0,484.0,43.0
55608,STARLINK-5726,+,482.0,484.0,43.0
55609,STARLINK-5719,+,482.0,484.0,43.0
55610,STARLINK-5722,+,482.0,484.0,43.0
55611,STARLINK-5730,+,482.0,484.0,43.0
55612,STARLINK-5734,+,483.0,484.0,43.0
55614,STARLINK-5714,+,482.0,484.0,43.0
55615,STARLINK-5712,+,483.0,484.0,43.0
55616,STARLINK-5710,+,482.0,484.0,43.0
55617,STARLINK-5721,+,482.0,484.0,43.0
55618,STARLINK-5717,+,482.0,484.0,43.0
55619,STARLINK-5720,+,482.0,484.0,43.0
55620,STARLINK-5718,+,482.0,484.0,43.0
55621,STARLINK-5709,+,482.0,484.0,43.01
55622,STARLINK-5702,+,482.0,484.0,43.0
55623,STARLINK-5698,+,482.0,484.0,43.0
55628,STARLINK-5484,+,570.0,574.0,70.0
55629,STARLINK-5497,+,570.0,574.0,70.0
55630,STARLINK-5303,+,570.0,574.0,70.0
55631,STARLINK-5558,+,570.0,574.0,70.0
55632,STARLINK-5546,+,570.0,574.0,70.0
55633,STARLINK-5498,+,570.0,574.0,70.0
55634,STARLINK-5500,+,570.0,574.0,70.0
55635,STARLINK-5495,+,570.0,574.0,70.0
55636,STARLINK-5218,+,570.0,574.0,70.0
55637,STARLINK-5062,+,570.0,574.0,70.0
55638,STARLINK-5507,+,570.0,574.0,70.0
55639,STARLINK-5508,+,570.0,574.0,70.0
55640,STARLINK-5069,+,570.0,574.0,70.0
55641,STARLINK-5065,+,570.0,574.0,70.0
55643,STARLINK-5483,+,570.0,574.0,70.0
55644,STARLINK-5502,+,570.0,574.0,70.0
55647,STARLINK-5510,+,570.0,574.0,70.0
55648,STARLINK-5501,+,570.0,574.0,70.0
55649,STARLINK-5469,+,570.0,574.0,70.0
55650,STARLINK-5494,+,570.0,574.0,70.0
55651,STARLINK-5506,+,570.0,574.0,70.0
55652,STARLINK-5487,+,570.0,574.0,70.0
55653,STARLINK-5067,+,570.0,574.0,70.0
55654,STARLINK-5070,+,570.0,574.0,70.0
55655,STARLINK-5267,+,570.0,574.0,70.0
55657,STARLINK-5328,+,570.0,574.0,70.0
55658,STARLINK-5307,+,570.0,574.0,70.0
55659,STARLINK-5477,+,570.0,574.0,70.0
55660,STARLINK-5467,+,570.0,574.0,70.0
55661,STARLINK-5475,+,570.0,574.0,70.0
55662,STARLINK-5479,+,573.0,576.0,70.0
55663,STARLINK-5473,+,570.0,574.0,70.0
55664,STARLINK-5480,+,570.0,574.0,70.0
55665,STARLINK-5474,+,570.0,574.0,70.0
55667,STARLINK-5456,+,570.0,574.0,70.0
55668,STARLINK-5455,+,570.0,574.0,70.0
55669,STARLINK-5459,+,570.0,574.0,70.0
55670,STARLINK-5423,+,570.0,574.0,70.0
55671,STARLINK-5460,+,570.0,574.0,70.0
55673,STARLINK-5463,+,570.0,574.0,70.0
55674,STARLINK-5462,+,570.0,574.0,70.0
55675,STARLINK-5232,+,570.0,574.0,70.0
55676,STARLINK-5300,+,570.0,574.0,70.0
55677,STARLINK-5324,+,570.0,574.0,70.0
55690,HORUS 1,+,494.0,497.0,97.34
55741,STARLINK-5592,+,570.0,574.0,70.0
55742,STARLINK-5594,+,570.0,574.0,70.0
55743,STARLINK-5602,+,570.0,575.0,70.0
55744,STARLINK-5601,+,570.0,574.0,70.0
55746,STARLINK-5579,+,570.0,574.0,70.0
55747,STARLINK-5539,+,570.0,574.0,70.0
55748,STARLINK-5580,+,569.0,575.0,70.0
55750,STARLINK-5573,+,570.0,575.0,70.0
55751,STARLINK-5577,+,570.0,574.0,70.0
55752,STARLINK-5613,+,570.0,574.0,70.0
55753,STARLINK-5617,+,570.0,574.0,70.0
55754,STARLINK-5612,+,570.0,574.0,70.0
55756,STARLINK-5614,+,570.0,574.0,70.0
55757,STARLINK-5544,+,570.0,574.0,70.0
55758,STARLINK-5072,+,570.0,574.0,70.0
55760,STARLINK-5532,+,570.0,574.0,70.0
55761,STARLINK-5611,+,570.0,574.0,70.0
55762,STARLINK-5603,+,570.0,574.0,70.0
55763,STARLINK-5593,+,570.0,574.0,70.0
55764,STARLINK-5499,+,570.0,574.0,70.0
55765,STARLINK-5595,+,570.0,574.0,70.0
55766,STARLINK-5599,+,570.0,574.0,70.0
55767,STARLINK-5606,+,570.0,574.0,70.0
55769,STARLINK-5584,+,570.0,574.0,70.0
55770,STARLINK-5557,+,570.0,574.0,70.0
55771,STARLINK-5591,+,570.0,574.0,70.0
55772,STARLINK-5835,+,570.0,574.0,70.0
55773,STARLINK-5833,+,570.0,574.0,70.0
55774,STARLINK-5812,+,570.0,574.0,70.0
55775,STARLINK-5809,+,570.0,574.0,70.0
55777,STARLINK-5814,+,570.0,574.0,70.0
55778,STARLINK-5816,+,570.0,574.0,70.0
55779,STARLINK-5817,+,570.0,574.0,70.0
55780,STARLINK-5819,+,570.0,574.0,70.0
55781,STARLINK-5820,+,570.0,574.0,70.0
55782,STARLINK-5826,+,570.0,574.0,70.0
55783,STARLINK-5825,+,570.0,574.0,70.0
55784,STARLINK-5797,+,570.0,574.0,70.0
55785,STARLINK-5818,+,570.0,574.0,70.0
55786,STARLINK-5823,+,570.0,574.0,70.0
55787,STARLINK-5811,+,570.0,574.0,70.0
55788,STARLINK-5804,+,570.0,574.0,70.0
55789,STARLINK-5815,+,570.0,574.0,70.0
55790,STARLINK-5813,+,570.0,574.0,70.0
55791,STARLINK-5807,+,570.0,574.0,70.0
55796,ONEWEB-0530,+,1180.0,1183.0,87.91
55797,ONEWEB-0534,+,1180.0,1183.0,87.91
55798,ONEWEB-0556,+,1180.0,1184.0,87.91
55799,ONEWEB-0562,+,1180.0,1183.0,87.91
5580,PROSPERO (BLACK ARROW),,523.0,1252.0,82.04
55800,ONEWEB-0563,+,1180.0,1183.0,87.91
55801,ONEWEB-0564,+,1180.0,1183.0,87.91
55802,ONEWEB-0638,+,1204.0,1207.0,87.89
55803,ONEWEB-0639,+,1183.0,1188.0,87.91
55804,ONEWEB-0640,+,1203.0,1207.0,87.89
55805,ONEWEB-0641,+,1184.0,1187.0,87.92
55806,ONEWEB-0642,+,1184.0,1188.0,87.91
55807,ONEWEB-0643,+,1204.0,1208.0,87.89
55808,ONEWEB-0644,+,1184.0,1187.0,87.91
55809,ONEWEB-0645,+,1184.0,1188.0,87.91
55810,ONEWEB-0646,+,1184.0,1187.0,87.91
55811,ONEWEB-0648,+,1203.0,1208.0,87.89
55812,ONEWEB-0649,+,1184.0,1188.0,87.91
55813,ONEWEB-0650,+,1184.0,1188.0,87.91
55814,ONEWEB-0652,+,1204.0,1207.0,87.89
55815,ONEWEB-0653,+,1205.0,1208.0,87.89
55816,ONEWEB-0654,+,1205.0,1207.0,87.89
55817,ONEWEB-0656,+,1180.0,1183.0,87.91
55818,ONEWEB-0657,+,1185.0,1187.0,87.92
55819,ONEWEB-0658,+,1184.0,1187.0,87.92
55820,ONEWEB-0660,+,1204.0,1208.0,87.89
55821,ONEWEB-0661,+,1204.0,1207.0,87.89
55822,ONEWEB-0662,+,1204.0,1208.0,87.89
55823,ONEWEB-0663,+,1180.0,1183.0,87.91
55824,ONEWEB-0664,+,1180.0,1183.0,87.91
55825,ONEWEB-0665,+,1204.0,1208.0,87.89
55826,ONEWEB-0666,+,1181.0,1183.0,87.91
55827,ONEWEB-0667,+,1180.0,1183.0,87.91
55828,ONEWEB-0669,+,1180.0,1183.0,87.91
55829,ONEWEB-0670,+,1204.0,1208.0,87.89
55830,ONEWEB-0671,+,1184.0,1187.0,87.92
55831,ONEWEB-0672,+,1180.0,1183.0,87.91
55832,ONEWEB-0673,+,1184.0,1187.0,87.92
55833,ONEWEB-0674,+,1204.0,1207.0,87.89
55834,ONEWEB-0675,+,1184.0,1187.0,87.92
55835,ONEWEB-0720,+,1184.0,1187.0,87.92
55836,TIANHUI 6A,+,888.0,891.0,99.02
55839,TIANHUI 6B,+,888.0,890.0,99.01
55844,HORUS 2,+,494.0,497.0,97.35
55861,SHIYAN-19 (SY-19),+,386.0,395.0,97.38
55914,STARLINK-5856,+,570.0,575.0,70.0
55915,STARLINK-5859,+,569.0,575.0,70.0
55916,STARLINK-5796,+,569.0,575.0,70.0
55918,STARLINK-5867,+,570.0,575.0,70.0
55919,STARLINK-5871,+,570.0,575.0,70.0
55920,STARLINK-5862,+,570.0,574.0,70.0
55921,STARLINK-5861,+,569.0,575.0,70.0
55922,STARLINK-5863,+,570.0,574.0,70.0
55923,STARLINK-5854,+,569.0,575.0,70.0
55924,STARLINK-5849,+,570.0,574.0,70.0
55925,STARLINK-5922,+,570.0,574.0,70.0
55926,STARLINK-5921,+,570.0,574.0,70.0
55927,STARLINK-5919,+,569.0,574.0,70.0
55928,STARLINK-5930,+,570.0,575.0,70.0
55930,STARLINK-5896,+,570.0,575.0,70.0
55931,STARLINK-5897,+,569.0,575.0,70.0
55932,STARLINK-5848,+,570.0,574.0,70.0
55933,STARLINK-5852,+,569.0,575.0,70.0
55934,STARLINK-5927,+,569.0,575.0,70.0
55935,STARLINK-5920,+,570.0,575.0,70.0
55936,STARLINK-5882,+,570.0,574.0,70.0
55937,STARLINK-5913,+,570.0,574.0,70.0
55938,STARLINK-5909,+,569.0,574.0,70.0
55939,STARLINK-5918,+,569.0,575.0,70.0
55940,STARLINK-5864,+,569.0,575.0,70.0
55941,STARLINK-5914,+,570.0,575.0,70.0
55942,STARLINK-5917,+,570.0,575.0,70.0
55943,STARLINK-5932,+,570.0,574.0,70.0
55944,STARLINK-5926,+,569.0,575.0,70.0
55945,STARLINK-5925,+,569.0,575.0,70.0
55946,STARLINK-5857,+,570.0,575.0,70.0
55948,STARLINK-5900,+,570.0,574.0,70.0
55949,STARLINK-5899,+,570.0,574.0,70.0
55950,STARLINK-5911,+,570.0,574.0,70.0
55951,STARLINK-5908,+,570.0,574.0,70.0
55952,STARLINK-5893,+,570.0,575.0,70.0
55954,STARLINK-5892,+,570.0,574.0,70.0
55955,STARLINK-5878,+,570.0,574.0,70.0
55956,STARLINK-5883,+,569.0,575.0,70.0
55957,STARLINK-5884,+,569.0,575.0,70.0
55958,STARLINK-5928,+,569.0,575.0,70.0
55959,STARLINK-5929,+,570.0,575.0,70.0
55960,STARLINK-5938,+,569.0,575.0,70.0
55961,STARLINK-5933,+,570.0,574.0,70.0
55962,STARLINK-5906,+,569.0,575.0,70.0
55963,STARLINK-5924,+,570.0,574.0,70.0
55964,STARLINK-5895,P,528.0,530.0,69.99
55965,STARLINK-5894,+,570.0,575.0,70.0
55973,TIANMU-1 03,+,418.0,421.0,97.53
55974,TIANMU-1 04,+,416.0,420.0,97.52
55975,TIANMU-1 05,+,419.0,421.0,97.52
55976,TIANMU-1 06,+,417.0,420.0,97.53
55978,COSMOS 2567,+,489.0,491.0,97.59
55982,GLOBAL-19,+,448.0,456.0,42.0
55983,GLOBAL-5,+,448.0,456.0,42.0
55986,STARLINK-5905,+,482.0,484.0,43.0
55987,STARLINK-5915,+,482.0,484.0,43.0
55988,STARLINK-5916,+,482.0,484.0,43.0
55989,STARLINK-5947,+,482.0,484.0,43.0
55990,STARLINK-5946,+,482.0,484.0,43.0
55991,STARLINK-5948,+,482.0,484.0,43.0
55993,STARLINK-5969,+,482.0,484.0,43.0
55994,STARLINK-5956,+,482.0,484.0,43.0
55996,STARLINK-5903,+,482.0,484.0,43.0
55998,STARLINK-5902,+,482.0,484.0,43.0
55999,STARLINK-5901,+,482.0,484.0,43.0
56000,STARLINK-5910,+,482.0,484.0,43.0
56001,STARLINK-5944,+,482.0,484.0,43.0
56002,STARLINK-5799,+,482.0,484.0,43.0
56003,STARLINK-5789,+,483.0,483.0,43.0
56004,STARLINK-5787,+,482.0,484.0,43.0
56005,STARLINK-5801,+,482.0,484.0,43.0
56006,STARLINK-5794,+,482.0,484.0,43.0
56007,STARLINK-5806,+,482.0,484.0,43.0
56008,STARLINK-5803,+,482.0,484.0,43.0
56009,STARLINK-5964,+,482.0,484.0,43.0
56010,STARLINK-5968,+,482.0,484.0,43.0
56011,STARLINK-5936,+,482.0,484.0,43.0
56012,STARLINK-5940,+,482.0,484.0,43.0
56013,STARLINK-5941,+,482.0,484.0,43.0
56014,STARLINK-5942,+,482.0,484.0,43.0
56015,STARLINK-5939,+,482.0,484.0,43.0
56016,STARLINK-5943,+,483.0,484.0,43.0
56017,STARLINK-5934,+,483.0,484.0,43.0
56018,STARLINK-5945,+,482.0,484.0,43.0
56019,STARLINK-5949,+,482.0,484.0,43.0
56020,STARLINK-5912,+,483.0,483.0,43.0
56021,STARLINK-5907,+,483.0,483.0,43.0
56022,STARLINK-5783,+,482.0,484.0,43.0
56023,STARLINK-5771,+,482.0,484.0,43.0
56024,STARLINK-5772,+,482.0,485.0,43.0
56025,STARLINK-5766,+,482.0,484.0,43.0
56026,STARLINK-5770,+,482.0,484.0,43.0
56027,STARLINK-5777,+,482.0,484.0,43.01
56028,STARLINK-5779,+,482.0,484.0,43.0
56029,STARLINK-5774,+,482.0,484.0,43.0
56030,STARLINK-5781,P,482.0,484.0,43.0
56031,STARLINK-5785,+,482.0,484.0,43.0
56032,STARLINK-5786,+,483.0,484.0,43.0
56034,STARLINK-5782,+,483.0,483.0,43.0
56035,STARLINK-5792,+,483.0,484.0,43.0
56036,STARLINK-5790,+,482.0,484.0,43.0
56037,STARLINK-5758,+,482.0,484.0,43.0
56038,STARLINK-5793,+,482.0,484.0,43.0
56039,STARLINK-5795,+,483.0,483.0,43.0
56040,STARLINK-5798,+,483.0,483.0,43.0
56041,STARLINK-5800,+,482.0,484.0,43.0
56046,ONEWEB-0537,+,1196.0,1199.0,87.91
56047,ONEWEB-0538,+,1196.0,1199.0,87.91
56048,ONEWEB-0546,+,1197.0,1199.0,87.91
56049,ONEWEB-0547,+,1176.0,1179.0,87.92
56050,ONEWEB-0548,+,1196.0,1199.0,87.91
56051,ONEWEB-0549,+,1176.0,1179.0,87.92
56052,ONEWEB-0550,+,1176.0,1179.0,87.92
56053,ONEWEB-0551,+,1200.0,1204.0,87.9
56054,ONEWEB-0552,+,1176.0,1180.0,87.92
56055,ONEWEB-0553,+,1196.0,1199.0,87.91
56056,ONEWEB-0554,+,1196.0,1199.0,87.91
56057,ONEWEB-0555,+,1197.0,1199.0,87.91
56058,ONEWEB-0557,+,1196.0,1199.0,87.91
56059,ONEWEB-0558,+,1176.0,1179.0,87.92
56060,ONEWEB-0559,+,1176.0,1179.0,87.92
56061,ONEWEB-0566,+,1176.0,1179.0,87.92
56062,ONEWEB-0568,+,1196.0,1199.0,87.91
56063,ONEWEB-0574,+,1176.0,1179.0,87.92
56064,ONEWEB-0575,+,1196.0,1199.0,87.91
56065,ONEWEB-0576,+,1196.0,1199.0,87.91
56066,ONEWEB-0577,+,1196.0,1199.0,87.91
56067,ONEWEB-0578,+,1176.0,1179.0,87.92
56068,ONEWEB-0579,+,1176.0,1180.0,87.92
56069,ONEWEB-0581,+,1196.0,1199.0,87.91
56070,ONEWEB-0609,+,1200.0,1203.0,87.9
56071,ONEWEB-0613,+,1200.0,1203.0,87.9
56072,ONEWEB-0630,+,1200.0,1203.0,87.9
56073,ONEWEB-0632,+,1200.0,1203.0,87.9
56074,ONEWEB-0633,+,1200.0,1204.0,87.9
56075,ONEWEB-0634,+,1200.0,1203.0,87.9
56076,ONEWEB-0635,+,1200.0,1203.0,87.9
56077,ONEWEB-0636,+,1200.0,1203.0,87.9
56078,ONEWEB-0637,+,1200.0,1203.0,87.9
56079,ONEWEB-0647,+,1200.0,1203.0,87.9
56080,ONEWEB-0651,+,1200.0,1203.0,87.9
56081,ONEWEB-0718,+,1200.0,1203.0,87.9
56094,STARLINK-6109,+,482.0,484.0,43.0
56095,STARLINK-6090,+,482.0,484.0,43.0
56096,STARLINK-6089,+,482.0,484.0,43.0
56097,STARLINK-6077,+,483.0,483.0,43.0
56098,STARLINK-6088,+,482.0,484.0,43.0
56100,STARLINK-6076,+,482.0,484.0,43.0
56101,STARLINK-6095,+,482.0,484.0,43.0
56102,STARLINK-6075,+,482.0,484.0,43.0
56103,STARLINK-6096,+,482.0,484.0,43.0
56104,STARLINK-6062,+,482.0,484.0,43.0
56105,STARLINK-6066,+,482.0,484.0,43.0
56107,STARLINK-6030,+,482.0,484.0,43.0
56108,STARLINK-6081,+,482.0,484.0,43.0
56109,STARLINK-6083,+,482.0,484.0,43.0
56110,STARLINK-6082,+,481.0,485.0,43.0
56111,STARLINK-6084,+,482.0,484.0,43.0
56112,STARLINK-6080,+,482.0,484.0,43.0
56113,STARLINK-6113,+,482.0,484.0,43.0
56115,STARLINK-6101,+,482.0,484.0,43.0
56116,STARLINK-6114,+,482.0,484.0,43.0
56117,STARLINK-6107,+,482.0,484.0,43.0
56119,STARLINK-6091,+,481.0,485.0,43.01
56120,STARLINK-6079,+,482.0,484.0,43.0
56121,STARLINK-6092,+,482.0,484.0,43.0
56122,STARLINK-6094,+,482.0,484.0,43.0
56123,STARLINK-6115,+,482.0,484.0,43.0
56124,STARLINK-6126,+,482.0,484.0,43.01
56125,STARLINK-6119,+,482.0,484.0,43.0
56126,STARLINK-6124,+,483.0,484.0,43.0
56127,STARLINK-6104,+,482.0,484.0,43.0
56128,STARLINK-6122,+,482.0,484.0,43.0
56129,STARLINK-6121,+,482.0,484.0,43.0
56130,STARLINK-6117,+,482.0,484.0,43.0
56131,STARLINK-6120,+,482.0,484.0,43.0
56132,STARLINK-6071,+,482.0,484.0,43.0
56133,STARLINK-5566,+,482.0,484.0,43.0
56134,STARLINK-5564,+,482.0,484.0,43.0
56136,STARLINK-5489,+,482.0,484.0,43.0
56137,STARLINK-5090,+,482.0,484.0,43.0
56138,STARLINK-4774,+,482.0,484.0,43.0
5614,COSMOS 457,,1182.0,1217.0,74.03
56140,STARLINK-5375,+,482.0,484.0,43.0
56141,STARLINK-5377,+,482.0,485.0,43.01
56142,STARLINK-5376,+,482.0,484.0,43.0
56143,STARLINK-5016,+,503.0,510.0,43.0
56144,STARLINK-5374,+,482.0,484.0,43.0
56146,STARLINK-5111,+,483.0,483.0,43.0
56148,STARLINK-5089,+,482.0,484.0,43.0
56153,PIESAT A,+,522.0,524.0,97.5
56154,PIESAT B,+,522.0,524.0,97.5
56155,PIESAT C,+,522.0,524.0,97.5
56156,PIESAT D,+,522.0,524.0,97.5
56157,OBJECT A,+,1035.0,1144.0,63.4
56162,CHECKMATE 8,+,941.0,952.0,81.0
56163,CHECKMATE 5,+,941.0,952.0,81.0
56164,CHECKMATE 4,+,942.0,951.0,81.0
56165,CHECKMATE 6,+,925.0,948.0,81.01
56166,CHECKMATE 7,+,918.0,947.0,81.0
56167,CHECKMATE 2,+,940.0,951.0,81.01
56168,CHECKMATE 1,+,938.0,955.0,81.01
56169,CHECKMATE 3,+,940.0,951.0,81.0
56170,BB 2,+,772.0,786.0,81.0
56171,BB 1,+,825.0,848.0,81.0
56178,IMECE,+,668.0,681.0,98.11
56186,GHGSAT-C8,+,400.0,406.0,97.29
56191,HAWK-7A,+,479.0,485.0,97.26
56192,ION SCV-010,+,477.0,491.0,97.37
56193,HAWK-7B,+,480.0,484.0,97.26
56200,HAWK-7C,+,480.0,484.0,97.26
56201,NUSAT-39 (TIKVAH ALPER),+,413.0,421.0,97.3
56202,NUSAT-38 (MARIA AGNESI),+,399.0,415.0,97.3
56203,NUSAT-37 (JOAN CLARKE),+,374.0,383.0,97.25
56204,GHGSAT-C6,+,398.0,408.0,97.3
56209,GHGSAT-C7,+,408.0,419.0,97.29
56225,AAC-HSI-SAT1,+,522.0,533.0,97.36
56232,FENGYUN 3G,+,400.0,417.0,49.99
56287,STARLINK-30107,+,482.0,484.0,43.0
56288,STARLINK-30106,+,482.0,484.0,43.0
56289,STARLINK-30095,+,481.0,486.0,43.0
56290,STARLINK-30103,+,482.0,484.0,43.0
56291,STARLINK-30113,+,482.0,485.0,43.01
56292,STARLINK-30098,+,482.0,484.0,43.0
56294,STARLINK-30049,+,482.0,484.0,43.0
56295,STARLINK-30083,+,482.0,484.0,43.0
56296,STARLINK-30089,+,482.0,484.0,43.0
56297,STARLINK-30086,+,482.0,485.0,43.0
56298,STARLINK-30109,+,482.0,484.0,43.0
56299,STARLINK-30108,+,482.0,484.0,43.01
56300,STARLINK-30104,+,482.0,484.0,43.0
56301,STARLINK-30101,+,472.0,476.0,43.0
56302,STARLINK-30111,+,482.0,484.0,43.0
56304,STARLINK-30099,+,482.0,484.0,43.01
56305,STARLINK-30094,+,482.0,484.0,43.0
56306,STARLINK-30112,+,481.0,485.0,43.01
56308,POEM-2,+,568.0,596.0,9.89
56309,LUMELITE-4,+,493.0,499.0,9.99
56310,TELEOS-2,+,577.0,579.0,9.99
56317,STARLINK-6038,+,464.0,467.0,97.28
56318,STARLINK-5954,+,465.0,467.0,97.29
56319,STARLINK-6039,+,548.0,551.0,97.29
56320,STARLINK-5988,+,548.0,551.0,97.28
56321,STARLINK-5876,+,469.0,473.0,97.28
56322,STARLINK-6033,+,548.0,551.0,97.28
56323,STARLINK-6035,+,548.0,551.0,97.28
56324,STARLINK-6034,+,464.0,467.0,97.28
56325,STARLINK-5981,+,548.0,551.0,97.28
56326,STARLINK-5980,+,548.0,551.0,97.29
56327,STARLINK-5997,+,548.0,551.0,97.28
56328,STARLINK-5992,+,464.0,467.0,97.28
56329,STARLINK-5984,+,465.0,466.0,97.29
56331,STARLINK-5991,+,548.0,551.0,97.28
56332,STARLINK-5093,+,548.0,551.0,97.28
56333,STARLINK-5553,+,465.0,467.0,97.28
56334,STARLINK-5548,+,464.0,467.0,97.28
56335,STARLINK-5559,+,465.0,466.0,97.29
56336,STARLINK-5562,+,548.0,551.0,97.28
56337,STARLINK-5561,+,548.0,551.0,97.28
56338,STARLINK-5554,+,548.0,551.0,97.28
56339,STARLINK-5552,+,548.0,551.0,97.28
56340,STARLINK-5540,+,464.0,467.0,97.28
56341,STARLINK-5543,+,548.0,551.0,97.28
56342,STARLINK-5955,+,465.0,467.0,97.28
56343,STARLINK-5976,+,464.0,467.0,97.29
56344,STARLINK-5974,+,465.0,467.0,97.28
56345,STARLINK-5979,+,548.0,551.0,97.28
56346,STARLINK-5837,+,548.0,551.0,97.28
56347,STARLINK-5829,+,464.0,467.0,97.28
56348,STARLINK-5888,+,548.0,551.0,97.28
56349,STARLINK-5887,+,548.0,551.0,97.28
56350,STARLINK-5886,+,465.0,466.0,97.28
56351,STARLINK-5891,+,463.0,466.0,97.29
56352,STARLINK-5885,+,548.0,551.0,97.28
56353,STARLINK-5874,+,548.0,551.0,97.28
56354,STARLINK-5877,+,464.0,467.0,97.28
56355,STARLINK-5533,P,219.0,228.0,97.51
56356,STARLINK-5535,+,464.0,467.0,97.28
56357,STARLINK-5538,+,465.0,467.0,97.28
56358,STARLINK-5482,+,548.0,551.0,97.28
56359,STARLINK-5551,+,548.0,551.0,97.28
56360,STARLINK-5549,+,464.0,467.0,97.28
56361,STARLINK-5550,+,548.0,551.0,97.28
56362,STARLINK-5972,+,464.0,467.0,97.28
56374,STARLINK-6156,+,482.0,484.0,43.0
56375,STARLINK-6158,+,482.0,484.0,43.0
56376,STARLINK-6188,+,482.0,484.0,43.0
56377,STARLINK-6189,+,482.0,484.0,43.0
56378,STARLINK-6191,+,482.0,484.0,43.0
56379,STARLINK-6157,+,482.0,484.0,43.0
56381,STARLINK-6159,+,482.0,484.0,43.0
56382,STARLINK-6160,+,482.0,484.0,43.0
56383,STARLINK-6166,+,482.0,484.0,43.01
56384,STARLINK-6153,+,482.0,484.0,43.01
56385,STARLINK-6173,+,482.0,484.0,43.0
56386,STARLINK-5836,+,482.0,485.0,43.01
56387,STARLINK-6178,+,482.0,484.0,43.0
56388,STARLINK-6176,+,482.0,484.0,43.0
56389,STARLINK-6145,+,482.0,484.0,43.01
56391,STARLINK-6298,+,482.0,484.0,43.0
56392,STARLINK-6301,+,482.0,484.0,43.0
56393,STARLINK-6303,+,483.0,484.0,43.01
56394,STARLINK-6305,+,482.0,484.0,43.0
56395,STARLINK-6273,+,482.0,484.0,43.0
56396,STARLINK-6302,+,482.0,484.0,43.0
56397,STARLINK-6271,P,482.0,484.0,43.0
56398,STARLINK-6288,+,482.0,484.0,43.0
56399,STARLINK-6277,+,482.0,484.0,43.0
56400,STARLINK-6267,+,482.0,484.0,43.0
56404,STARLINK-6287,+,482.0,484.0,43.0
56405,STARLINK-6285,+,482.0,484.0,43.0
56406,STARLINK-6283,+,482.0,484.0,43.01
56407,STARLINK-6282,+,482.0,484.0,43.0
56408,STARLINK-6289,+,482.0,484.0,43.0
56409,STARLINK-6241,+,482.0,484.0,43.0
56410,STARLINK-6281,P,482.0,484.0,43.0
56411,STARLINK-6279,+,482.0,484.0,43.0
56412,STARLINK-6278,+,482.0,484.0,43.0
56413,STARLINK-6258,+,482.0,484.0,43.01
56414,STARLINK-5136,+,482.0,484.0,43.0
56416,STARLINK-6260,+,482.0,484.0,43.0
56417,STARLINK-6261,+,482.0,484.0,43.0
56418,STARLINK-5356,+,482.0,484.0,43.0
56419,STARLINK-5350,+,482.0,484.0,43.0
56420,STARLINK-6272,+,482.0,484.0,43.0
56421,STARLINK-6270,+,482.0,484.0,43.0
56422,STARLINK-6236,+,482.0,484.0,43.0
56423,STARLINK-6239,+,482.0,484.0,43.0
56424,STARLINK-6242,+,482.0,484.0,43.0
56425,STARLINK-6224,+,482.0,484.0,43.0
56426,STARLINK-5352,+,482.0,484.0,43.0
56427,STARLINK-5724,+,482.0,484.0,43.0
56428,STARLINK-6238,+,482.0,484.0,43.0
56429,STARLINK-6264,+,482.0,484.0,43.0
56448,STARLINK-5990,+,570.0,574.0,70.0
56449,STARLINK-5993,+,570.0,574.0,70.0
56450,STARLINK-5970,+,570.0,574.0,70.0
56451,STARLINK-5985,+,570.0,574.0,70.0
56452,STARLINK-5986,+,570.0,574.0,70.0
56453,STARLINK-5935,+,570.0,574.0,70.0
56454,STARLINK-5959,+,570.0,574.0,70.0
56455,STARLINK-5987,+,570.0,574.0,70.0
56456,STARLINK-5995,+,570.0,574.0,70.0
56457,STARLINK-5994,+,570.0,574.0,70.0
56458,STARLINK-6050,+,570.0,574.0,70.0
56459,STARLINK-6048,+,570.0,574.0,70.0
56460,STARLINK-6047,+,570.0,574.0,70.0
56461,STARLINK-6037,+,570.0,574.0,70.0
56462,STARLINK-6045,+,570.0,574.0,70.0
56463,STARLINK-6051,+,570.0,574.0,70.0
56464,STARLINK-6043,+,570.0,574.0,70.0
56465,STARLINK-6054,+,570.0,574.0,70.0
56466,STARLINK-6053,+,570.0,574.0,70.0
56467,STARLINK-6055,+,570.0,574.0,70.0
56468,STARLINK-5998,+,570.0,574.0,70.0
56469,STARLINK-5518,+,570.0,574.0,70.0
56470,STARLINK-5523,+,570.0,574.0,70.0
56471,STARLINK-5521,+,570.0,574.0,70.0
56472,STARLINK-5038,+,570.0,574.0,70.0
56474,STARLINK-5524,+,570.0,574.0,70.0
56475,STARLINK-5541,+,570.0,574.0,70.0
56476,STARLINK-5545,+,570.0,574.0,70.0
56477,STARLINK-5534,+,570.0,574.0,70.0
56478,STARLINK-6041,+,570.0,574.0,70.0
56479,STARLINK-6044,+,570.0,574.0,70.0
56480,STARLINK-6214,P,421.0,426.0,69.99
56481,STARLINK-6222,+,570.0,574.0,70.0
56482,STARLINK-6220,+,570.0,574.0,70.0
56483,STARLINK-5868,+,570.0,574.0,70.0
56484,STARLINK-6221,+,570.0,574.0,70.0
56485,STARLINK-6210,+,570.0,574.0,70.0
56487,STARLINK-6196,+,570.0,574.0,70.0
56488,STARLINK-6204,+,570.0,574.0,70.0
56489,STARLINK-5923,+,570.0,574.0,70.0
56490,STARLINK-5873,+,570.0,574.0,70.0
56491,STARLINK-5842,+,570.0,574.0,70.0
56492,STARLINK-5846,+,570.0,574.0,70.0
56493,STARLINK-5841,+,570.0,574.0,70.0
56494,STARLINK-5530,+,570.0,574.0,70.0
56495,STARLINK-5529,+,570.0,574.0,70.0
56496,STARLINK-5526,+,570.0,574.0,70.0
56497,STARLINK-5527,+,570.0,574.0,70.0
56498,STARLINK-5522,+,570.0,574.0,70.0
56503,STARLINK-5775,+,482.0,484.0,43.01
56504,STARLINK-5716,+,482.0,484.0,43.01
56505,STARLINK-5763,+,482.0,484.0,43.0
56506,STARLINK-5340,+,482.0,484.0,43.0
56507,STARLINK-5333,+,482.0,484.0,43.0
56508,STARLINK-5335,+,482.0,484.0,43.0
56509,STARLINK-5334,+,482.0,484.0,43.01
56510,STARLINK-5339,+,482.0,484.0,43.0
56511,STARLINK-5351,+,482.0,484.0,43.0
56512,STARLINK-5349,+,482.0,484.0,43.0
56513,STARLINK-5329,+,482.0,484.0,43.0
56515,STARLINK-5348,+,482.0,485.0,43.01
56516,STARLINK-5342,+,482.0,484.0,43.01
56517,STARLINK-5345,+,482.0,484.0,43.0
56518,STARLINK-5346,+,482.0,484.0,43.0
56519,STARLINK-6313,+,482.0,484.0,43.0
56520,STARLINK-6344,+,482.0,484.0,43.01
56521,STARLINK-6333,+,482.0,485.0,43.0
56522,STARLINK-6327,+,482.0,484.0,43.0
56523,STARLINK-6328,+,482.0,484.0,43.0
56524,STARLINK-6323,+,482.0,484.0,43.0
56525,STARLINK-6329,+,482.0,484.0,43.0
56526,STARLINK-6317,+,482.0,484.0,43.0
56527,STARLINK-6335,+,482.0,484.0,43.0
56528,STARLINK-6337,+,482.0,484.0,43.01
56529,STARLINK-6307,+,481.0,485.0,43.01
56530,STARLINK-6318,+,482.0,484.0,43.0
56531,STARLINK-6280,+,482.0,484.0,43.0
56532,STARLINK-6319,+,482.0,484.0,43.0
56533,STARLINK-6310,+,482.0,485.0,43.01
56534,STARLINK-6308,+,482.0,484.0,43.0
56535,STARLINK-6309,+,482.0,484.0,43.01
56536,STARLINK-6312,+,482.0,484.0,43.0
56537,STARLINK-6311,+,482.0,484.0,43.01
56538,STARLINK-6314,+,482.0,484.0,43.0
56539,STARLINK-6135,+,482.0,484.0,43.0
56540,STARLINK-6136,+,482.0,484.0,43.0
56541,STARLINK-6249,+,482.0,484.0,43.0
56542,STARLINK-6266,+,482.0,484.0,43.0
56544,STARLINK-6226,+,482.0,484.0,43.01
56545,STARLINK-6086,+,482.0,484.0,43.0
56546,STARLINK-6187,+,483.0,483.0,43.0
56547,STARLINK-6291,+,482.0,484.0,43.0
56548,STARLINK-6244,+,482.0,484.0,43.0
56549,STARLINK-6263,+,482.0,484.0,43.0
56550,STARLINK-6255,+,482.0,484.0,43.0
56551,STARLINK-6199,+,482.0,484.0,43.0
56552,STARLINK-5802,+,482.0,484.0,43.0
56553,STARLINK-6074,+,482.0,484.0,43.0
56554,STARLINK-6295,+,482.0,484.0,43.0
56555,STARLINK-6252,+,482.0,485.0,43.01
56556,STARLINK-5302,+,482.0,485.0,43.0
56557,STARLINK-6265,+,482.0,484.0,43.0
56558,STARLINK-6286,+,482.0,485.0,43.0
56688,STARLINK-30122,+,482.0,484.0,43.0
56689,STARLINK-30129,+,482.0,484.0,43.0
56690,STARLINK-30124,+,482.0,484.0,43.0
56692,STARLINK-30036,+,482.0,484.0,43.0
56693,STARLINK-30067,+,482.0,484.0,43.0
56694,STARLINK-30126,+,482.0,484.0,43.0
56695,STARLINK-30121,+,482.0,484.0,43.0
56697,STARLINK-30130,+,482.0,484.0,43.0
56698,STARLINK-30068,+,482.0,484.0,43.0
56699,STARLINK-30127,+,482.0,484.0,43.0
56700,STARLINK-30053,+,482.0,484.0,43.0
56701,STARLINK-30125,+,481.0,485.0,43.0
56702,STARLINK-30117,+,482.0,484.0,43.0
56703,STARLINK-30132,+,482.0,484.0,43.01
56704,STARLINK-30066,+,482.0,484.0,43.0
56705,STARLINK-30080,+,482.0,484.0,43.0
56706,STARLINK-30079,+,482.0,484.0,43.0
56707,STARLINK-30070,+,482.0,484.0,43.0
56708,STARLINK-30071,+,482.0,484.0,43.0
56709,STARLINK-30085,+,482.0,484.0,43.0
56710,ONEWEB-0561,+,1180.0,1183.0,87.91
56711,ONEWEB-0668,+,1197.0,1199.0,87.91
56712,ONEWEB-0676,+,1196.0,1199.0,87.91
56713,ONEWEB-0677,+,1180.0,1183.0,87.91
56714,ONEWEB-0678,+,1200.0,1204.0,87.9
56715,ONEWEB-0679,+,1197.0,1199.0,87.91
56716,ONEWEB-0680,+,1177.0,1179.0,87.92
56717,ONEWEB-0681,+,1178.0,1182.0,87.92
56718,ONEWEB-0682,+,1201.0,1203.0,87.9
56719,ONEWEB-0683,+,1200.0,1203.0,87.9
56720,ONEWEB-0684,+,1199.0,1204.0,87.9
56721,ONEWEB-0686,+,1196.0,1199.0,87.91
56722,ONEWEB-0694,+,1197.0,1199.0,87.91
56723,ONEWEB-0696,+,1200.0,1204.0,87.9
56724,ONEWEB-0703,+,1200.0,1204.0,87.9
56725,ONEWEB-0721,P,1174.0,1177.0,86.67
56726,IRIDIUM 181,+,746.0,749.0,86.45
56727,IRIDIUM 177,+,627.0,631.0,86.2
56728,IRIDIUM 174,+,652.0,656.0,86.61
56729,IRIDIUM 178,+,627.0,631.0,86.66
56730,IRIDIUM 179,+,627.0,631.0,86.68
56731,OBJECT A,+,435.0,442.0,40.99
56732,OBJECT B,+,525.0,541.0,41.01
56743,NEXTSAT-2,+,475.0,484.0,97.52
56744,SNIPE 4,+,427.0,437.0,97.52
56745,SNIPE 2,+,413.0,420.0,97.52
56746,OBJECT D,+,311.0,315.0,97.48
56747,OBJECT E,+,411.0,417.0,97.5
56748,OBJECT F,+,464.0,474.0,97.51
56749,OBJECT G,+,401.0,408.0,97.48
56756,KONDOR-FKA NO. 1,+,506.0,508.0,97.44
56767,STARLINK-6197,P,491.0,501.0,69.99
56768,STARLINK-6198,+,569.0,575.0,70.0
56770,STARLINK-6342,+,570.0,575.0,70.0
56772,STARLINK-6275,+,570.0,575.0,70.0
56773,STARLINK-6296,+,569.0,575.0,70.0
56774,STARLINK-6190,+,570.0,574.0,70.0
56775,STARLINK-6292,+,569.0,575.0,70.0
56776,STARLINK-6274,+,569.0,575.0,70.0
56777,STARLINK-5582,+,570.0,575.0,70.0
56778,STARLINK-6304,+,569.0,575.0,70.0
56779,STARLINK-6231,+,569.0,575.0,70.0
5678,OPS 7898 (P/L 1),,981.0,989.0,69.99
56780,STARLINK-5963,+,569.0,575.0,70.0
56781,STARLINK-5989,+,570.0,575.0,70.0
56782,STARLINK-6352,+,569.0,575.0,70.0
56783,STARLINK-6357,+,570.0,575.0,70.0
56784,STARLINK-6354,+,569.0,575.0,70.0
56785,STARLINK-5931,+,569.0,575.0,70.0
56786,STARLINK-6341,+,569.0,575.0,70.0
56787,STARLINK-6326,+,569.0,575.0,70.0
56788,STARLINK-6336,+,570.0,575.0,70.0
56790,STARLINK-6345,+,569.0,575.0,70.0
56791,STARLINK-5977,+,570.0,575.0,70.0
56792,STARLINK-6046,+,570.0,574.0,70.0
56793,STARLINK-6052,+,569.0,575.0,70.0
56794,STARLINK-6060,+,569.0,575.0,70.0
56795,STARLINK-6061,+,570.0,575.0,70.0
56796,STARLINK-6049,+,569.0,575.0,70.0
56797,STARLINK-6058,+,570.0,574.0,70.0
56799,STARLINK-5953,+,570.0,574.0,70.0
5680,OPS 7898 (P/L 2),,979.0,986.0,69.99
56800,STARLINK-6036,+,570.0,575.0,70.0
56801,STARLINK-6087,+,569.0,575.0,70.0
56803,STARLINK-6029,+,570.0,574.0,70.0
56804,STARLINK-6069,+,569.0,575.0,70.0
56805,STARLINK-6064,+,570.0,575.0,70.0
56806,STARLINK-6072,+,569.0,574.0,70.0
56807,STARLINK-6073,+,569.0,575.0,70.0
56808,STARLINK-6042,+,569.0,575.0,70.0
56809,STARLINK-6040,+,570.0,575.0,70.0
5681,OPS 7898 (P/L 3),,979.0,987.0,69.99
56810,STARLINK-6031,+,569.0,575.0,70.0
56812,STARLINK-6065,+,561.0,574.0,70.0
56813,STARLINK-6056,+,570.0,575.0,70.0
56814,STARLINK-6059,+,570.0,574.0,70.0
56816,STARLINK-6067,+,569.0,575.0,70.0
56818,STARLINK-6028,+,570.0,575.0,70.0
5682,OPS 7898 (P/L 4),,979.0,987.0,69.99
56823,STARLINK-30119,+,482.0,484.0,43.0
56824,STARLINK-30120,+,482.0,484.0,43.0
56825,STARLINK-30084,+,482.0,484.0,43.0
56826,STARLINK-30114,+,482.0,484.0,43.0
56827,STARLINK-30151,+,482.0,484.0,43.0
56828,STARLINK-30152,+,482.0,484.0,43.0
5683,COSMOS 465,,963.0,1005.0,74.03
56832,STARLINK-30128,+,482.0,484.0,43.0
56833,STARLINK-30131,+,486.0,490.0,43.01
56834,STARLINK-30069,P,482.0,484.0,43.0
56835,STARLINK-30144,P,407.0,431.0,42.99
56836,STARLINK-30142,+,482.0,484.0,43.0
56837,STARLINK-30133,+,482.0,484.0,43.0
56838,STARLINK-30123,+,483.0,484.0,43.0
56839,STARLINK-30076,+,482.0,484.0,43.0
56840,STARLINK-30073,+,482.0,484.0,43.0
56841,STARLINK-30078,+,482.0,484.0,43.0
56842,STARLINK-30135,+,482.0,484.0,43.0
56843,STARLINK-30137,+,482.0,484.0,43.0
56844,STARLINK-30136,+,482.0,484.0,43.0
56846,OBJECT A,+,493.0,494.0,97.37
56866,OBJECT W,+,481.0,497.0,97.28
56874,LONGJIANG 3,+,461.0,470.0,49.1
56876,STARLINK-6206,+,482.0,484.0,43.0
56877,STARLINK-6209,+,482.0,484.0,43.0
56878,STARLINK-6182,+,483.0,484.0,43.0
56879,STARLINK-5707,+,483.0,484.0,43.0
56880,STARLINK-6177,+,482.0,484.0,43.0
56881,STARLINK-5853,+,483.0,484.0,43.0
56882,STARLINK-6175,+,482.0,484.0,43.0
56883,STARLINK-6171,+,482.0,484.0,43.0
56884,STARLINK-5515,+,482.0,484.0,43.0
56885,STARLINK-5095,+,482.0,485.0,43.0
56886,STARLINK-5496,+,482.0,484.0,43.0
56887,STARLINK-6180,+,482.0,484.0,43.0
56888,STARLINK-6181,+,482.0,484.0,43.0
56889,STARLINK-6169,+,482.0,484.0,43.0
56890,STARLINK-5528,+,482.0,484.0,43.0
56891,STARLINK-6213,+,482.0,484.0,43.0
56892,STARLINK-6219,+,483.0,484.0,43.0
56893,STARLINK-6216,+,482.0,484.0,43.0
56894,STARLINK-6144,+,482.0,484.0,43.0
56895,STARLINK-6208,+,482.0,484.0,43.0
56896,STARLINK-6202,+,482.0,484.0,43.0
56897,STARLINK-6200,+,482.0,484.0,43.0
56898,STARLINK-6205,+,483.0,483.0,43.0
56899,STARLINK-6203,+,482.0,484.0,43.0
56900,STARLINK-6207,+,483.0,484.0,43.0
56901,STARLINK-6185,+,483.0,484.0,43.0
56902,STARLINK-6195,+,483.0,484.0,43.0
56903,STARLINK-6192,+,482.0,484.0,43.0
56904,STARLINK-6193,+,482.0,484.0,43.0
56905,STARLINK-6183,+,482.0,484.0,43.0
56906,STARLINK-6098,+,482.0,484.0,43.0
56907,STARLINK-6110,+,482.0,484.0,43.0
56908,STARLINK-6186,+,482.0,484.0,43.0
56909,STARLINK-5999,+,482.0,484.0,43.0
56910,STARLINK-6179,+,482.0,484.0,43.0
56911,STARLINK-6116,+,482.0,484.0,43.0
56912,STARLINK-5805,+,482.0,484.0,43.0
56913,STARLINK-5950,+,482.0,484.0,43.0
56914,STARLINK-5961,+,483.0,483.0,43.0
56915,STARLINK-5965,+,482.0,484.0,43.0
56916,STARLINK-5973,+,482.0,484.0,43.0
56917,STARLINK-5971,+,482.0,484.0,43.0
56918,STARLINK-5951,+,482.0,484.0,43.0
56919,STARLINK-5966,+,483.0,484.0,43.0
56920,STARLINK-5960,+,482.0,484.0,43.0
56921,STARLINK-5958,+,482.0,484.0,43.0
56922,STARLINK-5937,+,482.0,484.0,43.0
56923,STARLINK-5952,+,482.0,484.0,43.0
56924,STARLINK-5731,+,482.0,484.0,43.0
56925,STARLINK-5733,+,482.0,484.0,43.0
56926,STARLINK-5746,+,482.0,484.0,43.0
56927,STARLINK-5808,+,482.0,484.0,43.0
56934,GEISAT PRECURSOR,+,455.0,464.0,97.63
56943,NUSAT-40 (C SHOEMAKER),+,284.0,289.0,97.48
56944,NUSAT-41 (C PAYNE-G),+,470.0,482.0,97.56
56946,GREGOIRE,+,443.0,453.0,97.63
56950,BLACKJACK ACES-3,+,507.0,511.0,97.63
56953,RUNNER-1 (TYVAK-1005),+,443.0,456.0,97.63
56954,HOTSAT-1,-,494.0,497.0,97.63
56955,BLACKJACK ACES-2,+,507.0,511.0,97.63
56956,BLACKJACK ACES-1,+,507.0,511.0,97.62
56957,ION SCV-011,+,472.0,483.0,98.14
56958,GHOST-3,+,412.0,422.0,97.63
56960,ORBITER SN3,+,453.0,466.0,97.64
56963,ICEYE-X25,+,371.0,377.0,97.59
56964,AFR-1,+,470.0,487.0,97.64
56966,NUSAT-42 (M WONENBURGER),+,419.0,426.0,97.58
56970,LEMUR-2-EMBRIONOVIS,+,442.0,455.0,97.64
56995,AAC-HSI-SAT2,+,496.0,511.0,97.83
56996,AAC-AIS-SAT2,+,572.0,650.0,98.16
57004,OBJECT A,+,465.0,475.0,97.5
57012,OBJECT J,+,453.0,462.0,97.5
57014,OBJECT L,+,463.0,470.0,97.5
57023,OBJECT V,+,456.0,464.0,97.5
57026,OBJECT Y,+,450.0,457.0,97.5
57031,OBJECT AD,+,451.0,462.0,97.5
57036,OBJECT AJ,+,505.0,514.0,97.49
57037,OBJECT AK,+,507.0,514.0,97.49
57038,OBJECT AL,+,452.0,460.0,97.5
57044,OBJECT AS,+,446.0,455.0,97.5
57047,SHIYAN-25 (SY-25),+,267.0,277.0,96.88
57049,STARLINK-5850,+,482.0,484.0,43.0
5705,COSMOS 468,,759.0,780.0,74.02
57050,STARLINK-5845,+,482.0,484.0,43.0
57051,STARLINK-5839,+,482.0,484.0,43.0
57052,STARLINK-5860,+,482.0,484.0,43.0
57053,STARLINK-5865,+,482.0,484.0,43.0
57054,STARLINK-5881,+,482.0,484.0,43.0
57055,STARLINK-6237,+,483.0,483.0,43.0
57056,STARLINK-6353,+,483.0,483.0,43.0
57057,STARLINK-6223,+,482.0,484.0,43.0
57058,STARLINK-6217,+,483.0,484.0,43.0
57059,STARLINK-6211,P,482.0,484.0,43.0
57060,STARLINK-6227,+,482.0,484.0,43.0
57061,STARLINK-5869,+,484.0,485.0,43.0
57062,STARLINK-5536,+,482.0,484.0,43.0
57063,STARLINK-5832,+,482.0,484.0,43.0
57064,STARLINK-5822,+,482.0,484.0,43.0
57065,STARLINK-5830,+,482.0,484.0,43.0
57066,STARLINK-5827,+,481.0,485.0,43.01
57067,STARLINK-5824,+,482.0,484.0,43.0
57068,STARLINK-5844,+,482.0,484.0,43.0
57069,STARLINK-5821,+,482.0,484.0,43.0
57070,STARLINK-5828,+,482.0,484.0,43.0
57071,STARLINK-5834,+,482.0,484.0,43.0
57072,STARLINK-5843,+,482.0,484.0,43.0
57073,STARLINK-5838,+,482.0,484.0,43.0
57074,STARLINK-5773,+,482.0,484.0,43.0
57075,STARLINK-5542,+,482.0,484.0,43.0
57076,STARLINK-6155,+,482.0,484.0,43.0
57077,STARLINK-6194,+,482.0,484.0,43.0
57079,STARLINK-6245,+,483.0,483.0,43.0
57080,STARLINK-6243,+,482.0,484.0,43.0
57081,STARLINK-6184,+,482.0,484.0,43.0
57082,STARLINK-6248,+,482.0,484.0,43.0
57083,STARLINK-6253,+,482.0,484.0,43.0
57084,STARLINK-6240,+,482.0,484.0,43.0
57085,STARLINK-6232,+,482.0,484.0,43.0
57086,STARLINK-6247,+,483.0,484.0,43.0
57087,STARLINK-6251,+,482.0,484.0,43.0
57088,STARLINK-6257,+,482.0,484.0,43.0
57089,STARLINK-6259,+,482.0,484.0,43.0
57090,STARLINK-6254,+,482.0,484.0,43.0
57091,STARLINK-6262,+,483.0,483.0,43.0
57092,STARLINK-6225,+,482.0,484.0,43.0
57093,STARLINK-6229,+,482.0,484.0,43.0
57094,STARLINK-6235,+,482.0,484.0,43.0
57101,STARLINK-6132,+,482.0,484.0,43.01
57102,STARLINK-6111,+,481.0,485.0,43.01
57104,STARLINK-6130,+,482.0,484.0,43.01
57105,STARLINK-6097,+,482.0,484.0,43.0
57106,STARLINK-6118,+,482.0,484.0,43.01
57107,STARLINK-6131,+,482.0,484.0,43.0
57108,STARLINK-6099,+,482.0,484.0,43.01
57109,STARLINK-6139,+,482.0,484.0,43.0
57110,STARLINK-6134,+,482.0,484.0,43.0
57111,STARLINK-6140,+,480.0,486.0,43.0
57112,STARLINK-6141,+,482.0,484.0,43.01
57113,STARLINK-6142,+,482.0,484.0,43.0
57114,STARLINK-6125,+,483.0,484.0,43.0
57115,STARLINK-6085,P,493.0,520.0,43.0
57116,STARLINK-6129,+,482.0,484.0,43.0
57117,STARLINK-6148,+,482.0,484.0,43.0
57119,STARLINK-6150,+,482.0,484.0,43.0
57120,STARLINK-6147,+,482.0,484.0,43.0
57121,STARLINK-6152,+,481.0,485.0,43.01
57122,STARLINK-6149,+,482.0,484.0,43.0
57123,STARLINK-6154,+,482.0,484.0,43.01
57124,STARLINK-6146,+,482.0,484.0,43.0
57125,STARLINK-6100,+,483.0,484.0,43.0
57126,STARLINK-6167,+,482.0,484.0,43.0
57127,STARLINK-6165,+,482.0,484.0,43.0
57128,STARLINK-6163,+,482.0,484.0,43.0
57129,STARLINK-6170,+,481.0,485.0,43.0
57130,STARLINK-6172,+,482.0,484.0,43.0
57131,STARLINK-6162,+,482.0,484.0,43.0
57132,STARLINK-6128,+,482.0,484.0,43.01
57133,STARLINK-6143,+,482.0,484.0,43.0
57134,STARLINK-6133,+,482.0,484.0,43.0
57135,STARLINK-6127,+,482.0,484.0,43.0
57136,STARLINK-6112,+,482.0,484.0,43.0
57137,STARLINK-5347,+,481.0,485.0,43.0
57138,STARLINK-5336,+,482.0,484.0,43.0
57139,STARLINK-5355,+,482.0,484.0,43.0
57141,STARLINK-5357,+,482.0,484.0,43.0
57142,STARLINK-5361,+,482.0,485.0,43.0
57143,STARLINK-5358,+,482.0,484.0,43.0
57144,STARLINK-5150,+,482.0,484.0,43.0
57145,STARLINK-5768,+,482.0,484.0,43.0
57146,STARLINK-5791,+,482.0,484.0,43.0
57147,STARLINK-5765,+,482.0,484.0,43.01
57148,STARLINK-5788,+,482.0,484.0,43.01
57149,STARLINK-5778,+,482.0,484.0,43.01
57150,STARLINK-5780,+,482.0,484.0,43.0
57151,STARLINK-5776,+,482.0,484.0,43.0
57152,STARLINK-6164,+,482.0,484.0,43.0
57153,STARLINK-5879,+,482.0,485.0,43.0
57154,STARLINK-6106,+,482.0,484.0,43.0
57155,STARLINK-6108,+,482.0,484.0,43.01
57156,STARLINK-6137,P,208.0,219.0,43.0
57166,METEOR-M2 3,+,809.0,814.0,98.6
57168,OBJECT C,+,476.0,490.0,97.5
57169,OBJECT D,+,484.0,497.0,97.51
57170,OBJECT E,+,485.0,496.0,97.51
57171,OBJECT F,+,484.0,497.0,97.51
57172,UMKA 1 (RS40S),+,494.0,509.0,97.5
57173,OBJECT H,+,471.0,482.0,97.5
57174,OBJECT J,+,515.0,531.0,97.5
57175,CUBEBEL 2 (EU11S),+,468.0,480.0,97.5
57176,SITRO-AIS 5 (KATYS),+,467.0,480.0,97.5
57177,ZORKIY-2M 1,+,493.0,509.0,97.5
57178,CUBESX-HSE 3 (RS42S),+,461.0,474.0,97.5
57179,OBJECT P,+,506.0,524.0,97.5
57180,MONITOR-3 (RS58S),+,472.0,486.0,97.5
57181,OBJECT R,+,512.0,531.0,97.5
57182,MONITOR-4 (RS57S),+,472.0,486.0,97.5
57183,OBJECT T,+,501.0,514.0,97.5
57184,MONITOR-2 (RS39S),+,501.0,514.0,97.5
57185,OBJECT V,+,436.0,445.0,97.5
57186,CSTP 1.2 (STC 1.2),+,465.0,488.0,97.51
57187,SVYATOBOR 1 (RS60S),+,477.0,489.0,97.5
57188,HORS 1,+,477.0,488.0,97.5
57189,VIZARD-METEO (RS38S),+,447.0,457.0,97.5
57191,POLYTECH-UNIVERSE 3 (RS46S),+,498.0,516.0,97.5
57192,SITRO-AIS 6 (CHIRKIN),+,478.0,492.0,97.5
57193,SITRO-AIS 8 (ANOKHIN),+,458.0,471.0,97.5
57194,SITRO-AIS 7 (FARTUSHNIY),+,479.0,493.0,97.5
57195,AVION KALUGA 650,+,497.0,509.0,97.5
57196,HORS 2,+,461.0,471.0,97.5
57197,A-SEANSAT-PG1,+,444.0,454.0,97.5
57199,SITRO-AIS 10 (BURDAEV),+,439.0,448.0,97.5
57200,OBJECT AL,+,414.0,423.0,97.5
57201,SITRO-AIS 9 (SHCHUKIN),+,441.0,450.0,97.5
57202,CSTP 1.1 (STC 1.1),+,501.0,512.0,97.51
57203,UTMN 2 (RS27S),+,460.0,471.0,97.5
57204,SITRO-AIS 12 (SMIRENNIY),+,440.0,449.0,97.5
57206,OBJECT AS,+,337.0,343.0,97.5
57208,SITRO-AIS 11 (SHEFFER),+,438.0,447.0,97.5
5721,COSMOS 469,,929.0,1026.0,64.49
57217,KUZGTU 1 (RS47S),+,466.0,479.0,97.5
57218,STARLINK-5525,+,482.0,484.0,43.0
57219,STARLINK-5520,+,482.0,484.0,43.01
57220,STARLINK-5880,+,482.0,484.0,43.0
57222,STARLINK-5870,+,483.0,484.0,43.0
57223,STARLINK-5519,+,483.0,484.0,43.0
57224,STARLINK-5983,+,482.0,484.0,43.0
57225,STARLINK-6294,+,482.0,484.0,43.0
57226,STARLINK-6350,+,482.0,484.0,43.0
57227,STARLINK-5996,+,482.0,484.0,43.0
57228,STARLINK-6230,+,483.0,484.0,43.0
57229,STARLINK-6233,+,482.0,484.0,43.0
57230,STARLINK-6250,+,482.0,484.0,43.0
57231,STARLINK-5840,+,482.0,484.0,43.0
57232,STARLINK-5872,+,482.0,484.0,43.0
57233,STARLINK-5866,+,482.0,484.0,43.0
57234,STARLINK-6368,+,482.0,484.0,43.0
57235,STARLINK-6360,+,482.0,484.0,43.0
57236,STARLINK-6315,+,482.0,484.0,43.0
57237,STARLINK-6365,+,482.0,484.0,43.0
57238,STARLINK-6334,+,482.0,484.0,43.0
57239,STARLINK-6330,+,483.0,484.0,43.0
57240,STARLINK-6351,+,482.0,484.0,43.0
57241,STARLINK-6349,+,482.0,484.0,43.0
57242,STARLINK-6306,+,482.0,484.0,43.0
57243,STARLINK-6346,+,482.0,484.0,43.0
57244,STARLINK-5610,+,482.0,484.0,43.0
57245,STARLINK-5587,+,483.0,484.0,43.0
57246,STARLINK-5049,+,483.0,484.0,43.0
57247,STARLINK-5039,+,483.0,483.0,43.0
57248,STARLINK-5514,+,482.0,484.0,43.0
57249,STARLINK-5517,+,482.0,484.0,43.0
57250,STARLINK-5488,+,482.0,484.0,43.0
57251,STARLINK-5513,+,482.0,484.0,43.0
57252,STARLINK-5511,+,483.0,484.0,43.0
57253,STARLINK-5516,+,482.0,484.0,43.0
57254,STARLINK-5490,+,483.0,484.0,43.0
57255,STARLINK-5481,+,483.0,484.0,43.0
57256,STARLINK-5512,+,482.0,484.0,43.0
57257,STARLINK-5503,+,482.0,484.0,43.0
57258,STARLINK-5476,+,482.0,484.0,43.0
57260,STARLINK-5026,+,482.0,484.0,43.0
57261,STARLINK-5485,+,482.0,484.0,43.0
57262,STARLINK-5504,+,483.0,484.0,43.0
57263,STARLINK-5509,+,482.0,484.0,43.0
57264,STARLINK-5858,+,482.0,484.0,43.0
57288,HULIANWANG JISHU SHIYAN A,+,1098.0,1124.0,86.51
57289,HULIANWANG JISHU SHIYAN B,+,1099.0,1123.0,86.51
5729,AUREOLE 1,,382.0,1404.0,73.95
57290,STARLINK-30198,+,466.0,484.0,42.98
57291,STARLINK-30239,+,438.0,440.0,43.0
57294,STARLINK-30235,+,459.0,461.0,43.0
573,TELSTAR 2 (A-41),,962.0,10808.0,42.76
57300,STARLINK-30236,+,432.0,434.0,43.0
57301,STARLINK-30201,+,482.0,484.0,43.0
57302,STARLINK-30233,+,449.0,451.0,43.0
5731,METEOR 1-10,,837.0,869.0,81.26
57310,STARLINK-30184,+,482.0,484.0,43.0
57328,STARLINK-6290,+,482.0,484.0,43.0
57329,STARLINK-6138,+,482.0,484.0,43.0
57330,STARLINK-6212,+,482.0,484.0,43.0
57331,STARLINK-6234,+,482.0,484.0,43.0
57332,STARLINK-5831,+,482.0,484.0,43.0
57333,STARLINK-5585,+,482.0,485.0,43.0
57334,STARLINK-5589,+,482.0,484.0,43.0
57335,STARLINK-6316,+,482.0,484.0,43.0
57336,STARLINK-6320,+,482.0,484.0,43.01
57337,STARLINK-6322,+,482.0,484.0,43.01
57338,STARLINK-6374,+,482.0,484.0,43.01
57339,STARLINK-6332,+,482.0,484.0,43.0
57340,STARLINK-6321,+,481.0,485.0,43.0
57341,STARLINK-6377,+,482.0,484.0,43.0
57342,STARLINK-6375,+,482.0,485.0,43.01
57343,STARLINK-6379,+,482.0,484.0,43.01
57344,STARLINK-6380,+,481.0,485.0,43.0
57345,STARLINK-6373,+,482.0,484.0,43.0
57346,STARLINK-6359,+,482.0,484.0,43.0
57347,STARLINK-6378,+,482.0,484.0,43.0
57348,STARLINK-6372,+,482.0,485.0,43.01
57349,STARLINK-6376,+,482.0,484.0,43.01
57350,STARLINK-6362,+,482.0,484.0,43.0
57351,STARLINK-6331,+,482.0,484.0,43.01
57352,STARLINK-6297,+,482.0,484.0,43.01
57353,STARLINK-6324,+,482.0,484.0,43.01
57354,STARLINK-6293,+,482.0,484.0,43.0
57355,STARLINK-6276,+,482.0,484.0,43.0
57356,STARLINK-6355,+,482.0,484.0,43.0
57357,STARLINK-5600,+,482.0,484.0,43.0
57358,STARLINK-6299,+,482.0,484.0,43.0
57359,STARLINK-6347,+,482.0,485.0,43.01
57360,STARLINK-6348,+,482.0,484.0,43.0
57361,STARLINK-6340,+,482.0,484.0,43.0
57362,STARLINK-6343,+,482.0,484.0,43.0
57363,STARLINK-6356,+,482.0,484.0,43.0
57364,STARLINK-6338,+,482.0,484.0,43.0
57365,STARLINK-5007,+,482.0,484.0,43.01
57366,STARLINK-6174,+,482.0,484.0,43.01
57367,STARLINK-6215,+,482.0,484.0,43.0
57368,STARLINK-6218,+,482.0,484.0,43.01
57369,STARLINK-6168,+,465.0,473.0,43.0
57370,STARLINK-5353,+,482.0,484.0,43.0
57371,STARLINK-6032,+,482.0,484.0,43.01
57372,STARLINK-5975,+,482.0,484.0,43.0
57373,STARLINK-6370,+,481.0,485.0,43.0
57374,STARLINK-6369,+,482.0,484.0,43.01
57375,STARLINK-6363,+,482.0,484.0,43.01
57376,STARLINK-6367,+,482.0,484.0,43.0
57377,STARLINK-6358,+,482.0,484.0,43.01
57378,STARLINK-6364,+,482.0,484.0,43.0
57379,STARLINK-6361,+,482.0,484.0,43.01
57380,STARLINK-6366,+,482.0,484.0,43.0
57381,STARLINK-6371,+,483.0,484.0,43.0
57386,STARLING 4,+,542.0,549.0,99.51
57387,STARLING 2,+,542.0,549.0,99.51
57388,STARLING 1,+,541.0,550.0,99.51
57389,STARLING 3,+,524.0,530.0,99.5
57391,LEMUR-2-DEVERILL-M-T,+,433.0,442.0,99.44
57392,LEO 3,P,992.0,1019.0,99.57
57399,TIANMU-1 07,+,474.0,475.0,97.25
57400,TIANMU-1 08,+,473.0,476.0,97.25
57401,TIANMU-1 09,+,473.0,475.0,97.25
57402,TIANMU-1 10,+,472.0,476.0,97.26
57404,STARLINK-30240,+,481.0,486.0,43.01
57407,STARLINK-30207,+,482.0,484.0,43.0
57408,STARLINK-30205,+,473.0,479.0,43.0
57409,STARLINK-30222,+,482.0,484.0,43.0
57410,STARLINK-30172,+,463.0,466.0,43.0
57411,STARLINK-30214,+,484.0,486.0,43.0
57412,STARLINK-30182,+,433.0,436.0,43.0
57413,STARLINK-30191,+,472.0,473.0,43.0
57414,STARLINK-30193,P,373.0,383.0,43.0
57415,STARLINK-30208,+,482.0,484.0,43.0
57416,STARLINK-30224,+,440.0,443.0,43.0
57417,STARLINK-30043,+,482.0,484.0,43.0
57418,STARLINK-30221,+,444.0,446.0,43.0
57422,QIANKUN-1,+,232.0,284.0,96.13
57424,OBJECT A,+,453.0,461.0,97.27
57426,OBJECT C,+,473.0,500.0,97.26
57433,STARLINK-30105,+,482.0,484.0,43.0
57434,STARLINK-30102,+,482.0,484.0,43.01
57438,STARLINK-30158,+,482.0,484.0,43.01
57441,STARLINK-30160,+,483.0,484.0,43.0
57442,STARLINK-30146,+,482.0,484.0,43.01
57443,STARLINK-30197,+,482.0,484.0,43.01
57444,STARLINK-30181,+,482.0,484.0,43.0
57445,STARLINK-30215,+,482.0,484.0,43.0
57446,STARLINK-30162,+,482.0,484.0,43.0
57447,STARLINK-30178,+,482.0,484.0,43.01
57448,STARLINK-30196,+,482.0,484.0,43.0
57449,STARLINK-30225,+,482.0,484.0,43.0
57450,STARLINK-30217,+,482.0,484.0,43.0
57451,STARLINK-30216,+,482.0,484.0,43.0
57452,YAOGAN-36 05A,+,495.0,498.0,35.01
57454,YAOGAN-36 05B,+,499.0,530.0,35.0
57456,YAOGAN-36 05C,+,513.0,516.0,34.99
57457,STARLINK-30165,+,482.0,484.0,43.0
57458,STARLINK-30140,+,482.0,484.0,43.0
57460,STARLINK-30077,+,483.0,483.0,43.0
57461,STARLINK-30229,+,483.0,483.0,43.0
57462,STARLINK-30088,+,482.0,484.0,43.0
57465,STARLINK-30116,+,482.0,484.0,43.0
57467,STARLINK-30092,+,482.0,484.0,43.0
57468,STARLINK-30039,+,482.0,484.0,43.0
57469,STARLINK-30171,+,482.0,484.0,43.01
57470,STARLINK-30186,P,371.0,375.0,43.0
57472,STARLINK-30204,+,482.0,484.0,43.0
57475,STARLINK-30155,+,481.0,485.0,43.01
57476,STARLINK-30161,+,482.0,485.0,43.01
57477,STARLINK-30176,+,482.0,484.0,43.0
57481,DS-SAR,+,507.0,540.0,4.99
57482,VELOX-AM,+,512.0,528.0,5.0
57483,ORB-12 STRIDER,+,511.0,530.0,5.0
57484,SCOOBII,+,521.0,528.0,4.95
57485,ARCADE (INSPIRESAT 4),+,515.0,529.0,5.0
57486,GALASSIA-2,+,527.0,529.0,5.0
57487,NULION,+,514.0,520.0,5.01
57490,FENGYUN 3F,+,825.0,826.0,98.68
57495,STARLINK-30154,+,483.0,484.0,43.0
57496,STARLINK-30145,+,487.0,488.0,43.0
57497,STARLINK-30226,+,482.0,484.0,43.0
57498,STARLINK-30203,+,482.0,484.0,43.0
57499,STARLINK-30169,+,483.0,484.0,43.0
57500,STARLINK-30164,+,482.0,484.0,43.0
57501,STARLINK-30072,+,482.0,484.0,43.0
57503,STARLINK-30230,+,482.0,484.0,43.01
57504,STARLINK-30213,+,482.0,484.0,43.0
57505,STARLINK-30227,+,464.0,485.0,42.99
57506,STARLINK-30212,+,482.0,484.0,43.0
57507,STARLINK-30219,P,479.0,480.0,43.0
57508,STARLINK-30074,+,482.0,484.0,43.0
57509,STARLINK-30082,+,482.0,484.0,43.0
57510,STARLINK-30153,+,482.0,484.0,43.0
57511,STARLINK-30147,+,482.0,484.0,43.0
57512,STARLINK-30157,+,482.0,484.0,43.0
57513,STARLINK-30168,+,483.0,484.0,43.0
57514,STARLINK-30231,+,483.0,483.0,43.0
57515,STARLINK-30081,+,482.0,484.0,43.0
57516,STARLINK-30149,+,482.0,484.0,43.0
57519,HJ-2F,+,490.0,503.0,97.39
57521,STARLINK-30259,+,482.0,484.0,43.01
57522,STARLINK-30256,+,482.0,484.0,43.0
57523,STARLINK-30261,+,482.0,484.0,43.01
57524,STARLINK-30260,+,482.0,484.0,43.0
57525,STARLINK-30253,+,483.0,483.0,43.0
57526,STARLINK-30257,+,483.0,483.0,43.0
57527,STARLINK-30250,+,485.0,487.0,43.0
57528,STARLINK-30269,+,483.0,484.0,43.0
57529,STARLINK-30266,+,482.0,484.0,43.0
57530,STARLINK-30270,+,482.0,484.0,43.0
57531,STARLINK-30268,+,481.0,485.0,43.0
57532,STARLINK-30251,+,482.0,484.0,43.0
57533,STARLINK-30254,+,482.0,484.0,43.0
57534,STARLINK-30264,+,482.0,484.0,43.0
57582,OBJECT C,+,432.0,440.0,97.4
57585,OBJECT F,+,420.0,427.0,97.42
57602,STARLINK-30166,+,482.0,484.0,43.0
57603,STARLINK-30223,+,521.0,532.0,43.0
57604,STARLINK-30218,+,482.0,484.0,43.0
57605,STARLINK-30138,+,482.0,484.0,43.0
57606,STARLINK-30255,+,482.0,484.0,43.0
57607,STARLINK-30252,+,482.0,484.0,43.0
57608,STARLINK-30258,+,482.0,484.0,43.0
57609,STARLINK-30174,+,482.0,484.0,43.0
57610,STARLINK-30248,+,482.0,484.0,43.0
57611,STARLINK-30052,+,482.0,484.0,43.0
57612,STARLINK-30245,+,482.0,484.0,43.0
57613,STARLINK-30041,+,483.0,483.0,43.0
57614,STARLINK-30244,+,482.0,484.0,43.0
57615,STARLINK-30246,+,473.0,476.0,43.0
57616,STARLINK-30075,+,482.0,484.0,43.0
57617,STARLINK-30148,+,482.0,484.0,43.0
57618,STARLINK-30249,+,482.0,484.0,43.0
57620,STARLINK-30141,+,482.0,484.0,43.0
57621,STARLINK-30150,+,482.0,484.0,43.0
57622,STARLINK-30056,+,482.0,484.0,43.0
57623,STARLINK-30100,+,482.0,484.0,43.0
57626,HEAD-3A,+,685.0,696.0,45.0
57627,HEAD-3B,+,683.0,693.0,45.01
57628,HEAD-3C,+,680.0,691.0,45.0
57629,HEAD-3D,+,677.0,690.0,45.01
57630,HEAD-3E,+,674.0,687.0,45.0
57632,STARLINK-30309,+,482.0,484.0,43.0
57633,STARLINK-30306,+,482.0,484.0,43.0
57634,STARLINK-30323,+,482.0,484.0,43.0
57635,STARLINK-30329,+,483.0,484.0,43.0
57636,STARLINK-30330,+,482.0,484.0,43.0
57637,STARLINK-30311,+,482.0,484.0,43.0
57638,STARLINK-30328,+,483.0,483.0,43.0
57639,STARLINK-30326,+,482.0,484.0,43.0
57640,STARLINK-30324,+,482.0,484.0,43.0
57641,STARLINK-30312,+,482.0,484.0,43.0
57642,STARLINK-30263,+,482.0,484.0,43.0
57643,STARLINK-30280,+,482.0,484.0,43.0
57644,STARLINK-30247,+,482.0,484.0,43.0
57645,STARLINK-30277,+,482.0,485.0,43.0
57646,STARLINK-30265,+,482.0,484.0,43.0
57647,STARLINK-30286,+,482.0,484.0,43.0
57648,STARLINK-30243,+,482.0,484.0,43.0
57650,STARLINK-30299,+,482.0,484.0,43.0
57651,STARLINK-30294,+,482.0,484.0,43.0
57652,STARLINK-30276,+,482.0,484.0,43.0
57653,STARLINK-30289,+,482.0,484.0,43.0
57654,GAOFEN-12 04,+,629.0,630.0,97.91
57663,STARLINK-30267,+,462.0,463.0,53.16
57665,STARLINK-30298,+,462.0,464.0,53.16
57666,STARLINK-30301,P,467.0,469.0,53.16
57667,STARLINK-30275,+,462.0,464.0,53.16
57668,STARLINK-30278,+,462.0,464.0,53.16
57669,STARLINK-30271,+,470.0,472.0,53.16
57670,STARLINK-30322,+,462.0,464.0,53.16
57671,STARLINK-30296,+,462.0,464.0,53.16
57672,STARLINK-30274,+,462.0,464.0,53.16
57673,STARLINK-30316,+,462.0,464.0,53.16
57676,STARLINK-30313,+,474.0,476.0,53.16
57677,STARLINK-30303,+,462.0,464.0,53.16
57678,STARLINK-30320,+,462.0,464.0,53.16
57679,STARLINK-30321,+,462.0,464.0,53.16
57680,STARLINK-30283,+,449.0,450.0,53.16
57681,STARLINK-30273,+,459.0,463.0,53.15
57682,STARLINK-30297,+,474.0,476.0,53.16
57683,STARLINK-30295,+,462.0,463.0,53.16
57693,CAPELLA-11 (ACADIA-1),+,607.0,608.0,53.0
57696,JILIN-1 KUANFU 02A,+,524.0,542.0,97.56
57698,STARLINK-30288,+,482.0,485.0,43.0
57699,STARLINK-30347,+,482.0,484.0,43.0
57700,STARLINK-30332,+,482.0,484.0,43.0
57701,STARLINK-30345,+,482.0,484.0,43.0
57702,STARLINK-30333,+,482.0,484.0,43.0
57703,STARLINK-30336,+,482.0,484.0,43.0
57704,STARLINK-30346,+,482.0,484.0,43.0
57705,STARLINK-30342,-,240.0,249.0,43.0
57707,STARLINK-30327,P,386.0,428.0,42.99
57708,STARLINK-30315,+,482.0,484.0,43.0
57709,STARLINK-30287,+,482.0,484.0,43.01
57710,STARLINK-30335,+,482.0,484.0,43.0
57711,STARLINK-30318,+,482.0,484.0,43.0
57712,STARLINK-30348,+,482.0,484.0,43.0
57713,STARLINK-30349,+,482.0,484.0,43.0
57714,STARLINK-30341,+,482.0,484.0,43.0
57715,STARLINK-30300,+,482.0,484.0,43.0
57716,STARLINK-30281,+,482.0,484.0,43.0
57717,STARLINK-30325,+,482.0,484.0,43.0
57718,STARLINK-30338,+,482.0,484.0,43.0
57719,STARLINK-30334,+,482.0,484.0,43.0
57727,YAOGAN-39 01A,+,495.0,499.0,35.0
57728,YAOGAN-39 01B,+,509.0,523.0,34.99
57731,YAOGAN-39 01C,+,509.0,523.0,34.99
57732,STARLINK-30375,+,482.0,484.0,43.0
57733,STARLINK-30310,+,482.0,484.0,43.0
57734,STARLINK-30365,+,482.0,484.0,43.0
57735,STARLINK-30371,+,482.0,484.0,43.0
57736,STARLINK-30352,+,482.0,484.0,43.0
57737,STARLINK-30344,+,505.0,507.0,43.0
57738,STARLINK-30351,+,482.0,484.0,43.01
57739,STARLINK-30242,+,482.0,484.0,43.0
57740,STARLINK-30331,+,482.0,484.0,43.0
57741,STARLINK-30364,+,482.0,484.0,43.0
57742,STARLINK-30308,+,482.0,484.0,43.01
57743,STARLINK-30361,+,482.0,484.0,43.0
57744,STARLINK-30363,+,482.0,484.0,43.0
57745,STARLINK-30362,+,482.0,484.0,43.0
57746,STARLINK-30350,+,482.0,484.0,43.0
57747,STARLINK-30307,+,482.0,484.0,43.0
57748,STARLINK-30356,+,482.0,484.0,43.0
57749,STARLINK-30366,+,482.0,484.0,43.0
57750,STARLINK-30357,+,482.0,484.0,43.0
57751,STARLINK-30370,P,460.0,466.0,43.0
57752,STARLINK-30368,+,482.0,484.0,43.0
57753,STARLINK-30343,+,482.0,484.0,43.0
57756,WILDFIRE 4,+,934.0,949.0,81.0
57757,BB4,+,647.0,661.0,81.0
57758,WILDFIRE 3,+,935.0,948.0,81.0
57760,BB3,+,604.0,636.0,81.0
57761,WILDFIRE 7,+,942.0,950.0,81.0
57762,CHECKMATE 10,+,940.0,949.0,81.0
57763,WILDFIRE 6,+,940.0,949.0,81.0
57764,WILDFIRE 1,+,939.0,949.0,81.0
57765,WILDFIRE 9,+,940.0,949.0,81.01
57766,WILDFIRE 10,+,939.0,949.0,81.0
57767,WILDFIRE 2,+,941.0,948.0,81.0
57768,WILDFIRE 8,+,940.0,949.0,81.0
57769,WILDFIRE 5,+,939.0,949.0,81.0
57771,STARLINK-30397,+,482.0,484.0,43.0
57772,STARLINK-30354,+,482.0,484.0,43.01
57773,STARLINK-30383,+,482.0,484.0,43.0
57774,STARLINK-30384,+,482.0,484.0,43.01
57775,STARLINK-30305,+,482.0,484.0,43.0
57776,STARLINK-30360,+,482.0,484.0,43.0
57777,STARLINK-30355,+,482.0,484.0,43.01
57778,STARLINK-30385,+,482.0,484.0,43.0
57779,STARLINK-30359,+,482.0,484.0,43.0
57780,STARLINK-30380,+,482.0,484.0,43.01
57781,STARLINK-30369,+,482.0,484.0,43.0
57782,STARLINK-30376,+,482.0,484.0,43.01
57783,STARLINK-30389,+,482.0,484.0,43.01
57784,STARLINK-30388,+,481.0,485.0,43.01
57785,STARLINK-30381,+,482.0,484.0,43.01
57786,STARLINK-30382,+,482.0,484.0,43.0
57787,STARLINK-30378,+,482.0,484.0,43.0
57788,STARLINK-30387,+,482.0,484.0,43.0
57789,STARLINK-30372,+,482.0,484.0,43.0
57791,STARLINK-30367,+,482.0,484.0,43.01
57792,TIANQI-21,+,805.0,824.0,49.97
57793,TIANQI-22,+,805.0,823.0,49.97
57794,TIANQI-23,+,806.0,824.0,49.97
57795,TIANQI-24,+,805.0,824.0,49.97
57797,YAOGAN-33 03,+,692.0,703.0,98.19
57800,XRISM,+,522.0,532.0,31.0
57809,STARLINK-30374,+,482.0,484.0,43.0
57810,STARLINK-30394,+,482.0,484.0,43.0
57811,STARLINK-30379,+,482.0,484.0,43.0
57812,STARLINK-30395,+,477.0,489.0,43.0
57813,STARLINK-30403,+,482.0,484.0,43.0
57814,STARLINK-30413,+,482.0,484.0,43.0
57815,STARLINK-30398,+,482.0,484.0,43.0
57816,STARLINK-30386,+,482.0,484.0,43.0
57817,STARLINK-30391,+,482.0,484.0,43.0
57818,STARLINK-30401,+,482.0,484.0,43.0
57819,STARLINK-30390,+,483.0,483.0,43.0
57820,STARLINK-30409,+,482.0,484.0,43.01
57821,STARLINK-30415,+,481.0,485.0,43.01
57823,STARLINK-30407,+,482.0,484.0,43.0
57824,STARLINK-30408,+,482.0,484.0,43.0
57825,STARLINK-30377,+,482.0,484.0,43.01
57826,STARLINK-30422,+,482.0,484.0,43.0
57827,STARLINK-30402,+,482.0,484.0,43.0
57828,STARLINK-30411,+,482.0,484.0,43.01
57829,STARLINK-30418,+,482.0,484.0,43.0
57830,YAOGAN-40 01A,+,849.0,852.0,85.99
57832,YAOGAN-40 01B,+,849.0,852.0,85.99
57833,YAOGAN-40 01C,+,850.0,852.0,85.99
57840,STARLINK-30285,+,470.0,472.0,53.16
57841,STARLINK-30410,+,470.0,472.0,53.16
57842,STARLINK-30435,+,470.0,471.0,53.16
57843,STARLINK-30423,+,470.0,472.0,53.16
57844,STARLINK-30292,+,462.0,464.0,53.16
57847,STARLINK-30416,+,470.0,472.0,53.16
57848,STARLINK-30426,+,462.0,464.0,53.16
57849,STARLINK-30430,+,470.0,472.0,53.16
57850,STARLINK-30425,+,462.0,464.0,53.16
57851,STARLINK-30405,+,470.0,471.0,53.16
57852,STARLINK-30431,+,462.0,463.0,53.16
57853,STARLINK-30404,+,462.0,464.0,53.16
57854,STARLINK-30412,+,462.0,463.0,53.16
57855,STARLINK-30392,+,462.0,464.0,53.16
57856,STARLINK-30291,+,470.0,472.0,53.16
57857,STARLINK-30424,+,470.0,472.0,53.16
57858,STARLINK-30290,+,462.0,463.0,53.16
57859,STARLINK-30414,+,462.0,464.0,53.16
57860,STARLINK-30272,+,470.0,472.0,53.16
57864,STARLINK-30432,+,482.0,484.0,43.0
57865,STARLINK-30427,+,482.0,484.0,43.0
57866,STARLINK-30393,+,482.0,484.0,43.0
57867,STARLINK-30439,+,483.0,483.0,43.0
57868,STARLINK-30442,+,482.0,484.0,43.0
57869,STARLINK-30441,+,482.0,484.0,43.0
57870,STARLINK-30460,+,482.0,484.0,43.0
57871,STARLINK-30444,+,482.0,484.0,43.0
57872,STARLINK-30446,+,482.0,484.0,43.0
57873,STARLINK-30445,+,482.0,484.0,43.0
57874,STARLINK-30447,+,482.0,484.0,43.0
57875,STARLINK-30434,+,483.0,484.0,43.0
57876,STARLINK-30429,+,483.0,484.0,43.0
57877,STARLINK-30284,+,482.0,484.0,43.0
57878,STARLINK-30433,+,482.0,485.0,43.01
57879,STARLINK-30358,+,482.0,484.0,43.01
57880,STARLINK-30436,+,482.0,484.0,43.01
57882,STARLINK-30339,+,482.0,484.0,43.0
57883,STARLINK-30282,+,482.0,484.0,43.01
57884,STARLINK-30340,+,482.0,484.0,43.0
57885,STARLINK-30279,+,482.0,484.0,43.0
57886,YAOGAN-39 02A,+,495.0,499.0,35.0
57889,YAOGAN-39 02B,+,509.0,522.0,34.99
57890,YAOGAN-39 02C,+,511.0,522.0,35.04
57891,STARLINK-30465,+,482.0,484.0,43.0
57892,STARLINK-30470,+,483.0,483.0,43.0
57893,STARLINK-30473,+,482.0,484.0,43.0
57894,STARLINK-30443,+,482.0,484.0,43.0
57895,STARLINK-30467,+,482.0,484.0,43.0
57896,STARLINK-30469,+,482.0,484.0,43.0
57897,STARLINK-30474,+,482.0,484.0,43.0
57898,STARLINK-30479,+,482.0,484.0,43.0
57899,STARLINK-30481,+,482.0,484.0,43.0
57900,STARLINK-30457,+,482.0,484.0,43.0
57901,STARLINK-30472,+,482.0,484.0,43.0
57902,STARLINK-30462,+,482.0,484.0,43.0
57903,STARLINK-30449,+,482.0,484.0,43.0
57904,STARLINK-30466,+,482.0,484.0,43.0
57906,STARLINK-30428,+,480.0,486.0,42.99
57907,STARLINK-30482,+,482.0,484.0,43.0
57908,STARLINK-30464,P,482.0,484.0,43.0
57909,STARLINK-30463,+,482.0,484.0,43.0
57910,STARLINK-30453,+,481.0,485.0,43.01
57911,STARLINK-30478,+,482.0,484.0,43.01
57912,STARLINK-30477,+,482.0,484.0,43.01
57913,STARLINK-30450,+,482.0,484.0,43.0
57914,STARLINK-30483,+,482.0,484.0,43.0
57915,STARLINK-30454,+,482.0,484.0,43.0
57917,STARLINK-30501,+,482.0,484.0,43.0
57918,STARLINK-30499,+,482.0,484.0,43.0
57919,STARLINK-30496,+,483.0,483.0,43.0
57920,STARLINK-30485,+,482.0,484.0,43.0
57921,STARLINK-30492,+,482.0,484.0,43.0
57923,STARLINK-30440,+,482.0,484.0,43.0
57924,STARLINK-30487,P,482.0,484.0,43.0
57925,STARLINK-30452,+,482.0,484.0,43.0
57926,STARLINK-30468,P,482.0,484.0,43.0
57928,STARLINK-30448,+,483.0,484.0,43.0
57931,STARLINK-30488,P,482.0,484.0,43.0
57932,STARLINK-30471,+,482.0,484.0,43.0
57933,STARLINK-30461,+,482.0,484.0,43.0
57935,STARLINK-30712,+,462.0,464.0,53.16
57936,STARLINK-30716,+,462.0,464.0,53.16
57937,STARLINK-30400,+,462.0,464.0,53.16
57938,STARLINK-30710,+,462.0,464.0,53.16
57939,STARLINK-30714,+,457.0,463.0,53.16
57940,STARLINK-30711,+,462.0,464.0,53.16
57941,STARLINK-30715,+,462.0,464.0,53.16
57942,STARLINK-30455,+,464.0,466.0,53.16
57943,STARLINK-30456,+,462.0,464.0,53.16
57944,STARLINK-30708,+,462.0,464.0,53.16
57945,STARLINK-30705,+,462.0,464.0,53.16
57946,STARLINK-30704,+,462.0,464.0,53.16
57947,STARLINK-30706,+,461.0,464.0,53.16
57949,STARLINK-30707,+,462.0,464.0,53.16
57950,STARLINK-30701,+,462.0,464.0,53.16
57951,STARLINK-30399,+,462.0,463.0,53.16
57952,STARLINK-30713,+,462.0,464.0,53.16
57953,STARLINK-30700,+,462.0,463.0,53.16
57954,STARLINK-30703,+,462.0,463.0,53.16
57955,STARLINK-30702,+,462.0,464.0,53.16
57958,YAOGAN-33 04,+,696.0,698.0,98.2
57964,STARLINK-30396,+,483.0,483.0,42.99
57965,STARLINK-30524,+,482.0,484.0,43.0
57966,STARLINK-30521,+,482.0,484.0,43.0
57967,STARLINK-30528,+,482.0,484.0,43.0
57968,STARLINK-30495,+,482.0,484.0,43.0
57970,STARLINK-30494,+,482.0,484.0,43.0
57971,STARLINK-30498,+,482.0,484.0,43.0
57972,STARLINK-30505,+,483.0,483.0,43.0
57973,STARLINK-30502,+,482.0,484.0,43.0
57974,STARLINK-30489,+,482.0,484.0,43.0
57975,STARLINK-30503,+,482.0,484.0,43.0
57976,STARLINK-30512,+,482.0,484.0,43.0
57977,STARLINK-30509,+,482.0,484.0,43.01
57978,STARLINK-30511,+,482.0,484.0,43.01
57979,STARLINK-30508,+,482.0,484.0,43.0
57981,STARLINK-30510,+,482.0,484.0,43.0
57982,STARLINK-30507,+,482.0,484.0,43.0
57983,STARLINK-30515,+,482.0,484.0,43.01
57984,STARLINK-30516,+,482.0,484.0,43.0
57985,STARLINK-30519,+,482.0,484.0,43.0
57986,YAOGAN-39 03A,+,495.0,499.0,35.0
57988,YAOGAN-39 03B,+,498.0,533.0,34.99
57990,YAOGAN-39 03C,+,504.0,527.0,34.99
57991,STARLINK-30537,+,482.0,484.0,43.0
57992,STARLINK-30534,+,482.0,484.0,43.0
57993,STARLINK-30536,+,482.0,484.0,43.0
57994,STARLINK-30538,+,482.0,484.0,43.0
57995,STARLINK-30517,+,482.0,484.0,43.0
57997,STARLINK-30523,+,482.0,484.0,43.0
57998,STARLINK-30531,+,482.0,484.0,43.0
57999,STARLINK-30552,+,482.0,484.0,43.0
58,COURIER 1B,,962.0,1208.0,28.33
58000,STARLINK-30545,+,482.0,484.0,43.0
58001,STARLINK-30535,+,482.0,484.0,43.0
58002,STARLINK-30540,+,482.0,484.0,43.0
58004,STARLINK-30539,+,482.0,484.0,43.0
58005,STARLINK-30530,+,482.0,484.0,43.0
58006,STARLINK-30526,P,463.0,470.0,43.0
58007,STARLINK-30527,+,482.0,484.0,43.0
58008,STARLINK-30522,+,482.0,484.0,43.0
58009,STARLINK-30486,+,482.0,484.0,43.0
58010,STARLINK-30520,+,482.0,484.0,43.0
58011,STARLINK-30497,+,482.0,484.0,43.0
58012,STARLINK-30525,+,482.0,484.0,43.0
58016,THEOS-2 (T2V),+,623.0,625.0,97.88
58017,FORMOSAT-7R (TRITON),+,593.0,595.0,97.83
58018,ANSER FOLLOWER 2,+,400.0,403.0,97.55
58019,ANSER FOLLOWER 1,+,396.0,401.0,97.55
58020,NESS,+,467.0,473.0,97.59
58021,CSC-2,+,494.0,501.0,97.54
58022,CSC-1,+,527.0,538.0,97.53
58023,PRETTY,+,490.0,494.0,97.57
58024,MACSAT (FINCH 1),+,501.0,505.0,97.58
58025,PVCC,+,514.0,518.0,97.57
58028,STARLINK-30514,+,462.0,463.0,53.16
58029,STARLINK-30518,+,462.0,464.0,53.16
58030,STARLINK-30549,+,462.0,463.0,53.16
58031,STARLINK-30556,+,462.0,464.0,53.16
58032,STARLINK-30561,+,462.0,464.0,53.16
58033,STARLINK-30562,+,462.0,464.0,53.16
58034,STARLINK-30565,+,462.0,464.0,53.16
58035,STARLINK-30438,+,470.0,472.0,53.16
58036,STARLINK-30437,+,470.0,472.0,53.16
58037,STARLINK-30533,+,462.0,464.0,53.16
58038,STARLINK-30560,+,462.0,463.0,53.16
58040,STARLINK-30555,+,462.0,464.0,53.16
58041,STARLINK-30542,+,462.0,463.0,53.16
58042,STARLINK-30563,+,462.0,463.0,53.16
58043,STARLINK-30564,+,464.0,465.0,53.16
58044,STARLINK-30547,+,462.0,464.0,53.16
58045,STARLINK-30550,+,462.0,463.0,53.16
58046,STARLINK-30548,+,462.0,464.0,53.16
58047,STARLINK-30529,+,462.0,464.0,53.16
58048,STARLINK-30554,+,462.0,463.0,53.16
58051,STARLINK-30568,+,482.0,484.0,43.0
58052,STARLINK-30575,+,483.0,484.0,43.0
58053,STARLINK-30577,+,483.0,484.0,43.0
58054,STARLINK-30566,+,482.0,484.0,43.0
58055,STARLINK-30544,+,482.0,484.0,43.0
58056,STARLINK-30553,+,483.0,484.0,43.0
58057,STARLINK-30541,+,482.0,484.0,43.0
58058,STARLINK-30573,+,483.0,484.0,43.0
58059,STARLINK-30582,+,482.0,484.0,43.0
58060,STARLINK-30558,+,482.0,484.0,43.0
58061,STARLINK-30579,+,482.0,484.0,43.0
58062,STARLINK-30588,+,482.0,484.0,43.0
58063,STARLINK-30585,+,483.0,484.0,43.01
58064,STARLINK-30587,+,482.0,484.0,43.0
58065,STARLINK-30576,+,482.0,484.0,43.0
58066,STARLINK-30571,+,482.0,484.0,43.0
58067,STARLINK-30567,+,482.0,484.0,43.0
58068,STARLINK-30569,+,482.0,484.0,43.0
58069,STARLINK-30480,+,482.0,484.0,43.0
58070,STARLINK-30532,+,483.0,483.0,43.0
58072,STARLINK-30506,+,482.0,484.0,43.0
58073,YUNHAI-1 04,+,782.0,784.0,98.5
58075,STARLINK-30604,+,482.0,485.0,43.0
58076,STARLINK-30500,+,482.0,484.0,43.0
58077,STARLINK-30613,+,482.0,484.0,43.0
58078,STARLINK-30597,+,482.0,484.0,43.0
58079,STARLINK-30598,+,482.0,484.0,43.0
58080,STARLINK-30603,+,482.0,484.0,43.0
58081,STARLINK-30602,+,482.0,484.0,43.0
58082,STARLINK-30610,+,482.0,484.0,43.0
58083,STARLINK-30551,+,482.0,484.0,43.01
58084,STARLINK-30586,+,482.0,484.0,43.0
58085,STARLINK-30609,+,482.0,484.0,43.0
58086,STARLINK-30583,+,482.0,484.0,43.0
58087,STARLINK-30557,+,482.0,484.0,43.0
58088,STARLINK-30591,+,482.0,484.0,43.0
58089,STARLINK-30584,+,482.0,484.0,43.0
58090,STARLINK-30590,+,482.0,484.0,43.0
58091,STARLINK-30608,+,482.0,484.0,43.0
58092,STARLINK-30615,+,482.0,484.0,43.0
58093,STARLINK-30578,+,482.0,484.0,43.0
58094,STARLINK-30574,+,482.0,484.0,43.0
58095,STARLINK-30570,+,482.0,484.0,43.0
58096,STARLINK-30581,+,482.0,484.0,43.0
58097,STARLINK-30594,+,462.0,464.0,53.16
58098,STARLINK-30614,+,462.0,464.0,53.16
58099,STARLINK-30607,+,462.0,464.0,53.16
58100,STARLINK-30600,+,462.0,463.0,53.16
58101,STARLINK-30605,+,462.0,464.0,53.16
58102,STARLINK-30592,+,462.0,464.0,53.16
58103,STARLINK-30589,+,462.0,464.0,53.16
58104,STARLINK-30617,+,462.0,464.0,53.16
58105,STARLINK-30616,+,462.0,464.0,53.16
58106,STARLINK-30612,+,462.0,464.0,53.16
58107,STARLINK-30421,+,462.0,464.0,53.16
58108,STARLINK-30611,+,462.0,463.0,53.16
58109,STARLINK-30606,+,462.0,464.0,53.16
58110,STARLINK-30596,+,462.0,464.0,53.16
58111,STARLINK-30595,+,464.0,466.0,53.16
58112,STARLINK-30593,+,474.0,477.0,53.16
58113,STARLINK-30353,+,461.0,464.0,53.16
58114,STARLINK-30572,+,462.0,464.0,53.16
58115,STARLINK-30580,+,462.0,464.0,53.16
58116,STARLINK-30493,+,463.0,465.0,53.16
58117,STARLINK-30601,+,462.0,464.0,53.16
58118,STARLINK-30795,+,482.0,484.0,43.0
58119,STARLINK-30765,+,482.0,484.0,43.0
58120,STARLINK-30768,+,482.0,484.0,43.0
58121,STARLINK-30799,+,482.0,484.0,43.0
58122,STARLINK-30759,+,482.0,484.0,43.0
58123,STARLINK-30781,+,482.0,484.0,43.0
58124,STARLINK-30754,+,482.0,484.0,43.0
58125,STARLINK-30766,+,482.0,484.0,43.01
58126,STARLINK-30767,+,481.0,486.0,43.01
58127,STARLINK-30790,+,482.0,510.0,43.0
58128,STARLINK-30787,+,482.0,484.0,43.0
58129,STARLINK-30756,+,482.0,484.0,43.0
58130,STARLINK-30783,+,482.0,484.0,43.0
58131,STARLINK-30757,+,482.0,484.0,43.0
58132,STARLINK-30770,+,483.0,483.0,43.0
58133,STARLINK-30758,+,482.0,484.0,43.0
58134,STARLINK-30761,+,482.0,484.0,43.0
58135,STARLINK-30772,+,482.0,484.0,43.0
58136,STARLINK-30776,P,385.0,416.0,42.99
58137,STARLINK-30782,+,482.0,484.0,43.0
58138,STARLINK-30769,+,482.0,484.0,43.0
58139,STARLINK-30775,+,482.0,484.0,43.0
58140,STARLINK-30780,+,482.0,484.0,43.0
58141,YAOGAN-39 04A,+,493.0,501.0,35.0
58143,YAOGAN-39 04B,+,510.0,523.0,34.99
58145,YAOGAN-39 04C,+,507.0,517.0,34.99
58148,COSMOS 2570,+,900.0,911.0,67.15
58150,STARLINK-30802,+,470.0,472.0,53.16
58151,STARLINK-30834,+,462.0,463.0,53.16
58152,STARLINK-30833,+,470.0,472.0,53.16
58153,STARLINK-30831,+,470.0,472.0,53.16
58154,STARLINK-30797,+,462.0,464.0,53.16
58155,STARLINK-30804,+,470.0,472.0,53.16
58156,STARLINK-30784,+,463.0,465.0,53.16
58157,STARLINK-30803,+,470.0,472.0,53.16
58158,STARLINK-30829,+,470.0,472.0,53.16
58159,STARLINK-30788,+,469.0,472.0,53.16
58160,STARLINK-30779,+,457.0,471.0,53.16
58161,STARLINK-30773,+,462.0,463.0,53.16
58162,STARLINK-30816,+,464.0,466.0,53.16
58163,STARLINK-30763,+,474.0,476.0,53.16
58164,STARLINK-30815,+,470.0,472.0,53.16
58165,STARLINK-30814,+,465.0,466.0,53.16
58166,STARLINK-30789,+,462.0,464.0,53.16
58167,STARLINK-30811,+,470.0,472.0,53.16
58168,STARLINK-30812,+,463.0,465.0,53.16
58169,STARLINK-30771,+,474.0,476.0,53.16
58170,STARLINK-30764,+,461.0,469.0,53.16
58171,STARLINK-30752,+,474.0,476.0,53.16
58172,COSMOS 2571,+,889.0,917.0,67.15
58175,STARLINK-30753,+,482.0,484.0,43.0
58176,STARLINK-30824,+,482.0,484.0,43.0
58177,STARLINK-30791,+,482.0,484.0,43.0
58178,STARLINK-30810,+,482.0,484.0,43.0
58179,STARLINK-30819,+,482.0,484.0,43.0
58180,STARLINK-30806,P,438.0,454.0,43.0
58181,STARLINK-30821,+,482.0,484.0,43.0
58182,STARLINK-30778,+,482.0,484.0,43.0
58183,STARLINK-30809,+,482.0,484.0,43.0
58184,STARLINK-30801,+,482.0,484.0,43.0
58185,STARLINK-30793,+,481.0,485.0,43.0
58186,STARLINK-30755,+,482.0,484.0,43.0
58187,STARLINK-30760,+,482.0,484.0,43.0
58188,STARLINK-30826,+,482.0,484.0,43.0
58189,STARLINK-30796,+,482.0,484.0,43.01
58190,STARLINK-30820,+,482.0,484.0,43.0
58191,STARLINK-30785,+,482.0,484.0,43.0
58192,STARLINK-30807,+,481.0,485.0,43.0
58193,STARLINK-30822,+,480.0,481.0,43.0
58194,STARLINK-30830,+,482.0,484.0,43.0
58195,STARLINK-30827,+,481.0,485.0,43.01
58196,STARLINK-30798,+,482.0,484.0,43.0
58197,STARLINK-30762,+,482.0,484.0,43.0
58199,TIANHUI 5A,+,604.0,607.0,97.82
58201,TIANHUI 5B,+,604.0,607.0,97.82
58206,STARLINK-30800,+,482.0,484.0,43.01
58207,STARLINK-30845,+,536.0,543.0,43.0
58208,STARLINK-30841,+,482.0,484.0,43.0
58209,STARLINK-30839,+,482.0,484.0,43.0
58210,STARLINK-30846,+,482.0,484.0,43.0
58211,STARLINK-30838,+,483.0,483.0,43.0
58212,STARLINK-30837,+,483.0,483.0,43.0
58213,STARLINK-30813,+,482.0,484.0,43.0
58214,STARLINK-30805,+,483.0,484.0,43.0
58215,STARLINK-30851,+,482.0,484.0,43.0
58217,STARLINK-30818,+,482.0,484.0,43.0
58218,STARLINK-30794,+,482.0,485.0,43.0
58219,STARLINK-30835,+,482.0,484.0,43.0
58220,STARLINK-30792,+,528.0,544.0,43.0
58221,STARLINK-30836,+,481.0,485.0,43.0
58222,STARLINK-30855,+,482.0,484.0,43.0
58223,STARLINK-30840,+,482.0,484.0,43.0
58224,STARLINK-30875,+,482.0,484.0,43.0
58225,STARLINK-30872,+,482.0,484.0,43.0
58226,STARLINK-30865,+,482.0,484.0,43.0
58227,STARLINK-30874,+,482.0,484.0,43.01
58228,STARLINK-30871,+,482.0,484.0,43.0
58230,STARLINK-30861,+,446.0,466.0,42.99
58231,STARLINK-30867,+,482.0,484.0,43.0
58232,STARLINK-30880,+,482.0,485.0,43.01
58233,STARLINK-30777,+,482.0,484.0,43.01
58234,STARLINK-30860,+,482.0,484.0,43.0
58236,STARLINK-30853,+,482.0,484.0,43.0
58237,STARLINK-30866,+,482.0,484.0,43.0
58238,STARLINK-30817,+,482.0,484.0,43.0
58239,STARLINK-30847,+,482.0,484.0,43.0
58240,STARLINK-30848,+,482.0,484.0,43.01
58241,STARLINK-30843,+,482.0,484.0,43.0
58242,STARLINK-30877,+,482.0,484.0,43.0
58243,STARLINK-30864,+,482.0,484.0,43.0
58244,STARLINK-30854,+,482.0,484.0,43.0
58245,STARLINK-30849,+,481.0,485.0,43.0
58246,STARLINK-30886,+,482.0,484.0,43.0
58247,STARLINK-30850,+,482.0,484.0,43.0
58248,STARLINK-30823,+,482.0,484.0,43.0
58249,STARLINK-30873,+,482.0,484.0,43.01
58250,STARLINK-30808,+,458.0,469.0,43.0
58251,STARLINK-30881,+,482.0,484.0,43.0
58252,STARLINK-30883,+,482.0,484.0,43.0
58258,ORBASTRO-PC-1,+,409.0,415.0,97.38
58259,LEMUR-2-BASS,+,428.0,434.0,97.38
58262,PLATERO,+,360.0,367.0,97.39
58264,BRO-11,+,476.0,489.0,97.39
58271,FLOCK 4Q-16,+,408.0,414.0,97.38
58273,FLOCK 4Q-11,P,403.0,410.0,97.38
58274,FLOCK 4Q-36,-,346.0,356.0,97.38
58276,GENMAT-1,+,456.0,462.0,97.36
58280,FLOCK 4Q-28,P,389.0,394.0,97.39
58282,FLOCK 4Q-27,P,389.0,393.0,97.38
58284,FLOCK 4Q-26,-,294.0,309.0,97.38
58285,FLOCK 4Q-31,-,346.0,355.0,97.38
58286,FLOCK 4Q-30,-,330.0,338.0,97.39
58288,ICEYE-X31,+,454.0,460.0,97.37
58291,FALCONSAT-10,+,476.0,486.0,97.38
58294,ICEYE-X34,+,308.0,317.0,97.38
58295,SPACEVAN-001,+,385.0,395.0,97.4
58296,PELICAN-1,+,355.0,357.0,97.4
58297,UMBRA-07,+,533.0,538.0,97.37
58298,SPIP,+,476.0,487.0,97.38
58299,AETHER-2,+,457.0,464.0,97.39
58300,ION SCV-013,+,483.0,618.0,97.61
58301,LEO EXPRESS 1,+,409.0,503.0,97.52
58302,ICEYE-X35,+,387.0,395.0,97.38
58304,FLOCK 4Q-29,-,356.0,364.0,97.39
58306,FLOCK 4Q-22,-,326.0,336.0,97.37
58308,FLOCK 4Q-33,-,349.0,359.0,97.38
58309,FLOCK 4Q-35,-,354.0,363.0,97.38
58318,FLOCK 4Q-7,+,386.0,392.0,97.39
58320,FLOCK 4Q-2,+,407.0,413.0,97.38
58321,PROTOMETHEE,+,465.0,473.0,97.37
58322,FLOCK 4Q-9,+,404.0,411.0,97.38
58323,OBSERVER-1A,+,442.0,450.0,97.39
58326,PICO-01A003,+,418.0,423.0,97.38
58327,FLOCK 4Q-4,+,411.0,415.0,97.38
58328,FLOCK 4Q-13,P,401.0,407.0,97.4
58334,OUTPOST MISSION 2,+,377.0,383.0,97.39
58336,LEMUR-2-JK0903EM1407,+,400.0,405.0,97.39
58340,LEMUR-2-MJR092620,+,422.0,428.0,97.4
58349,HAIYANG-3A,+,771.0,785.0,98.54
58352,STARLINK-30907,+,483.0,484.0,43.0
58353,STARLINK-30896,+,482.0,485.0,43.0
58354,STARLINK-30832,+,482.0,484.0,43.0
58355,STARLINK-30903,+,482.0,484.0,43.0
58356,STARLINK-30905,+,482.0,484.0,43.0
58357,STARLINK-30842,+,471.0,479.0,43.01
58358,STARLINK-30858,+,482.0,484.0,43.0
58359,STARLINK-30878,P,482.0,484.0,43.0
58360,STARLINK-30897,+,482.0,484.0,43.0
58361,STARLINK-30885,+,482.0,484.0,43.01
58362,STARLINK-30890,+,482.0,484.0,43.0
58363,STARLINK-30909,+,482.0,484.0,43.0
58364,STARLINK-30904,+,525.0,539.0,43.0
58365,STARLINK-30918,+,482.0,484.0,43.01
58366,STARLINK-30892,+,482.0,484.0,43.01
58367,STARLINK-30891,+,483.0,484.0,43.0
58368,STARLINK-30889,+,482.0,484.0,43.0
58369,STARLINK-30870,+,483.0,484.0,43.0
58370,STARLINK-30888,+,482.0,484.0,43.0
58371,STARLINK-30859,+,482.0,484.0,43.0
58372,STARLINK-30884,+,482.0,484.0,43.01
58373,STARLINK-30852,+,482.0,484.0,43.0
58374,STARLINK-30911,+,461.0,464.0,53.16
58375,STARLINK-30894,+,462.0,464.0,53.16
58376,STARLINK-30910,+,462.0,464.0,53.16
58377,STARLINK-30914,+,462.0,464.0,53.16
58378,STARLINK-30920,+,462.0,464.0,53.16
58379,STARLINK-30882,+,462.0,463.0,53.16
58380,STARLINK-30915,+,462.0,464.0,53.16
58381,STARLINK-30923,+,454.0,455.0,53.16
58382,STARLINK-30927,+,462.0,464.0,53.16
58383,STARLINK-30921,+,462.0,464.0,53.16
58384,STARLINK-30825,+,462.0,463.0,53.16
58385,STARLINK-30930,+,462.0,464.0,53.16
58386,STARLINK-30929,+,461.0,464.0,53.16
58387,STARLINK-30898,+,462.0,464.0,53.16
58388,STARLINK-30913,+,462.0,463.0,53.16
58389,STARLINK-30938,+,462.0,463.0,53.16
58390,STARLINK-30868,+,462.0,464.0,53.16
58391,STARLINK-30916,+,461.0,464.0,53.16
58393,STARLINK-30939,+,462.0,464.0,53.16
58394,STARLINK-30887,+,462.0,464.0,53.16
58395,STARLINK-30934,+,462.0,464.0,53.16
58400,MALLIGYONG-1,+,491.0,503.0,97.29
58402,STARLINK-30964,+,482.0,484.0,43.0
58403,STARLINK-30844,+,482.0,484.0,43.0
58404,STARLINK-30876,+,482.0,484.0,43.0
58405,STARLINK-30952,+,482.0,484.0,43.0
58406,STARLINK-30925,+,482.0,484.0,43.0
58407,STARLINK-30954,+,481.0,485.0,43.01
58408,STARLINK-30906,+,483.0,483.0,43.0
58409,STARLINK-30940,+,482.0,484.0,43.0
58410,STARLINK-30933,+,479.0,487.0,42.99
58411,STARLINK-30919,+,483.0,483.0,43.0
58412,STARLINK-30924,P,316.0,357.0,42.98
58413,STARLINK-30931,+,482.0,484.0,43.0
58414,STARLINK-30922,+,483.0,484.0,43.0
58415,STARLINK-30949,+,482.0,484.0,43.0
58416,STARLINK-30967,+,482.0,484.0,43.0
58417,STARLINK-30955,+,483.0,483.0,43.0
58418,STARLINK-30895,+,479.0,484.0,43.0
58419,STARLINK-30917,+,482.0,484.0,43.0
58420,STARLINK-30899,+,482.0,484.0,43.0
58421,STARLINK-30902,+,482.0,484.0,43.0
58422,STARLINK-30912,+,482.0,484.0,43.01
58423,STARLINK-30900,+,482.0,484.0,43.0
58424,STARLINK-30908,+,482.0,484.0,43.0
58425,CHUANGXIN 20A (CX-20A),+,1093.0,1114.0,49.96
58426,CHUANGXIN 20B (CX-20B),+,1095.0,1113.0,49.96
58427,CHUANGXIN 20C (CX-20C),+,1095.0,1113.0,49.96
58435,COSMOS 2572,+,296.0,300.0,96.68
58437,STARLINK-30869,+,477.0,489.0,43.01
58438,STARLINK-30969,+,482.0,484.0,43.0
58439,STARLINK-30951,+,482.0,484.0,43.0
58440,STARLINK-30950,+,482.0,484.0,43.0
58441,STARLINK-30942,+,482.0,484.0,43.0
58442,STARLINK-30959,+,483.0,484.0,43.0
58443,STARLINK-30971,+,482.0,484.0,43.0
58444,STARLINK-30963,+,482.0,484.0,43.0
58445,STARLINK-30961,+,483.0,483.0,43.0
58446,STARLINK-30975,+,482.0,484.0,43.0
58447,STARLINK-30976,+,483.0,484.0,43.0
58448,STARLINK-30926,+,482.0,484.0,43.0
58449,STARLINK-30943,+,482.0,484.0,43.0
58450,STARLINK-30946,+,483.0,483.0,43.0
58451,STARLINK-30944,+,483.0,484.0,43.0
58452,STARLINK-30928,+,482.0,484.0,43.0
58453,STARLINK-30957,+,483.0,484.0,43.0
58454,STARLINK-30966,+,483.0,483.0,43.0
58455,STARLINK-30935,+,482.0,484.0,43.0
58457,STARLINK-30958,+,482.0,484.0,43.0
58458,STARLINK-30962,+,482.0,485.0,43.01
58459,STARLINK-30977,+,482.0,484.0,43.0
5846,COSMOS 475,,959.0,994.0,74.05
58462,GNOMES-4,+,555.0,572.0,97.48
58463,KORSAT-7,+,545.0,582.0,97.64
58464,KOYOH,+,504.0,515.0,97.53
58466,UHETSAT,+,460.0,480.0,97.34
58469,ION SCV-015,+,459.0,470.0,97.57
58473,STARLINK-30947,+,482.0,484.0,43.0
58475,STARLINK-30941,+,482.0,484.0,43.0
58476,STARLINK-30980,+,482.0,484.0,43.0
58477,STARLINK-30965,+,482.0,484.0,43.0
58478,STARLINK-30990,+,482.0,484.0,43.0
58480,STARLINK-30984,+,482.0,484.0,43.0
58481,STARLINK-30956,+,482.0,484.0,43.0
58482,STARLINK-30997,+,482.0,484.0,43.0
58483,STARLINK-30994,+,436.0,455.0,43.0
58484,STARLINK-30991,+,482.0,484.0,43.0
58485,STARLINK-30979,+,483.0,483.0,43.0
58486,STARLINK-31005,+,482.0,484.0,43.0
58487,STARLINK-30987,+,483.0,483.0,43.0
58488,STARLINK-31000,+,482.0,484.0,43.0
58489,STARLINK-30993,+,482.0,484.0,43.0
58490,STARLINK-30978,+,482.0,484.0,43.0
58491,STARLINK-30953,+,482.0,484.0,43.0
58492,STARLINK-30986,+,482.0,484.0,43.0
58493,STARLINK-30985,+,482.0,484.0,43.0
58494,STARLINK-30981,+,482.0,484.0,43.0
58495,STARLINK-31002,+,482.0,484.0,43.0
58496,XINGCHI-1 02A,+,608.0,622.0,97.92
58497,MISRSAT-2,+,612.0,625.0,97.92
58498,XINGCHI-1 02B,+,604.0,617.0,97.93
58500,DOORY-SAT,+,621.0,633.0,46.98
58502,OBJECT A,+,456.0,472.0,97.44
58505,CHUANGXIN 19 (CX-19),+,1110.0,1112.0,86.5
58508,STARLINK-31026,+,482.0,484.0,43.0
58509,STARLINK-31020,P,482.0,484.0,43.0
58510,STARLINK-30989,+,482.0,484.0,43.0
58511,STARLINK-30968,+,482.0,484.0,43.0
58512,STARLINK-30982,+,482.0,484.0,43.0
58513,STARLINK-30998,+,482.0,484.0,43.0
58514,STARLINK-30983,+,482.0,484.0,43.0
58515,STARLINK-31017,+,482.0,484.0,43.0
58516,STARLINK-31028,+,482.0,484.0,43.0
58517,STARLINK-31011,+,482.0,484.0,43.0
58518,STARLINK-31021,+,482.0,484.0,43.0
58519,STARLINK-31010,+,482.0,484.0,43.0
58520,STARLINK-31003,+,482.0,484.0,43.0
58521,STARLINK-31015,+,482.0,485.0,43.01
58523,STARLINK-30932,+,482.0,484.0,43.0
58524,STARLINK-30992,+,482.0,484.0,43.0
58525,STARLINK-30948,+,482.0,484.0,43.0
58526,STARLINK-31013,+,523.0,536.0,43.0
58527,STARLINK-31001,+,482.0,484.0,43.0
58528,STARLINK-31004,+,482.0,484.0,43.0
58529,STARLINK-30988,+,482.0,484.0,43.0
58530,STARLINK-31009,+,482.0,484.0,43.0
58531,STARLINK-31012,+,462.0,464.0,53.16
58532,STARLINK-31035,+,462.0,464.0,53.16
58533,STARLINK-31036,+,462.0,464.0,53.16
58534,STARLINK-30936,+,470.0,472.0,53.16
58535,STARLINK-31032,+,462.0,463.0,53.16
58536,STARLINK-31037,+,462.0,464.0,53.16
58537,STARLINK-31041,+,462.0,464.0,53.16
58538,STARLINK-31014,+,462.0,463.0,53.16
58539,STARLINK-31055,+,462.0,463.0,53.16
58540,STARLINK-31019,+,462.0,464.0,53.16
58541,STARLINK-31045,+,472.0,474.0,53.16
58542,STARLINK-31030,+,462.0,464.0,53.16
58543,STARLINK-31049,+,462.0,463.0,53.16
58544,STARLINK-31048,+,462.0,464.0,53.16
58545,STARLINK-31057,+,462.0,464.0,53.16
58546,STARLINK-31050,+,462.0,463.0,53.16
58547,STARLINK-31063,+,462.0,464.0,53.16
58548,STARLINK-31016,+,462.0,464.0,53.16
58549,STARLINK-31053,+,462.0,463.0,53.16
58550,STARLINK-31056,+,462.0,464.0,53.16
58551,STARLINK-30999,+,462.0,464.0,53.16
58552,STARLINK-31046,+,462.0,464.0,53.16
58555,HONGHU 2,+,414.0,473.0,97.28
58557,YAOGAN-39 05A,+,493.0,501.0,35.0
58558,YAOGAN-39 05B,+,509.0,524.0,34.99
58559,YAOGAN-39 05C,+,505.0,528.0,34.99
58562,ALISIO-1,+,508.0,519.0,97.53
58578,QPS-SAR-5 (TSUKUYOMI-I),+,475.0,513.0,42.01
58584,ARKTIKA-M 2,+,1850.0,38509.0,63.21
58589,STARLINK-31044,+,482.0,484.0,43.0
58590,STARLINK-31062,+,482.0,484.0,43.0
58592,STARLINK-31096,P,423.0,450.0,43.0
58593,STARLINK-31094,+,482.0,484.0,43.0
58594,STARLINK-31075,+,482.0,484.0,43.0
58595,STARLINK-30857,+,481.0,485.0,43.0
58596,STARLINK-31059,+,482.0,484.0,43.0
58597,STARLINK-31087,+,482.0,484.0,43.0
58598,STARLINK-31079,P,309.0,349.0,42.97
58600,STARLINK-31052,+,482.0,484.0,43.0
58601,STARLINK-31074,+,482.0,484.0,43.0
58602,STARLINK-31071,+,482.0,484.0,43.0
58603,STARLINK-31080,+,483.0,484.0,43.0
58604,STARLINK-31088,+,482.0,484.0,43.0
58605,STARLINK-31038,P,423.0,445.0,43.0
58606,STARLINK-31082,+,482.0,484.0,43.0
58607,STARLINK-31069,+,483.0,483.0,43.0
58608,STARLINK-31067,+,482.0,484.0,43.0
58609,STARLINK-31085,+,482.0,484.0,43.01
58610,STARLINK-31089,+,481.0,485.0,43.01
58611,STARLINK-31061,+,482.0,484.0,43.01
58614,COSMOS 2573,+,488.0,492.0,97.63
58619,STARLINK-31054,+,482.0,484.0,43.0
58621,STARLINK-31134,+,482.0,484.0,43.0
58622,STARLINK-31133,+,482.0,484.0,43.0
58623,STARLINK-31068,+,482.0,484.0,43.0
58624,STARLINK-31129,+,482.0,484.0,43.0
58625,STARLINK-30774,+,482.0,484.0,43.01
58626,STARLINK-31086,+,482.0,484.0,43.0
58627,STARLINK-31065,+,483.0,483.0,43.0
58628,STARLINK-31092,+,482.0,484.0,43.0
58629,STARLINK-31091,+,482.0,484.0,43.0
58630,STARLINK-31084,+,482.0,484.0,43.0
58631,STARLINK-31064,+,482.0,484.0,43.0
58632,STARLINK-31081,+,483.0,484.0,43.0
58633,STARLINK-31022,+,482.0,484.0,43.0
58634,STARLINK-31025,+,482.0,484.0,43.0
58635,STARLINK-31018,+,482.0,484.0,43.0
58636,STARLINK-31008,+,482.0,484.0,43.0
58637,STARLINK-31077,+,482.0,484.0,43.0
58638,STARLINK-31078,+,482.0,484.0,43.0
58639,STARLINK-31070,+,482.0,484.0,43.0
58640,STARLINK-31090,+,482.0,484.0,43.0
58645,TIANMU-1 11,+,476.0,490.0,97.34
58646,TIANMU-1 12,+,478.0,490.0,97.34
58647,TIANMU-1 13,+,478.0,490.0,97.35
58648,TIANMU-1 14,+,478.0,490.0,97.34
58650,SHIYAN-24C 01,+,570.0,573.0,97.41
58651,SHIYAN-24C 02,+,571.0,572.0,97.41
58652,SHIYAN-24C 03,+,570.0,573.0,97.41
58660,TIANMU-1 19,+,464.0,473.0,97.45
58661,TIANMU-1 20,+,459.0,471.0,97.45
58662,TIANMU-1 21,+,452.0,463.0,97.46
58663,TIANMU-1 22,+,467.0,474.0,97.45
58668,STARLINK-31113,+,482.0,484.0,43.0
58669,STARLINK-31128,+,482.0,484.0,43.0
58670,STARLINK-31083,+,482.0,484.0,43.0
58671,STARLINK-30828,+,482.0,484.0,43.0
58672,STARLINK-31104,P,348.0,383.0,42.98
58673,STARLINK-31131,+,482.0,484.0,43.0
58674,STARLINK-31124,+,482.0,484.0,43.0
58675,STARLINK-31126,+,482.0,484.0,43.0
58676,STARLINK-31066,+,482.0,484.0,43.0
58677,STARLINK-31058,+,482.0,484.0,43.0
58678,STARLINK-31125,+,482.0,484.0,43.0
58679,STARLINK-31110,+,482.0,484.0,43.0
58680,STARLINK-31112,+,482.0,484.0,43.0
58681,STARLINK-31147,+,482.0,484.0,43.0
58682,STARLINK-31144,+,482.0,484.0,43.0
58683,STARLINK-31095,+,482.0,484.0,43.0
58684,STARLINK-31107,+,482.0,484.0,43.0
58685,STARLINK-31121,+,482.0,484.0,43.0
58686,STARLINK-31137,+,482.0,484.0,43.0
58689,STARLINK-31106,+,482.0,484.0,43.0
58691,HULIANWANG JISHU SHIYAN 4A,+,1103.0,1105.0,50.0
58692,HULIANWANG JISHU SHIYAN 4B,+,1103.0,1105.0,50.0
58693,HULIANWANG JISHU SHIYAN 4C,+,1103.0,1104.0,50.0
58694,XPOSAT,+,625.0,637.0,5.99
58700,TIANMU-1 15,+,478.0,490.0,97.47
58701,TIANMU-1 16,+,479.0,489.0,97.46
58702,TIANMU-1 17,+,479.0,488.0,97.47
58703,TIANMU-1 18,+,480.0,489.0,97.47
58705,STARLINK-11072 [DTC],+,359.0,361.0,53.16
58706,STARLINK-11075 [DTC],+,341.0,348.0,53.15
58707,STARLINK-11077 [DTC],+,359.0,360.0,53.16
58708,STARLINK-11079 [DTC],+,359.0,360.0,53.16
58709,STARLINK-11076 [DTC],+,359.0,361.0,53.16
58710,STARLINK-11078 [DTC],+,359.0,361.0,53.16
58711,STARLINK-31031,+,462.0,464.0,53.16
58712,STARLINK-31029,+,462.0,464.0,53.16
58713,STARLINK-30973,+,462.0,464.0,53.16
58714,STARLINK-31100,+,462.0,464.0,53.16
58715,STARLINK-31102,+,462.0,464.0,53.16
58716,STARLINK-31098,+,462.0,464.0,53.16
58717,STARLINK-31093,+,462.0,464.0,53.16
58718,STARLINK-31097,+,462.0,464.0,53.16
58719,STARLINK-31051,+,462.0,464.0,53.16
58720,STARLINK-31027,P,304.0,314.0,53.13
58721,STARLINK-30972,+,462.0,464.0,53.16
58722,STARLINK-31040,+,462.0,464.0,53.16
58723,STARLINK-31033,+,462.0,464.0,53.16
58724,STARLINK-30893,+,462.0,464.0,53.16
58725,STARLINK-30856,+,464.0,466.0,53.16
58727,UNICORN-2L,+,489.0,509.0,97.53
58729,STARLINK-31115,+,482.0,484.0,43.0
58732,STARLINK-31180,+,482.0,484.0,43.0
58733,STARLINK-31164,+,482.0,485.0,43.01
58734,STARLINK-31152,+,482.0,485.0,43.01
58735,STARLINK-31157,+,482.0,484.0,43.0
58736,STARLINK-31076,+,482.0,484.0,43.0
58737,STARLINK-31101,+,482.0,484.0,43.0
58738,STARLINK-31108,+,482.0,484.0,43.0
58739,STARLINK-31042,+,482.0,484.0,43.0
58740,STARLINK-31159,+,481.0,485.0,43.01
58741,STARLINK-31148,+,483.0,484.0,43.0
58742,STARLINK-31151,+,482.0,484.0,43.0
58743,STARLINK-31156,+,482.0,484.0,43.0
58744,STARLINK-31167,+,483.0,484.0,43.0
58745,STARLINK-31176,+,483.0,484.0,43.0
58746,STARLINK-31181,+,482.0,484.0,43.01
58747,STARLINK-31183,+,482.0,484.0,43.0
58748,STARLINK-31165,+,482.0,484.0,43.0
58749,STARLINK-31160,+,482.0,484.0,43.01
58750,STARLINK-31179,+,482.0,484.0,43.0
58753,EINSTEIN PROBE,+,554.0,567.0,29.0
58755,NANOFF B,+,519.0,538.0,97.52
58758,YUNYAO-1 18,+,488.0,495.0,50.02
58759,YUNYAO-1 19,+,506.0,512.0,49.98
58760,YUNYAO-1 20,+,506.0,511.0,49.98
58765,STARLINK-31127,+,464.0,466.0,53.16
58766,STARLINK-31114,+,462.0,463.0,53.16
58767,STARLINK-31140,+,462.0,463.0,53.16
58769,STARLINK-31146,+,462.0,464.0,53.16
58770,STARLINK-31143,+,462.0,464.0,53.16
58771,STARLINK-31135,+,462.0,463.0,53.16
58772,STARLINK-31136,+,462.0,464.0,53.16
58773,STARLINK-31073,+,462.0,464.0,53.16
58774,STARLINK-31122,+,462.0,463.0,53.16
58775,STARLINK-31123,+,462.0,464.0,53.16
58776,STARLINK-31117,+,462.0,464.0,53.16
58777,STARLINK-31132,+,470.0,472.0,53.16
58778,STARLINK-31120,+,462.0,464.0,53.16
58779,STARLINK-31142,+,462.0,463.0,53.16
58781,STARLINK-31099,+,462.0,464.0,53.16
58783,STARLINK-31047,+,462.0,464.0,53.16
58784,STARLINK-31039,+,462.0,464.0,53.16
58785,STARLINK-31034,+,462.0,464.0,53.16
58786,STARLINK-31024,+,462.0,463.0,53.16
58787,STARLINK-31189,+,482.0,484.0,43.0
58788,STARLINK-31185,+,482.0,484.0,43.0
58789,STARLINK-31166,+,482.0,484.0,43.0
58790,STARLINK-31187,+,482.0,484.0,43.0
58791,STARLINK-31162,+,482.0,484.0,43.0
58793,STARLINK-31184,+,482.0,484.0,43.01
58794,STARLINK-31192,+,482.0,484.0,43.0
58795,STARLINK-31161,+,482.0,484.0,43.0
58796,STARLINK-31195,+,482.0,484.0,43.0
58797,STARLINK-31193,+,482.0,484.0,43.0
58798,STARLINK-31168,+,482.0,484.0,43.0
58800,STARLINK-31191,+,482.0,484.0,43.0
58801,STARLINK-31170,+,482.0,484.0,43.0
58803,STARLINK-31141,+,482.0,484.0,43.0
58804,STARLINK-31188,+,482.0,484.0,43.0
58806,STARLINK-31138,+,482.0,484.0,43.0
58807,STARLINK-31163,+,482.0,484.0,43.0
58808,STARLINK-31174,+,483.0,483.0,43.0
58809,STARLINK-31169,+,483.0,484.0,43.0
58810,NANOFF A,+,520.0,536.0,97.52
58817,SORAYA,+,743.0,756.0,64.51
58820,TAIJING-2 04,+,386.0,395.0,97.45
58821,TAIJING-1 03,+,252.0,265.0,97.43
58822,TAIJING-3 02,+,481.0,494.0,97.43
58823,TAIJING-4 03,+,391.0,400.0,97.43
58826,STARLINK-31233,+,462.0,463.0,53.16
58827,STARLINK-31271,+,462.0,463.0,53.16
58828,STARLINK-31222,+,462.0,464.0,53.16
58829,STARLINK-31258,+,462.0,464.0,53.16
58830,STARLINK-31253,+,470.0,472.0,53.16
58831,STARLINK-31232,+,470.0,471.0,53.16
58832,STARLINK-31263,+,462.0,464.0,53.16
58834,STARLINK-31171,+,462.0,464.0,53.16
58835,STARLINK-31246,+,462.0,464.0,53.16
58836,STARLINK-31251,+,462.0,464.0,53.16
58838,STARLINK-31249,+,462.0,464.0,53.16
58839,STARLINK-31250,+,462.0,464.0,53.16
58840,STARLINK-31248,+,462.0,464.0,53.16
58841,STARLINK-31236,+,462.0,464.0,53.16
58842,STARLINK-31228,+,462.0,464.0,53.16
58843,STARLINK-31280,+,462.0,464.0,53.16
58844,STARLINK-31269,+,462.0,463.0,53.16
58845,STARLINK-31264,+,462.0,464.0,53.16
58846,STARLINK-31273,+,462.0,463.0,53.16
58847,STARLINK-31262,+,462.0,464.0,53.16
58848,AAC-HSI-SAT3,+,510.0,526.0,97.34
58849,OBJECT A,+,453.0,1066.0,58.69
58850,OBJECT B,+,451.0,1038.0,58.7
58851,OBJECT C,+,453.0,1055.0,58.69
58853,STARLINK-31238,+,481.0,485.0,43.01
58854,STARLINK-31158,+,481.0,485.0,43.0
58855,STARLINK-31237,+,482.0,484.0,43.01
58856,STARLINK-31244,+,482.0,484.0,43.0
58858,STARLINK-31226,+,482.0,484.0,43.0
58859,STARLINK-31197,+,482.0,484.0,43.0
58860,STARLINK-31213,+,482.0,484.0,43.0
58861,STARLINK-31199,+,482.0,484.0,43.0
58862,STARLINK-31200,+,482.0,484.0,43.0
58863,STARLINK-31149,+,482.0,484.0,43.0
58864,STARLINK-31242,+,482.0,484.0,43.0
58865,STARLINK-31223,+,483.0,483.0,43.0
58866,STARLINK-31219,+,482.0,484.0,43.0
58867,STARLINK-31198,+,482.0,484.0,43.01
58868,STARLINK-31196,+,482.0,484.0,43.0
58869,STARLINK-31203,+,483.0,484.0,43.0
58870,STARLINK-31201,+,483.0,484.0,43.01
58871,STARLINK-31214,+,482.0,484.0,43.0
58872,STARLINK-31215,+,482.0,484.0,43.0
58873,STARLINK-31177,+,482.0,484.0,43.01
58874,STARLINK-30945,+,482.0,484.0,43.0
58875,STARLINK-31212,+,482.0,484.0,43.0
58876,STARLINK-31306,+,462.0,464.0,53.16
58877,STARLINK-31326,+,470.0,472.0,53.16
58878,STARLINK-31300,+,462.0,463.0,53.16
58879,STARLINK-31296,+,462.0,464.0,53.16
58880,STARLINK-31328,+,464.0,466.0,53.16
58881,STARLINK-31260,+,462.0,464.0,53.16
58882,STARLINK-31323,+,462.0,463.0,53.16
58883,STARLINK-31209,+,462.0,464.0,53.16
58884,STARLINK-31315,+,462.0,463.0,53.16
58885,STARLINK-31318,+,470.0,471.0,53.16
58886,STARLINK-31320,+,462.0,464.0,53.16
58887,STARLINK-31321,+,462.0,464.0,53.16
58889,STARLINK-31007,+,462.0,463.0,53.16
58890,STARLINK-31230,+,462.0,464.0,53.16
58891,STARLINK-31245,+,462.0,464.0,53.16
58893,STARLINK-31255,+,462.0,464.0,53.16
58894,STARLINK-31243,+,470.0,471.0,53.16
58895,STARLINK-31218,+,470.0,472.0,53.16
58897,STARLINK-31190,+,470.0,471.0,53.16
58899,LEMUR-2-NIMBUS2000,+,434.0,443.0,97.4
58900,LEMUR-2-VALHALLA,+,437.0,447.0,97.4
58903,LEMUR-2-CAEL,+,433.0,442.0,97.4
58905,GEESAT-2 01,+,615.0,622.0,50.0
58906,GEESAT-2 02,+,608.0,629.0,50.0
58907,GEESAT-2 03,+,571.0,579.0,50.0
58908,GEESAT-2 04,+,571.0,579.0,49.99
58909,GEESAT-2 05,+,611.0,626.0,50.01
58910,GEESAT-2 06,+,548.0,557.0,49.99
58911,GEESAT-2 07,+,612.0,626.0,50.01
58912,GEESAT-2 08,+,616.0,621.0,49.99
58913,GEESAT-2 09,+,604.0,634.0,50.0
58914,GEESAT-2 10,+,612.0,625.0,50.0
58915,GEESAT-2 11,+,605.0,632.0,50.0
58918,XINGSHIDAI 20,+,493.0,513.0,97.3
58921,NEXSAT-1,+,458.0,468.0,97.3
58922,OBJECT F,+,488.0,505.0,97.3
58925,OBJECT J,+,269.0,277.0,97.3
58928,PACE,+,673.0,677.0,98.09
58929,COSMOS 2575,+,342.0,345.0,96.61
58931,STARLINK-31317,+,462.0,464.0,53.16
58932,STARLINK-31378,+,470.0,471.0,53.16
58933,STARLINK-31350,+,462.0,464.0,53.16
58934,STARLINK-31337,+,462.0,464.0,53.16
58935,STARLINK-31362,+,462.0,464.0,53.16
58936,STARLINK-31383,+,462.0,464.0,53.16
58937,STARLINK-31390,+,462.0,464.0,53.16
58938,STARLINK-31377,+,462.0,463.0,53.16
58939,STARLINK-31372,+,463.0,464.0,53.16
58940,STARLINK-31371,+,464.0,466.0,53.16
58941,STARLINK-31345,+,462.0,464.0,53.16
58942,STARLINK-31354,+,470.0,471.0,53.16
58943,STARLINK-31346,+,464.0,466.0,53.16
58944,STARLINK-31336,+,462.0,464.0,53.16
58945,STARLINK-31359,+,462.0,464.0,53.16
58946,STARLINK-31331,+,470.0,472.0,53.16
58947,STARLINK-31116,+,470.0,472.0,53.16
58948,STARLINK-31311,+,462.0,464.0,53.16
58949,STARLINK-31294,+,462.0,464.0,53.16
58951,STARLINK-31330,+,462.0,464.0,53.16
58952,STARLINK-31293,+,470.0,472.0,53.16
58955,HBTSS-SV2,+,983.0,1012.0,39.99
58956,RAPTOR4,+,975.0,997.0,39.99
58957,RAPTOR1,+,975.0,994.0,39.99
58958,RAPTOR3,+,989.0,1007.0,39.99
58959,RAPTOR2,+,989.0,1007.0,39.99
58960,HBTSS-SV1,+,555.0,571.0,39.99
58965,STARLINK-31373,+,462.0,463.0,53.16
58966,STARLINK-31449,+,462.0,464.0,53.16
58967,STARLINK-31314,+,462.0,464.0,53.16
58968,STARLINK-31356,+,462.0,464.0,53.16
58969,STARLINK-31335,+,462.0,464.0,53.16
58970,STARLINK-31368,+,462.0,464.0,53.16
58971,STARLINK-31333,+,462.0,464.0,53.16
58972,STARLINK-31351,+,462.0,463.0,53.16
58973,STARLINK-31365,+,462.0,463.0,53.16
58974,STARLINK-31361,+,462.0,464.0,53.16
58975,STARLINK-31369,+,462.0,464.0,53.16
58976,STARLINK-31324,+,462.0,464.0,53.16
58977,STARLINK-31358,+,462.0,463.0,53.16
58978,STARLINK-31355,+,462.0,464.0,53.16
58979,STARLINK-31380,+,462.0,464.0,53.16
58980,STARLINK-31353,+,462.0,464.0,53.16
58981,STARLINK-31339,+,462.0,463.0,53.16
58983,STARLINK-31384,+,462.0,464.0,53.16
58984,STARLINK-31379,+,462.0,463.0,53.16
58985,STARLINK-31385,+,462.0,463.0,53.16
58986,STARLINK-31229,+,462.0,464.0,53.16
58987,CE-SAT-IE,+,665.0,668.0,97.99
58988,VEP-4,+,670.0,672.0,98.12
58989,TIRSAT,+,650.0,655.0,97.99
58992,ADRAS-J,+,306.0,473.0,98.21
58997,AAC-AIS-SAT3,+,608.0,619.0,97.62
58998,STARLINK-31468,+,462.0,464.0,53.16
58999,STARLINK-31440,+,462.0,463.0,53.16
59000,STARLINK-31529,+,462.0,464.0,53.16
59002,STARLINK-31431,+,470.0,472.0,53.16
59004,STARLINK-31435,+,462.0,463.0,53.16
59005,STARLINK-31484,+,462.0,463.0,53.16
59006,STARLINK-31450,+,462.0,464.0,53.16
59007,STARLINK-31456,+,462.0,464.0,53.16
59008,STARLINK-31460,+,462.0,463.0,53.16
59009,STARLINK-31488,+,462.0,464.0,53.16
59010,STARLINK-31528,+,462.0,463.0,53.16
59011,STARLINK-31491,+,462.0,464.0,53.16
59012,STARLINK-31465,+,470.0,472.0,53.16
59013,STARLINK-31389,+,470.0,471.0,53.16
59014,STARLINK-31454,+,470.0,472.0,53.16
59015,STARLINK-31521,+,470.0,472.0,53.16
59016,STARLINK-31526,+,470.0,471.0,53.16
59017,STARLINK-31406,+,462.0,464.0,53.16
59018,STARLINK-31527,+,462.0,464.0,53.16
59019,STARLINK-31436,+,462.0,464.0,53.16
59023,STARLINK-30996,+,482.0,484.0,43.0
59024,STARLINK-31006,+,483.0,483.0,43.0
59025,STARLINK-31178,+,482.0,484.0,43.0
59027,STARLINK-30863,+,482.0,484.0,43.0
59028,STARLINK-31206,+,482.0,484.0,43.01
59029,STARLINK-31224,+,482.0,484.0,43.0
5903,OPS 5058 (DMSP 5B F2),-,771.0,842.0,99.12
59030,STARLINK-31186,+,482.0,484.0,43.0
59031,STARLINK-31211,+,482.0,484.0,43.0
59032,STARLINK-30862,+,482.0,484.0,43.0
59033,STARLINK-31210,+,482.0,484.0,43.0
59034,STARLINK-31231,+,482.0,484.0,43.0
59035,STARLINK-31207,+,482.0,484.0,43.0
59036,STARLINK-31217,+,482.0,484.0,43.0
59037,STARLINK-31208,+,483.0,484.0,43.0
59038,STARLINK-31235,+,482.0,484.0,43.0
59039,STARLINK-31220,+,482.0,484.0,43.0
59040,STARLINK-31225,+,483.0,484.0,43.0
59041,STARLINK-31240,+,482.0,484.0,43.0
59042,STARLINK-31202,+,468.0,475.0,43.0
59043,STARLINK-31234,+,482.0,484.0,43.0
59044,STARLINK-31153,+,482.0,484.0,43.0
59045,STARLINK-31241,+,483.0,483.0,43.0
59046,STARLINK-31205,+,482.0,484.0,43.0
5905,COSMOS 480,,1172.0,1198.0,82.97
59051,METEOR-M2 4,+,812.0,822.0,98.71
59065,PARS 1,+,420.0,431.0,97.49
59066,SITRO-AIS 25,+,484.0,688.0,95.39
59067,SITRO-AIS 26,+,485.0,688.0,95.39
59068,SITRO-AIS 27,+,484.0,686.0,95.39
59071,SITRO-AIS 28,+,484.0,686.0,95.39
59072,MARAFON-D GVM,+,725.0,752.0,88.98
59074,STARLINK-31265,+,483.0,484.0,43.01
59075,STARLINK-31276,+,481.0,485.0,43.0
59076,STARLINK-31259,+,482.0,484.0,43.0
59077,STARLINK-31281,+,483.0,484.0,43.0
59078,STARLINK-31274,+,482.0,484.0,43.01
59079,STARLINK-31257,+,482.0,484.0,43.0
59081,STARLINK-31292,+,483.0,484.0,43.0
59082,STARLINK-31286,+,482.0,484.0,43.0
59083,STARLINK-31252,+,482.0,484.0,43.0
59084,STARLINK-31261,+,482.0,484.0,43.0
59085,STARLINK-31290,+,482.0,484.0,43.0
59086,STARLINK-31279,+,482.0,484.0,43.0
59087,STARLINK-31266,+,482.0,484.0,43.0
59088,STARLINK-31313,+,483.0,484.0,43.0
59089,STARLINK-31307,+,483.0,484.0,43.0
59090,STARLINK-31316,+,483.0,484.0,43.0
59092,STARLINK-31310,+,482.0,484.0,43.0
59093,STARLINK-31343,+,482.0,484.0,43.0
59095,STARLINK-31295,+,483.0,483.0,43.0
59096,STARLINK-31291,+,482.0,484.0,43.0
59098,HORACIO,+,562.0,579.0,97.86
59099,MUSAT-2,+,532.0,544.0,97.87
59100,ICEYE-X38,+,524.0,527.0,97.85
59101,METHANESAT,-,564.0,580.0,97.85
59102,ICEYE-X37,+,536.0,558.0,97.84
59103,ICEYE-X36,+,539.0,549.0,97.84
59104,PE2_FLT2  (TYVAK-0262),+,570.0,579.0,97.85
59105,PE2_FLT1 (TYVAK-0261),+,571.0,579.0,97.85
59106,RROCI-2,+,556.0,577.0,97.85
59107,BRO-13,+,570.0,584.0,97.86
59108,BRO-12,+,570.0,583.0,97.86
59112,SONATE-2,+,374.0,380.0,97.56
59117,CONTECSAT-1,+,447.0,460.0,97.57
59120,TIGER-8,+,425.0,433.0,97.56
59121,LYNK TOWER 5,+,464.0,479.0,97.57
59122,NUSAT-44 (MARIA MITCHELL),+,473.0,480.0,97.55
59123,LYNK TOWER 6,+,463.0,478.0,97.57
59124,VSP ROSE,+,470.0,485.0,97.57
59125,TRANSPORTER-10 OBJECT AD,+,449.0,461.0,97.57
59126,YAM-6,+,446.0,457.0,97.56
59127,JACKAL X-1L-001,+,423.0,432.0,97.57
59128,TRANSPORTER-10 OBJECT AG,+,461.0,474.0,97.57
59129,APEX ARIES 1,+,389.0,394.0,97.55
59130,GHOST-5,+,428.0,437.0,97.57
59131,MESON-1,+,464.0,478.0,97.57
59132,LIZZIESAT-1 (LS-1),+,475.0,490.0,97.57
59133,GHOST-4,+,427.0,436.0,97.57
59134,JACKAL X-1L-002,+,418.0,426.0,97.57
59135,VSP RF A1,+,498.0,500.0,97.56
59136,VSP RF C1,+,479.0,483.0,97.57
59137,VSP RF B1,+,495.0,497.0,97.57
59141,TIGER-7,+,414.0,419.0,97.56
59146,LEMUR-2-JOHNNYTRUONG,+,370.0,374.0,97.54
59148,HAMMER,+,399.0,402.0,97.55
59152,STARLINK-31312,+,482.0,484.0,43.0
59153,STARLINK-31308,+,483.0,484.0,43.0
59154,STARLINK-31270,+,482.0,484.0,43.0
59155,STARLINK-31341,+,482.0,484.0,43.0
59156,STARLINK-31338,+,482.0,484.0,43.0
59157,STARLINK-31334,+,482.0,484.0,43.0
59158,STARLINK-31297,+,482.0,484.0,43.0
59159,STARLINK-31182,+,482.0,484.0,43.0
59160,STARLINK-31327,+,482.0,484.0,43.0
59161,STARLINK-31256,+,482.0,484.0,43.0
59162,STARLINK-31272,+,482.0,484.0,43.0
59163,STARLINK-31278,+,482.0,484.0,43.0
59164,STARLINK-31309,+,482.0,484.0,43.0
59165,STARLINK-31325,+,483.0,484.0,43.0
59166,STARLINK-31342,+,482.0,484.0,43.0
59167,STARLINK-31298,+,482.0,484.0,43.0
59168,STARLINK-31322,+,482.0,484.0,43.0
59169,STARLINK-31329,+,482.0,484.0,43.0
5917,METEOR 1-11,,823.0,901.0,81.23
59170,STARLINK-31340,+,482.0,484.0,43.0
59171,STARLINK-31344,+,482.0,484.0,43.0
59172,STARLINK-31348,+,483.0,483.0,43.0
59173,STARLINK-31289,+,482.0,484.0,43.0
59174,STARLINK-31283,+,482.0,484.0,43.0
59175,EXO-0,+,454.0,464.0,97.38
59178,STARLINK-31439,+,482.0,484.0,43.0
59179,STARLINK-31410,+,482.0,484.0,43.0
59180,STARLINK-31395,+,482.0,484.0,43.0
59181,STARLINK-31486,+,482.0,484.0,43.0
59182,STARLINK-31411,+,483.0,484.0,43.0
59184,STARLINK-31382,+,482.0,484.0,43.0
59185,STARLINK-31394,+,482.0,484.0,43.0
59186,STARLINK-31403,+,482.0,484.0,43.0
59187,STARLINK-31514,+,482.0,484.0,43.0
59188,STARLINK-31478,+,482.0,484.0,43.0
59189,STARLINK-31498,+,482.0,484.0,43.0
59190,STARLINK-31563,+,482.0,484.0,43.0
59191,STARLINK-31551,+,482.0,484.0,43.0
59192,STARLINK-31536,+,482.0,484.0,43.0
59193,STARLINK-31548,+,482.0,484.0,43.0
59194,STARLINK-31542,+,482.0,484.0,43.0
59195,STARLINK-31554,+,482.0,484.0,43.0
59196,STARLINK-31558,+,482.0,484.0,43.0
59197,STARLINK-31275,+,482.0,484.0,43.0
59198,STARLINK-31590,+,482.0,484.0,43.0
59199,STARLINK-31567,+,482.0,484.0,43.0
59200,STARLINK-31503,+,482.0,484.0,43.0
59201,STARLINK-31603,+,462.0,464.0,53.16
59202,STARLINK-31602,+,462.0,464.0,53.16
59203,STARLINK-31577,+,462.0,463.0,53.16
59204,STARLINK-31522,+,463.0,465.0,53.16
59205,STARLINK-31586,+,462.0,464.0,53.16
59206,STARLINK-31247,+,474.0,476.0,53.16
59207,STARLINK-31591,+,462.0,464.0,53.16
59208,STARLINK-31576,+,462.0,464.0,53.16
59209,STARLINK-31601,+,462.0,464.0,53.16
59210,STARLINK-31520,+,462.0,464.0,53.16
59211,STARLINK-31496,+,462.0,464.0,53.16
59212,STARLINK-31492,+,462.0,463.0,53.16
59213,STARLINK-31517,+,461.0,464.0,53.16
59214,STARLINK-31604,+,461.0,464.0,53.16
59215,STARLINK-31434,+,462.0,463.0,53.16
59216,STARLINK-31417,+,462.0,464.0,53.16
59217,STARLINK-31499,+,462.0,464.0,53.16
59218,STARLINK-31421,+,462.0,464.0,53.16
59219,STARLINK-31518,+,462.0,464.0,53.16
59220,STARLINK-31523,+,462.0,463.0,53.16
59221,STARLINK-31516,+,462.0,464.0,53.16
59222,STARLINK-31490,+,462.0,464.0,53.16
59223,STARLINK-31420,+,464.0,466.0,53.16
59224,STRIX-3,+,496.0,513.0,97.67
59232,STARLINK-31305,+,482.0,484.0,43.0
59233,STARLINK-31459,+,482.0,484.0,43.0
59234,STARLINK-31438,+,482.0,484.0,43.0
59235,STARLINK-31467,+,482.0,484.0,43.0
59236,STARLINK-31444,+,421.0,437.0,42.99
59237,STARLINK-31505,+,482.0,484.0,43.0
59238,STARLINK-31494,+,482.0,484.0,43.0
59239,STARLINK-31303,+,482.0,484.0,43.0
59240,STARLINK-31408,+,482.0,484.0,43.0
59241,STARLINK-31427,+,482.0,484.0,43.0
59242,STARLINK-31423,+,482.0,484.0,43.0
59243,STARLINK-31433,+,482.0,484.0,43.0
59244,STARLINK-31285,+,482.0,484.0,43.01
59246,STARLINK-31284,+,482.0,484.0,43.0
59247,STARLINK-31424,+,483.0,483.0,43.0
59248,STARLINK-31405,+,482.0,484.0,43.0
59249,STARLINK-31426,+,482.0,484.0,43.0
59250,STARLINK-31407,+,482.0,484.0,43.0
59252,STARLINK-31393,+,482.0,484.0,43.0
59253,STARLINK-31425,+,482.0,484.0,43.0
59254,STARLINK-31659,+,462.0,464.0,53.16
59255,STARLINK-31629,+,474.0,476.0,53.16
59256,STARLINK-31652,+,470.0,471.0,53.16
59258,STARLINK-31637,+,462.0,464.0,53.16
59259,STARLINK-31506,+,474.0,477.0,53.16
59261,STARLINK-31639,+,470.0,471.0,53.16
59263,STARLINK-31598,+,462.0,464.0,53.16
59264,STARLINK-31645,+,462.0,463.0,53.16
59265,STARLINK-31646,+,462.0,464.0,53.16
59266,STARLINK-31648,+,475.0,476.0,53.16
59267,STARLINK-31579,+,474.0,476.0,53.16
59268,STARLINK-31627,+,462.0,464.0,53.16
59269,STARLINK-31609,+,465.0,466.0,53.16
59270,STARLINK-31616,+,462.0,464.0,53.16
59271,STARLINK-31630,+,462.0,464.0,53.16
59272,STARLINK-31623,+,462.0,464.0,53.16
59273,STARLINK-31595,+,474.0,476.0,53.16
59274,USA 350,+,449.0,451.0,53.16
59275,USA 351,+,446.0,448.0,53.16
59280,YUNHAI-2 02A,+,790.0,807.0,50.01
59281,YUNHAI-2 02B,+,795.0,802.0,50.01
59282,YUNHAI-2 02C,+,794.0,803.0,50.01
59283,YUNHAI-2 02D,+,795.0,802.0,50.01
59284,YUNHAI-2 02E,+,790.0,807.0,50.01
59285,YUNHAI-2 02F,+,795.0,802.0,50.01
59288,USA 352,+,318.0,327.0,50.0
59289,MOLA,+,370.0,375.0,49.98
59290,AEROCUBE 16A,+,427.0,432.0,49.99
59291,AEROCUBE 16B,+,427.0,432.0,49.99
59296,STARLINK-31463,+,482.0,484.0,43.0
59297,STARLINK-31487,+,482.0,484.0,43.0
59298,STARLINK-31386,+,482.0,484.0,43.0
59299,STARLINK-31409,+,482.0,484.0,43.0
59300,STARLINK-31489,+,482.0,484.0,43.0
59301,STARLINK-31502,+,482.0,484.0,43.0
59302,STARLINK-31447,+,482.0,484.0,43.0
59303,STARLINK-31504,+,482.0,484.0,43.01
59304,STARLINK-31474,+,482.0,484.0,43.0
59305,STARLINK-31500,+,482.0,484.0,43.0
59306,STARLINK-31480,+,482.0,484.0,43.0
59307,STARLINK-31282,+,482.0,484.0,43.0
59308,STARLINK-31485,+,482.0,484.0,43.0
59309,STARLINK-31455,+,482.0,484.0,43.0
59310,STARLINK-31475,+,483.0,484.0,43.0
59312,STARLINK-31445,+,482.0,484.0,43.01
59313,STARLINK-31495,+,400.0,427.0,42.98
59314,STARLINK-31477,+,482.0,484.0,43.0
59315,STARLINK-31446,+,483.0,484.0,43.0
59316,STARLINK-31479,+,482.0,484.0,43.0
59317,STARLINK-31349,+,482.0,484.0,43.01
59318,STARLINK-31464,+,482.0,484.0,43.0
59320,STARLINK-31402,+,443.0,459.0,43.0
59321,STARLINK-31578,+,482.0,484.0,43.0
59322,STARLINK-31530,P,303.0,337.0,42.98
59323,STARLINK-31565,+,482.0,484.0,43.01
59324,STARLINK-31570,+,482.0,484.0,43.0
59325,STARLINK-31611,+,483.0,484.0,43.0
59326,STARLINK-31632,+,482.0,484.0,43.0
59327,STARLINK-31599,+,482.0,484.0,43.0
59328,STARLINK-31614,+,482.0,484.0,43.0
59329,STARLINK-31493,+,482.0,484.0,43.01
59330,STARLINK-31634,+,481.0,485.0,43.0
59331,STARLINK-31633,+,482.0,484.0,43.0
59332,STARLINK-31594,+,482.0,484.0,43.0
59333,STARLINK-31572,+,481.0,485.0,43.01
59334,STARLINK-31573,+,482.0,484.0,43.0
59335,STARLINK-31588,+,482.0,484.0,43.0
59336,STARLINK-31596,+,482.0,484.0,43.0
59337,STARLINK-31612,+,482.0,484.0,43.0
59338,STARLINK-31550,+,482.0,484.0,43.0
59339,STARLINK-31473,+,482.0,484.0,43.01
59340,STARLINK-31562,+,482.0,484.0,43.0
59341,STARLINK-31600,+,482.0,484.0,43.0
59342,STARLINK-31628,+,482.0,484.0,43.0
59343,YUNHAI-3 02,+,847.0,849.0,98.82
59348,STARLINK-31605,+,482.0,484.0,43.0
59349,STARLINK-31532,+,482.0,484.0,43.0
59350,STARLINK-31593,+,482.0,484.0,43.0
59351,STARLINK-31555,+,482.0,484.0,43.0
59352,STARLINK-31561,+,482.0,484.0,43.0
59353,STARLINK-31413,+,482.0,484.0,43.0
59354,STARLINK-31422,+,482.0,484.0,43.0
59355,STARLINK-31416,+,482.0,484.0,43.0
59356,STARLINK-31552,+,482.0,484.0,43.0
59357,STARLINK-31557,+,482.0,484.0,43.0
59358,STARLINK-31559,+,482.0,484.0,43.0
59359,STARLINK-31501,+,482.0,484.0,43.0
59360,STARLINK-31549,+,483.0,484.0,43.0
59361,STARLINK-31560,+,482.0,484.0,43.0
59362,STARLINK-31571,+,482.0,484.0,43.0
59363,STARLINK-31553,+,481.0,485.0,43.0
59364,STARLINK-31547,+,482.0,484.0,43.0
59365,STARLINK-31537,+,482.0,484.0,43.0
59366,STARLINK-31451,+,482.0,484.0,43.0
59367,STARLINK-31428,+,482.0,484.0,43.0
59368,STARLINK-31419,+,482.0,484.0,43.0
59369,STARLINK-31583,+,483.0,483.0,43.0
59370,STARLINK-31461,+,482.0,484.0,43.0
59371,RESURS-P 4,+,468.0,469.0,97.28
59374,STARLINK-31641,+,462.0,464.0,53.16
59375,STARLINK-31430,+,462.0,464.0,53.16
59376,STARLINK-31695,+,462.0,464.0,53.16
59377,STARLINK-31716,+,474.0,476.0,53.16
59378,STARLINK-31710,+,462.0,464.0,53.16
59379,STARLINK-31698,+,462.0,464.0,53.16
59380,STARLINK-31680,+,462.0,464.0,53.16
59381,STARLINK-31713,+,462.0,464.0,53.16
59382,STARLINK-31705,+,462.0,464.0,53.16
59384,STARLINK-31715,+,462.0,464.0,53.16
59385,STARLINK-31717,+,462.0,464.0,53.16
59386,STARLINK-31688,+,462.0,464.0,53.16
59387,STARLINK-31714,+,462.0,464.0,53.16
59388,STARLINK-31643,+,462.0,464.0,53.16
59389,STARLINK-31647,+,462.0,464.0,53.16
59390,STARLINK-31649,+,462.0,464.0,53.16
59391,STARLINK-31644,+,462.0,464.0,53.16
59392,STARLINK-31626,+,462.0,464.0,53.16
59393,STARLINK-31443,+,462.0,464.0,53.16
59394,STARLINK-31607,+,462.0,464.0,53.16
59395,YAOGAN-42 01,+,494.0,499.0,35.0
59397,STARLINK-31608,+,462.0,464.0,53.16
59398,STARLINK-31534,+,482.0,484.0,43.0
59399,STARLINK-31544,+,482.0,484.0,43.0
59400,STARLINK-31545,+,482.0,484.0,43.0
59401,STARLINK-31507,+,482.0,484.0,43.0
59402,STARLINK-31543,+,482.0,484.0,43.0
59403,STARLINK-31366,+,482.0,484.0,43.0
59404,STARLINK-31374,+,483.0,484.0,43.0
59405,STARLINK-31400,+,482.0,484.0,43.0
59406,STARLINK-31391,+,482.0,484.0,43.0
59407,STARLINK-31387,+,482.0,484.0,43.0
59409,STARLINK-31396,+,482.0,484.0,43.0
59410,STARLINK-31412,+,482.0,484.0,43.0
59411,STARLINK-31483,+,482.0,484.0,43.0
59412,STARLINK-31568,+,482.0,484.0,43.0
59413,STARLINK-31615,+,467.0,473.0,43.0
59414,STARLINK-31457,+,483.0,484.0,43.0
59415,STARLINK-31398,+,482.0,484.0,43.0
59416,STARLINK-31399,+,483.0,483.0,43.0
59417,STARLINK-31401,+,482.0,484.0,43.0
59418,STARLINK-31414,+,482.0,484.0,43.0
59419,STARLINK-31415,+,482.0,484.0,43.0
59420,STARLINK-31466,+,482.0,484.0,43.0
59421,STARLINK-11087 [DTC],+,359.0,361.0,53.16
59422,STARLINK-11090 [DTC],+,359.0,360.0,53.16
59423,STARLINK-11093 [DTC],+,359.0,361.0,53.16
59424,STARLINK-11083 [DTC],+,359.0,360.0,53.16
59425,STARLINK-11085 [DTC],+,359.0,361.0,53.16
59426,STARLINK-11089 [DTC],+,359.0,361.0,53.16
59427,STARLINK-31757,+,462.0,464.0,53.16
59429,STARLINK-31773,+,462.0,464.0,53.16
59430,STARLINK-31772,+,462.0,464.0,53.16
59431,STARLINK-31613,+,462.0,464.0,53.16
59432,STARLINK-31780,+,462.0,464.0,53.16
59433,STARLINK-31740,+,461.0,464.0,53.16
59434,STARLINK-31580,+,462.0,464.0,53.16
59435,STARLINK-31696,+,462.0,464.0,53.16
59436,STARLINK-31700,+,462.0,463.0,53.16
59437,STARLINK-31706,+,462.0,463.0,53.16
59438,STARLINK-31711,+,462.0,464.0,53.16
59439,STARLINK-31708,+,462.0,464.0,53.16
59441,STARLINK-31693,+,462.0,464.0,53.16
59442,TSAT-1A,+,454.0,468.0,45.61
59443,HAWK-8A,+,567.0,570.0,45.6
59444,CAPELLA-14 (ACADIA-4),+,549.0,549.0,45.6
59445,HAWK-8B,+,567.0,570.0,45.61
59446,HAWK-9A,+,567.0,571.0,45.61
59447,QPS-SAR-7 (TSUKUYOMI-II),+,536.0,539.0,45.6
59448,HAWK-9C,+,567.0,571.0,45.61
59449,HAWK-8C,+,568.0,570.0,45.61
59450,HAWK-9B,+,567.0,571.0,45.61
59451,CENTAURI-6,+,547.0,548.0,45.61
59452,KORSAT-1,+,568.0,575.0,45.41
59456,STARLINK-31622,+,482.0,484.0,43.0
59457,STARLINK-31319,+,482.0,485.0,43.0
59458,STARLINK-31625,+,483.0,484.0,43.0
59459,STARLINK-31631,+,483.0,484.0,43.0
59460,STARLINK-31620,+,482.0,484.0,43.0
59462,STARLINK-31511,+,482.0,484.0,43.0
59463,STARLINK-31364,+,482.0,484.0,43.0
59464,STARLINK-31597,+,482.0,484.0,43.0
59465,STARLINK-31621,+,482.0,484.0,43.0
59466,STARLINK-31462,+,482.0,484.0,43.0
59467,STARLINK-31592,+,483.0,484.0,43.0
59468,STARLINK-31267,+,483.0,483.0,43.0
59469,STARLINK-31381,+,483.0,484.0,43.0
59470,STARLINK-31546,+,482.0,484.0,43.0
59471,STARLINK-31575,+,482.0,484.0,43.0
59473,STARLINK-31610,+,482.0,484.0,43.0
59474,STARLINK-31581,+,482.0,484.0,43.0
59475,STARLINK-31566,+,482.0,484.0,43.0
59476,STARLINK-31515,+,482.0,484.0,43.0
59477,STARLINK-31531,+,482.0,484.0,43.0
59481,WSF-M,+,819.0,827.0,98.72
59484,STARLINK-31753,+,482.0,484.0,43.0
59486,STARLINK-31733,+,483.0,483.0,43.0
59487,STARLINK-31657,+,482.0,484.0,43.0
59488,STARLINK-31754,+,482.0,484.0,43.0
59489,STARLINK-31638,+,482.0,484.0,43.0
59490,STARLINK-31670,+,482.0,484.0,43.0
59491,STARLINK-31712,+,482.0,484.0,43.0
59492,STARLINK-31684,+,483.0,484.0,43.0
59493,STARLINK-31678,+,483.0,484.0,43.0
59494,STARLINK-31744,+,483.0,484.0,43.0
59495,STARLINK-31719,+,483.0,483.0,43.0
59496,STARLINK-31728,+,481.0,484.0,43.0
59497,STARLINK-31720,+,482.0,484.0,43.0
59498,STARLINK-31731,+,483.0,483.0,43.0
59499,STARLINK-31742,+,482.0,484.0,43.0
59500,STARLINK-31512,+,482.0,484.0,43.0
59501,STARLINK-31458,+,482.0,484.0,43.0
59502,STARLINK-31357,+,482.0,484.0,43.0
59503,STARLINK-31508,+,482.0,484.0,43.0
59504,STARLINK-31535,+,483.0,484.0,43.0
59505,STARLINK-31533,+,483.0,484.0,43.0
59506,STARLINK-31524,+,483.0,483.0,43.0
59510,SUPERVIEW NEO-3 01,+,497.0,498.0,97.41
59511,STARLINK-31635,+,483.0,483.0,43.0
59512,STARLINK-31650,+,482.0,484.0,43.0
59513,STARLINK-31658,+,482.0,484.0,43.0
59515,STARLINK-31669,+,482.0,484.0,43.0
59516,STARLINK-31671,+,483.0,484.0,43.0
59517,STARLINK-31674,+,482.0,484.0,43.0
59519,STARLINK-31679,+,482.0,484.0,43.0
59520,STARLINK-31370,+,483.0,484.0,43.0
59521,STARLINK-31404,+,482.0,484.0,43.0
59522,STARLINK-31453,+,482.0,484.0,43.0
59523,STARLINK-31476,+,482.0,484.0,43.0
59525,STARLINK-31538,+,482.0,484.0,43.0
59526,STARLINK-31564,+,482.0,484.0,43.0
59527,STARLINK-31452,+,482.0,484.0,43.0
59529,STARLINK-31513,+,482.0,484.0,43.0
59530,STARLINK-31392,+,482.0,484.0,43.0
59531,STARLINK-31619,+,482.0,484.0,43.0
59533,STARLINK-31509,+,482.0,484.0,43.0
59534,STARLINK-31734,+,482.0,484.0,43.0
59535,STARLINK-31738,+,482.0,484.0,43.0
59536,STARLINK-31721,+,483.0,483.0,43.0
59537,STARLINK-31737,+,482.0,484.0,43.0
59539,STARLINK-31539,+,482.0,484.0,43.0
59540,STARLINK-31397,+,483.0,483.0,43.0
59541,STARLINK-31481,+,483.0,483.0,43.0
59542,STARLINK-31540,+,482.0,484.0,43.0
59543,STARLINK-31574,+,482.0,484.0,43.0
59544,STARLINK-31556,+,482.0,484.0,43.0
59545,STARLINK-31582,+,482.0,484.0,43.0
59546,STARLINK-31519,+,482.0,484.0,43.0
59547,STARLINK-31736,+,483.0,483.0,43.0
59548,STARLINK-31675,+,482.0,484.0,43.0
59549,STARLINK-31722,+,482.0,484.0,43.0
59550,STARLINK-31741,+,483.0,484.0,43.0
59551,STARLINK-31699,+,482.0,484.0,43.0
59552,STARLINK-31750,+,483.0,484.0,43.0
59553,STARLINK-31723,+,482.0,484.0,43.0
59554,STARLINK-31724,+,482.0,484.0,43.0
59555,STARLINK-31730,+,482.0,484.0,43.0
59556,STARLINK-31718,+,482.0,484.0,43.0
59557,YAOGAN-42 02,+,494.0,500.0,35.0
59564,STARLINK-31747,+,482.0,484.0,43.0
59565,STARLINK-31388,+,482.0,484.0,43.0
59566,STARLINK-31332,+,483.0,484.0,43.0
59567,STARLINK-31689,+,483.0,484.0,43.01
59568,STARLINK-31471,+,482.0,484.0,43.0
59569,STARLINK-31470,+,483.0,484.0,43.0
59570,STARLINK-31587,+,483.0,483.0,43.0
59571,STARLINK-31606,+,482.0,484.0,43.0
59572,STARLINK-31666,+,482.0,482.0,43.0
59573,STARLINK-31683,+,482.0,484.0,43.0
59574,STARLINK-31751,+,483.0,483.0,43.01
59575,STARLINK-31510,+,482.0,484.0,43.0
59576,STARLINK-31663,+,482.0,484.0,43.0
59577,STARLINK-31692,+,435.0,454.0,43.0
59578,STARLINK-31685,+,482.0,484.0,43.0
59579,STARLINK-31686,+,481.0,484.0,43.0
59580,STARLINK-31668,+,482.0,484.0,43.0
59581,STARLINK-31690,+,482.0,484.0,43.0
59582,STARLINK-31701,+,482.0,484.0,43.0
59583,STARLINK-31697,+,482.0,484.0,43.0
59584,STARLINK-31662,+,482.0,484.0,43.0
59585,STARLINK-31702,+,482.0,484.0,43.0
59586,STARLINK-31704,P,348.0,387.0,42.98
59587,NEONSAT-1,+,440.0,452.0,97.35
59588,ACS3,+,820.0,991.0,97.2
59601,STARLINK-31770,+,483.0,484.0,43.0
59602,STARLINK-31778,+,482.0,484.0,43.0
59603,STARLINK-31776,+,482.0,484.0,43.0
59604,STARLINK-31765,+,483.0,484.0,43.0
59605,STARLINK-31767,+,482.0,484.0,43.0
59606,STARLINK-31782,+,482.0,484.0,43.0
59607,STARLINK-31755,+,483.0,483.0,43.0
59608,STARLINK-31585,+,482.0,484.0,43.0
59609,STARLINK-31667,+,482.0,484.0,43.0
59610,STARLINK-31729,+,482.0,484.0,43.0
59611,STARLINK-31448,+,483.0,484.0,43.0
59612,STARLINK-31748,+,482.0,484.0,43.0
59613,STARLINK-31746,+,483.0,483.0,43.0
59614,STARLINK-31762,+,482.0,484.0,43.0
59616,STARLINK-31768,+,482.0,484.0,43.0
59617,STARLINK-31769,+,483.0,484.0,43.0
59618,STARLINK-31784,+,482.0,484.0,43.0
59619,STARLINK-31777,+,482.0,484.0,43.0
59621,STARLINK-31758,+,482.0,484.0,43.0
59622,STARLINK-31774,+,482.0,484.0,43.0
59623,STARLINK-31763,+,483.0,483.0,43.0
59625,LEGION 1,+,507.0,522.0,97.5
59626,LEGION 2,+,506.0,524.0,97.5
59631,STARLINK-31749,+,482.0,484.0,43.0
59632,STARLINK-31781,+,482.0,484.0,43.0
59633,STARLINK-31541,+,482.0,484.0,43.0
59634,STARLINK-31797,+,482.0,484.0,43.0
59635,STARLINK-31798,+,483.0,484.0,43.0
59636,STARLINK-31802,+,482.0,484.0,43.0
59637,STARLINK-31791,+,482.0,484.0,43.0
59638,STARLINK-31727,+,482.0,484.0,43.0
59639,STARLINK-31807,+,482.0,484.0,43.0
59640,STARLINK-31806,+,482.0,484.0,43.0
59641,STARLINK-31804,+,482.0,484.0,43.0
59642,STARLINK-31660,+,480.0,486.0,42.99
59643,STARLINK-31800,+,482.0,484.0,43.0
59644,STARLINK-31789,+,482.0,484.0,43.0
59645,STARLINK-31795,+,483.0,483.0,42.99
59646,STARLINK-31796,+,482.0,484.0,43.0
59647,STARLINK-31801,+,482.0,484.0,43.0
59650,STARLINK-31787,+,482.0,484.0,43.0
59651,STARLINK-31277,+,482.0,484.0,43.0
59652,STARLINK-31799,+,482.0,484.0,43.0
59653,STARLINK-31764,+,482.0,484.0,43.0
59654,STARLINK-31589,+,483.0,484.0,43.0
59655,STARLINK-31665,+,482.0,484.0,43.0
59656,STARLINK-31912,+,482.0,484.0,43.0
59657,STARLINK-31904,+,482.0,484.0,43.0
59658,STARLINK-31858,+,483.0,483.0,43.0
59659,STARLINK-31881,+,483.0,483.0,43.0
59660,STARLINK-31885,+,482.0,484.0,43.0
59661,STARLINK-31880,+,483.0,484.0,43.0
59662,STARLINK-31886,+,482.0,484.0,43.0
59663,STARLINK-31909,+,482.0,484.0,43.0
59664,STARLINK-31910,+,482.0,484.0,43.0
59666,STARLINK-31902,+,482.0,484.0,43.0
59667,STARLINK-31913,+,483.0,484.0,43.0
59668,STARLINK-31866,+,482.0,484.0,43.0
59669,STARLINK-31917,+,482.0,484.0,43.0
59670,STARLINK-31860,+,482.0,484.0,43.01
59671,STARLINK-31854,+,483.0,483.0,43.0
59672,STARLINK-31842,+,482.0,484.0,43.0
59673,STARLINK-31871,+,482.0,484.0,43.0
59674,STARLINK-31875,+,482.0,484.0,43.0
59675,STARLINK-31877,+,482.0,484.0,43.0
59676,STARLINK-31884,+,483.0,483.0,43.0
59679,OBJECT C,+,443.0,479.0,97.33
59680,OBJECT D,+,445.0,464.0,97.32
59682,STARLINK-32108,+,482.0,484.0,43.0
59683,STARLINK-32080,+,483.0,483.0,43.0
59684,STARLINK-32091,+,482.0,484.0,43.0
59685,STARLINK-32085,+,482.0,484.0,43.0
59686,STARLINK-32100,+,482.0,484.0,43.0
59687,STARLINK-32089,+,482.0,484.0,43.0
59688,STARLINK-32103,+,482.0,484.0,43.0
59689,STARLINK-32105,+,482.0,484.0,43.0
59690,STARLINK-32106,+,483.0,483.0,43.0
59691,STARLINK-32090,+,482.0,484.0,43.0
59693,STARLINK-32088,+,483.0,483.0,43.0
59694,STARLINK-32107,+,482.0,484.0,43.0
59695,STARLINK-32104,+,483.0,484.0,43.0
59696,STARLINK-32094,+,483.0,484.0,43.0
59697,STARLINK-32099,+,482.0,484.0,43.0
59698,STARLINK-32096,+,482.0,484.0,43.0
59699,STARLINK-32102,+,482.0,484.0,43.0
59700,STARLINK-32092,+,482.0,484.0,43.0
59701,STARLINK-32093,+,482.0,484.0,43.0
59702,STARLINK-32087,+,482.0,484.0,43.0
59703,STARLINK-32086,+,482.0,484.0,43.0
59704,STARLINK-32098,+,482.0,484.0,43.0
59708,STARLINK-11107 [DTC],+,359.0,360.0,53.16
59709,STARLINK-11088 [DTC],+,359.0,361.0,53.16
59710,STARLINK-11092 [DTC],+,359.0,361.0,53.16
59711,STARLINK-11082 [DTC],+,359.0,360.0,53.16
59712,STARLINK-11108 [DTC],+,359.0,361.0,53.16
59713,STARLINK-11100 [DTC],+,359.0,360.0,53.16
59714,STARLINK-11094 [DTC],+,359.0,360.0,53.16
59715,STARLINK-11101 [DTC],+,359.0,360.0,53.16
59716,STARLINK-11099 [DTC],+,359.0,361.0,53.16
59717,STARLINK-11084 [DTC],+,359.0,361.0,53.16
59718,STARLINK-11103 [DTC],+,359.0,361.0,53.16
59719,STARLINK-11096 [DTC],+,359.0,361.0,53.16
59720,STARLINK-11095 [DTC],+,359.0,361.0,53.16
59721,STARLINK-31834,+,470.0,472.0,53.16
59722,STARLINK-31843,+,470.0,472.0,53.16
59723,STARLINK-31766,+,462.0,464.0,53.16
59724,STARLINK-31836,+,470.0,472.0,53.16
59725,STARLINK-31820,+,470.0,471.0,53.16
59726,STARLINK-31642,+,470.0,472.0,53.16
59727,STARLINK-31827,+,470.0,471.0,53.16
59728,SHIYAN-23 (SY-23),+,604.0,610.0,97.78
59730,STARLINK-31472,+,465.0,474.0,43.0
59731,STARLINK-31817,+,482.0,484.0,43.0
59733,STARLINK-31833,+,482.0,484.0,43.0
59734,STARLINK-31849,+,483.0,484.0,43.0
59735,STARLINK-31661,+,482.0,484.0,43.0
59736,STARLINK-31707,+,482.0,484.0,43.0
59737,STARLINK-31821,+,482.0,484.0,43.0
59738,STARLINK-31819,+,482.0,484.0,43.0
59739,STARLINK-31726,+,482.0,484.0,43.0
59740,STARLINK-31759,+,482.0,484.0,43.0
59741,STARLINK-31818,+,482.0,484.0,43.0
59742,STARLINK-31816,+,482.0,484.0,43.0
59743,STARLINK-31809,+,483.0,483.0,43.0
59744,STARLINK-31779,+,482.0,484.0,43.01
59745,STARLINK-31805,+,482.0,484.0,43.0
59746,STARLINK-31681,+,482.0,484.0,43.0
59747,STARLINK-31636,+,482.0,484.0,43.01
59748,STARLINK-31640,+,482.0,484.0,43.0
59749,STARLINK-31677,+,482.0,484.0,43.01
59750,STARLINK-31783,+,482.0,484.0,43.0
59751,STARLINK-31808,+,482.0,484.0,43.0
59752,STARLINK-31822,+,482.0,484.0,43.01
59754,STARLINK-11118 [DTC],+,359.0,360.0,53.16
59755,STARLINK-11132 [DTC],+,359.0,360.0,53.16
59756,STARLINK-11131 [DTC],+,359.0,360.0,53.16
59757,STARLINK-11114 [DTC],+,359.0,360.0,53.16
59758,STARLINK-11105 [DTC],+,359.0,360.0,53.16
59759,STARLINK-11097 [DTC],+,359.0,360.0,53.16
59760,STARLINK-11098 [DTC],+,359.0,361.0,53.16
59761,STARLINK-11117 [DTC],+,359.0,360.0,53.16
59762,STARLINK-11110 [DTC],+,359.0,361.0,53.16
59763,STARLINK-11104 [DTC],+,359.0,361.0,53.16
59765,STARLINK-11106 [DTC],+,359.0,360.0,53.16
59766,STARLINK-31739,+,462.0,464.0,53.16
59767,STARLINK-31828,+,470.0,471.0,53.16
59768,STARLINK-31826,+,368.0,381.0,53.15
59769,STARLINK-31830,+,474.0,476.0,53.16
59770,STARLINK-31829,+,475.0,475.0,53.16
59771,STARLINK-31786,+,474.0,476.0,53.16
59772,STARLINK-31835,+,470.0,471.0,53.16
59773,COSMOS 2576,+,494.0,513.0,97.44
59774,OBJECT B,+,471.0,481.0,97.66
59775,OBJECT C,+,469.0,479.0,97.67
59776,OBJECT D,+,445.0,452.0,97.66
59777,OBJECT E,+,445.0,453.0,97.66
59778,OBJECT F,+,443.0,450.0,97.66
59779,OBJECT G,+,777.0,794.0,98.68
59780,OBJECT H,+,777.0,794.0,98.68
59781,OBJECT J,+,777.0,794.0,98.68
59782,STARLINK-31363,+,482.0,484.0,43.0
59783,STARLINK-31868,+,482.0,484.0,43.0
59784,STARLINK-31848,+,482.0,483.0,43.0
59785,STARLINK-31890,+,482.0,484.0,43.0
59786,STARLINK-31862,+,482.0,484.0,43.0
59787,STARLINK-31870,+,482.0,484.0,43.0
59788,STARLINK-31888,+,482.0,484.0,43.0
59789,STARLINK-31863,+,482.0,484.0,43.0
59790,STARLINK-31873,+,483.0,483.0,43.0
59791,STARLINK-31865,+,482.0,484.0,43.0
59794,STARLINK-31823,+,483.0,483.0,43.0
59795,STARLINK-31916,+,482.0,484.0,43.0
59797,STARLINK-31907,+,481.0,485.0,43.0
59798,STARLINK-31687,+,482.0,484.0,43.01
59799,STARLINK-31810,+,482.0,484.0,43.0
59800,STARLINK-31812,+,483.0,483.0,43.0
59801,STARLINK-31815,+,482.0,484.0,43.01
59802,STARLINK-31814,+,482.0,484.0,43.0
59803,STARLINK-31794,+,482.0,484.0,43.0
59804,STARLINK-31824,+,483.0,483.0,43.0
59805,OBJECT A,+,515.0,517.0,97.38
59806,OBJECT B,+,513.0,518.0,97.38
59807,OBJECT C,+,514.0,518.0,97.39
59808,OBJECT D,+,512.0,519.0,97.38
59809,OBJECT K,+,446.0,453.0,97.66
59810,OBJECT A,+,534.0,538.0,97.53
59814,USA 354,+,575.0,579.0,70.03
59815,USA 355,+,575.0,579.0,70.03
59816,USA 356,+,575.0,579.0,70.03
59817,USA 357,+,575.0,580.0,70.03
59818,USA 358,+,575.0,580.0,70.03
59819,USA 359,+,575.0,580.0,70.03
59820,USA 360,+,575.0,579.0,70.03
59821,USA 361,+,575.0,579.0,70.03
59822,USA 362,+,575.0,579.0,70.03
59823,USA 363,+,575.0,579.0,70.03
59824,USA 364,+,575.0,579.0,70.03
59825,USA 365,+,575.0,579.0,70.03
59826,USA 366,+,575.0,579.0,70.03
59827,USA 367,+,575.0,579.0,70.03
59828,USA 368,+,575.0,579.0,70.03
59829,USA 369,+,575.0,579.0,70.03
59830,USA 370,+,575.0,579.0,70.03
59831,USA 371,+,575.0,579.0,70.03
59832,USA 372,+,575.0,579.0,70.03
59833,USA 373,+,575.0,579.0,70.03
59834,USA 374,+,575.0,579.0,70.03
59835,STARLINK-31947,+,482.0,484.0,43.0
59836,STARLINK-31929,+,482.0,484.0,43.0
59837,STARLINK-31927,+,482.0,484.0,43.01
59838,STARLINK-31855,+,482.0,484.0,43.0
59839,STARLINK-31887,+,482.0,484.0,43.0
59841,STARLINK-31852,+,482.0,484.0,43.0
59842,STARLINK-31906,+,482.0,484.0,43.0
59843,STARLINK-31857,+,482.0,484.0,43.0
59844,STARLINK-31851,+,482.0,484.0,43.0
59845,STARLINK-31903,+,482.0,484.0,43.01
59846,STARLINK-31922,+,483.0,484.0,43.0
59847,STARLINK-31889,+,482.0,484.0,43.0
59848,STARLINK-31859,+,471.0,478.0,43.0
59849,STARLINK-31895,+,482.0,484.0,43.0
59850,STARLINK-31899,+,482.0,484.0,43.0
59851,STARLINK-31896,+,483.0,484.0,43.0
59853,STARLINK-31892,+,482.0,484.0,43.01
59854,STARLINK-31891,+,482.0,484.0,43.0
59855,STARLINK-31882,+,482.0,484.0,43.0
59856,STARLINK-31691,+,481.0,485.0,43.0
59857,STARLINK-31569,+,482.0,484.0,43.0
59858,STARLINK-31654,+,482.0,484.0,43.0
59859,STARLINK-31442,+,482.0,484.0,43.0
59860,STARLINK-31651,+,482.0,484.0,43.0
59862,STARLINK-31584,+,482.0,484.0,43.0
59863,STARLINK-31950,+,482.0,484.0,43.0
59864,STARLINK-31931,+,482.0,484.0,43.0
59865,STARLINK-31938,+,482.0,484.0,43.0
59866,STARLINK-31941,+,482.0,484.0,43.01
59867,STARLINK-31952,+,482.0,484.0,43.0
59868,STARLINK-31921,+,482.0,484.0,43.01
59869,STARLINK-31760,+,482.0,484.0,43.0
59870,STARLINK-31945,+,482.0,484.0,43.0
59871,STARLINK-31937,+,482.0,485.0,43.0
59873,STARLINK-31940,+,482.0,484.0,43.0
59874,STARLINK-31933,+,482.0,484.0,43.0
59875,STARLINK-31936,+,482.0,484.0,43.0
59876,STARLINK-31935,+,482.0,484.0,43.0
59877,STARLINK-31934,+,482.0,484.0,43.0
59878,STARLINK-31943,+,364.0,403.0,42.99
59879,STARLINK-31926,+,482.0,484.0,43.0
59880,STARLINK-31919,+,482.0,484.0,43.0
59881,PREFIRE-2,+,494.0,509.0,97.4
59885,STARLINK-31974,+,482.0,484.0,43.0
59886,STARLINK-31975,+,482.0,484.0,43.0
59887,STARLINK-31976,+,482.0,484.0,43.0
59888,STARLINK-31965,+,482.0,484.0,43.0
59889,STARLINK-31969,+,482.0,484.0,43.0
59890,STARLINK-31951,+,482.0,484.0,43.0
59891,STARLINK-31949,+,483.0,484.0,43.0
59892,STARLINK-31977,+,482.0,484.0,43.0
59893,STARLINK-31963,+,482.0,484.0,43.0
59894,STARLINK-31961,+,482.0,484.0,43.0
59895,STARLINK-31964,+,482.0,484.0,43.0
59896,STARLINK-31905,+,482.0,484.0,43.0
59897,STARLINK-31928,+,482.0,484.0,43.0
59898,STARLINK-31953,+,482.0,484.0,43.0
59899,STARLINK-31942,+,482.0,484.0,43.0
59900,STARLINK-31676,+,482.0,484.0,43.0
59901,STARLINK-31908,+,482.0,484.0,43.0
59902,STARLINK-31914,+,482.0,484.0,43.0
59903,STARLINK-31850,+,482.0,484.0,43.0
59904,STARLINK-31924,+,482.0,484.0,43.0
59905,STARLINK-31898,+,482.0,484.0,43.0
59906,STARLINK-31861,+,482.0,484.0,43.0
59907,STARLINK-31920,P,341.0,376.0,42.99
59908,EARTHCARE,+,395.0,397.0,97.06
59909,TIANQI-25,+,888.0,906.0,44.98
59910,TIANQI-26,+,888.0,905.0,44.97
59911,TIANQI-27,+,891.0,903.0,44.98
59912,TIANQI-28,+,887.0,906.0,44.98
59917,OBJECT A,+,505.0,523.0,97.58
59918,OBJECT B,+,497.0,515.0,97.58
59919,OBJECT C,+,512.0,554.0,97.58
59920,OBJECT D,+,488.0,504.0,97.58
59921,OBJECT E,+,512.0,553.0,97.58
59922,STARLINK-31872,+,482.0,484.0,43.0
59923,STARLINK-31972,+,482.0,484.0,43.0
59924,STARLINK-31958,+,482.0,484.0,43.0
59925,STARLINK-31959,+,483.0,484.0,43.0
59926,STARLINK-31957,+,482.0,484.0,43.0
59927,STARLINK-31968,+,482.0,484.0,43.0
59928,STARLINK-31970,+,483.0,484.0,43.0
59929,STARLINK-31932,+,481.0,485.0,43.0
59930,STARLINK-31956,+,482.0,484.0,43.0
59931,STARLINK-31960,+,482.0,484.0,43.0
59932,STARLINK-31432,+,482.0,484.0,43.0
59933,STARLINK-31853,+,482.0,484.0,43.01
59934,STARLINK-31971,+,482.0,484.0,43.0
59936,STARLINK-31962,+,482.0,484.0,43.0
59937,STARLINK-31879,+,482.0,484.0,43.0
59938,STARLINK-31876,+,482.0,484.0,43.0
59939,STARLINK-31955,+,482.0,484.0,43.0
59940,STARLINK-31946,+,482.0,484.0,43.0
59941,STARLINK-31948,+,482.0,484.0,43.0
59942,STARLINK-31900,+,482.0,484.0,43.0
59943,STARLINK-31973,+,482.0,484.0,43.0
59944,STARLINK-31966,+,482.0,484.0,43.0
59945,STARLINK-11145 [DTC],+,359.0,360.0,53.16
59947,STARLINK-11113 [DTC],+,359.0,360.0,53.16
59948,STARLINK-11123 [DTC],+,359.0,360.0,53.16
59949,STARLINK-11138 [DTC],+,359.0,361.0,53.16
59950,STARLINK-11130 [DTC],+,359.0,361.0,53.16
59952,STARLINK-11124 [DTC],+,359.0,361.0,53.16
59954,STARLINK-11133 [DTC],+,359.0,361.0,53.16
59955,STARLINK-11144 [DTC],+,359.0,361.0,53.16
59956,STARLINK-11134 [DTC],+,359.0,360.0,53.16
59957,STARLINK-11142 [DTC],+,359.0,360.0,53.16
59958,STARLINK-31995,+,462.0,464.0,53.16
59959,STARLINK-31989,+,461.0,464.0,53.16
59960,STARLINK-31856,+,462.0,464.0,53.16
59961,STARLINK-31993,+,462.0,463.0,53.16
59962,STARLINK-31980,+,462.0,463.0,53.16
59963,STARLINK-31991,+,462.0,464.0,53.16
59964,STARLINK-31979,+,462.0,464.0,53.16
59965,PREFIRE-1,+,485.0,501.0,97.54
60012,OBJECT A,+,521.0,535.0,97.57
60013,OBJECT B,+,488.0,504.0,97.57
60014,OBJECT C,+,565.0,578.0,97.54
60016,STARLINK-31978,+,470.0,471.0,53.16
60017,STARLINK-31987,+,470.0,471.0,53.16
60018,STARLINK-31984,+,462.0,463.0,53.16
60019,STARLINK-31986,+,462.0,464.0,53.16
60020,STARLINK-31883,+,463.0,463.0,53.16
60021,STARLINK-31967,+,462.0,463.0,53.16
60022,STARLINK-31982,+,462.0,463.0,53.16
60023,STARLINK-31992,+,462.0,464.0,53.16
60024,STARLINK-31990,+,462.0,463.0,53.16
60026,STARLINK-31939,+,465.0,466.0,53.16
60027,STARLINK-32012,+,462.0,464.0,53.16
60028,STARLINK-32008,+,474.0,475.0,53.16
60029,STARLINK-32006,+,462.0,464.0,53.16
60030,STARLINK-32011,+,462.0,464.0,53.16
60031,STARLINK-31878,+,462.0,463.0,53.16
60032,STARLINK-32017,+,465.0,466.0,53.16
60034,STARLINK-32005,+,462.0,464.0,53.16
60035,STARLINK-31981,+,462.0,463.0,53.16
60036,STARLINK-31985,+,462.0,464.0,53.16
60037,STARLINK-31918,+,475.0,476.0,53.16
60038,STARLINK-11129 [DTC],+,359.0,361.0,53.16
60039,STARLINK-11140 [DTC],+,359.0,361.0,53.16
60040,STARLINK-11122 [DTC],+,359.0,360.0,53.16
60041,STARLINK-11149 [DTC],+,359.0,360.0,53.16
60042,STARLINK-11120 [DTC],+,359.0,360.0,53.16
60043,STARLINK-11086 [DTC],+,359.0,360.0,53.16
60044,STARLINK-11148 [DTC],+,359.0,360.0,53.16
60045,STARLINK-11116 [DTC],+,359.0,361.0,53.16
60046,STARLINK-11155 [DTC],+,359.0,360.0,53.16
60047,STARLINK-11163 [DTC],+,359.0,360.0,53.16
60048,STARLINK-11135 [DTC],+,359.0,360.0,53.16
60049,STARLINK-11151 [DTC],+,359.0,360.0,53.16
60050,STARLINK-11137 [DTC],+,359.0,361.0,53.16
60051,STARLINK-31811,+,391.0,393.0,53.16
60052,STARLINK-31775,+,462.0,463.0,53.16
60053,STARLINK-31793,+,462.0,464.0,53.16
60054,STARLINK-31735,+,462.0,463.0,53.16
60055,STARLINK-31788,+,462.0,464.0,53.16
60056,STARLINK-31825,+,462.0,463.0,53.16
60057,STARLINK-31437,+,462.0,464.0,53.16
60059,STARLINK-11181 [DTC],+,359.0,360.0,53.16
60060,STARLINK-11176 [DTC],+,359.0,360.0,53.16
60061,STARLINK-11167 [DTC],+,359.0,360.0,53.16
60062,STARLINK-11166 [DTC],+,359.0,360.0,53.16
60063,STARLINK-11165 [DTC],+,359.0,360.0,53.16
60064,STARLINK-11169 [DTC],+,359.0,360.0,53.16
60065,STARLINK-11102 [DTC],+,359.0,360.0,53.16
60066,STARLINK-11141 [DTC],+,359.0,360.0,53.16
60067,STARLINK-11153 [DTC],+,359.0,360.0,53.16
60068,STARLINK-11170 [DTC],+,359.0,361.0,53.16
60069,STARLINK-11171 [DTC],+,359.0,360.0,53.16
60070,STARLINK-11186 [DTC],+,359.0,360.0,53.16
60071,STARLINK-11184 [DTC],+,359.0,360.0,53.16
60077,STARLINK-32032,+,462.0,463.0,53.16
60079,KINEIS-1B,+,626.0,628.0,97.98
60081,KINEIS-1C,+,626.0,628.0,97.98
60082,KINEIS-1D,+,640.0,642.0,97.99
60083,KINEIS-1E,+,625.0,629.0,97.89
60084,KINEIS-1A,+,625.0,629.0,97.89
60088,CATCH-1,+,610.0,616.0,29.0
60089,SVOM,+,614.0,621.0,29.0
60091,STARLINK-31441,+,462.0,464.0,53.16
60092,STARLINK-32044,+,462.0,463.0,53.16
60093,STARLINK-31239,+,462.0,464.0,53.16
60094,STARLINK-32007,+,462.0,463.0,53.16
60095,STARLINK-32028,+,462.0,463.0,53.16
60096,STARLINK-32016,+,462.0,464.0,53.16
60097,STARLINK-32003,+,462.0,464.0,53.16
60098,STARLINK-32026,+,462.0,464.0,53.16
60099,STARLINK-31732,+,462.0,463.0,53.16
60100,STARLINK-31996,+,462.0,464.0,53.16
60101,STARLINK-31999,+,462.0,464.0,53.16
60102,STARLINK-31954,+,462.0,464.0,53.16
60103,STARLINK-32013,+,462.0,464.0,53.16
60104,STARLINK-32009,+,462.0,464.0,53.16
60105,STARLINK-32018,+,462.0,463.0,53.16
60106,STARLINK-32045,+,462.0,463.0,53.16
60107,STARLINK-32035,+,462.0,464.0,53.16
60108,STARLINK-32042,+,462.0,464.0,53.16
60109,STARLINK-32040,+,461.0,464.0,53.16
60110,STARLINK-32001,+,462.0,463.0,53.16
60111,STARLINK-32015,+,462.0,463.0,53.16
60112,STARLINK-32024,+,462.0,464.0,53.16
60113,STARLINK-11201 [DTC],+,359.0,360.0,53.16
60114,STARLINK-11198 [DTC],+,359.0,360.0,53.16
60115,STARLINK-11112 [DTC],+,359.0,360.0,53.16
60116,STARLINK-11210 [DTC],+,359.0,360.0,53.16
60117,STARLINK-11203 [DTC],+,359.0,361.0,53.16
60118,STARLINK-11177 [DTC],+,359.0,360.0,53.16
60119,STARLINK-11127 [DTC],+,359.0,360.0,53.16
60120,STARLINK-11164 [DTC],+,359.0,360.0,53.16
60121,STARLINK-11119 [DTC],+,359.0,360.0,53.16
60122,STARLINK-11157 [DTC],+,359.0,361.0,53.16
60123,STARLINK-11162 [DTC],+,359.0,361.0,53.16
60124,STARLINK-11161 [DTC],+,359.0,360.0,53.16
60125,STARLINK-11160 [DTC],+,359.0,360.0,53.16
60126,STARLINK-31846,+,470.0,471.0,53.17
60127,STARLINK-31840,+,470.0,472.0,53.16
60128,STARLINK-31813,+,470.0,471.0,53.16
60129,STARLINK-31845,+,462.0,463.0,53.16
60130,STARLINK-31838,+,470.0,471.0,53.16
60131,STARLINK-31785,+,470.0,472.0,53.16
60132,STARLINK-31792,+,462.0,463.0,53.16
60135,STARLINK-32043,+,462.0,464.0,53.16
60136,STARLINK-32112,+,462.0,464.0,53.16
60137,STARLINK-32050,+,462.0,464.0,53.16
60138,STARLINK-32025,+,462.0,463.0,53.16
60140,STARLINK-31694,+,462.0,464.0,53.16
60141,STARLINK-32036,+,462.0,463.0,53.16
60142,STARLINK-32031,+,462.0,464.0,53.16
60143,STARLINK-32027,+,462.0,463.0,53.16
60144,STARLINK-32033,+,462.0,464.0,53.16
60145,STARLINK-32029,+,462.0,463.0,53.16
60146,STARLINK-32127,+,462.0,463.0,53.16
60147,STARLINK-32019,+,462.0,463.0,53.16
60148,STARLINK-32021,+,470.0,471.0,53.16
60149,STARLINK-32022,+,462.0,463.0,53.16
60150,STARLINK-32014,+,462.0,463.0,53.16
60151,STARLINK-32004,+,462.0,464.0,53.16
60152,STARLINK-32147,+,462.0,464.0,53.16
60153,STARLINK-32131,+,462.0,463.0,53.16
60154,STARLINK-32145,+,462.0,463.0,53.16
60155,STARLINK-32137,+,462.0,464.0,53.16
60156,STARLINK-32048,+,462.0,464.0,53.16
60157,STARLINK-32129,+,462.0,463.0,53.16
60158,USA 375,+,573.0,581.0,70.03
60159,USA 376,+,574.0,580.0,70.03
60160,USA 377,+,575.0,579.0,70.03
60161,USA 378,+,575.0,580.0,70.03
60162,USA 379,+,349.0,355.0,70.0
60163,USA 380,+,575.0,579.0,70.03
60164,USA 381,+,575.0,579.0,70.03
60165,USA 382,+,575.0,579.0,70.03
60166,USA 383,+,575.0,579.0,70.03
60167,USA 384,+,574.0,580.0,70.03
60168,USA 385,+,575.0,579.0,70.03
60169,USA 386,+,575.0,580.0,70.03
60170,USA 387,+,575.0,580.0,70.03
60171,USA 388,+,574.0,580.0,70.03
60172,USA 389,+,575.0,579.0,70.03
60173,USA 390,+,574.0,580.0,70.03
60174,USA 391,+,575.0,579.0,70.03
60175,USA 392,+,575.0,579.0,70.03
60176,USA 393,+,574.0,580.0,70.03
60177,USA 394,+,574.0,580.0,70.03
60178,USA 395,+,574.0,580.0,70.03
60182,ALOS-4 (DAICHI-4),+,630.0,632.0,97.92
60183,STARLINK-11168 [DTC],+,359.0,361.0,53.16
60184,STARLINK-11187 [DTC],+,359.0,360.0,53.16
60185,STARLINK-11180 [DTC],+,359.0,360.0,53.16
60186,STARLINK-11197 [DTC],+,359.0,360.0,53.16
60187,STARLINK-11194 [DTC],+,359.0,360.0,53.16
60188,STARLINK-11189 [DTC],+,359.0,360.0,53.16
60189,STARLINK-11183 [DTC],+,359.0,360.0,53.16
6019,COSMOS 489,,960.0,995.0,74.02
60190,STARLINK-11179 [DTC],+,359.0,360.0,53.16
60191,STARLINK-11175 [DTC],+,359.0,360.0,53.16
60192,STARLINK-11173 [DTC],+,359.0,361.0,53.16
60193,STARLINK-11172 [DTC],+,359.0,360.0,53.16
60194,STARLINK-11152 [DTC],+,359.0,361.0,53.16
60195,STARLINK-11193 [DTC],+,359.0,360.0,53.16
60196,STARLINK-31869,+,469.0,472.0,53.16
60197,STARLINK-32023,+,461.0,464.0,53.16
60198,STARLINK-32046,+,470.0,471.0,53.16
60199,STARLINK-32049,+,462.0,463.0,53.16
60200,STARLINK-32002,+,470.0,471.0,53.16
60201,STARLINK-32020,+,470.0,471.0,53.16
60202,STARLINK-32041,+,470.0,471.0,53.16
60203,OBJECT A,+,338.0,345.0,97.21
60206,R5-S4,+,421.0,442.0,97.23
60207,R5-S2,+,416.0,436.0,97.23
60209,MESAT1,+,351.0,359.0,97.22
60211,TIANHUI 5C,+,604.0,607.0,97.82
60212,TIANHUI 5D,+,604.0,607.0,97.82
60236,3CAT-4,-,536.0,583.0,61.99
60237,GRBBETA,+,523.0,567.0,61.99
60238,ISTSAT-1,+,509.0,549.0,61.99
60240,OOV-CUBE (TUBSAT-30),+,533.0,582.0,62.0
60242,CURIUM ONE,+,505.0,547.0,61.98
60243,ROBUSTA-3A (MEDITERRANEE),+,506.0,551.0,61.99
60246,CATSAT,+,357.0,376.0,97.2
60249,GAOFEN-11 05,+,494.0,498.0,97.4
60255,STARLINK-32138,+,470.0,472.0,53.16
60256,STARLINK-32212,+,458.0,460.0,53.16
60257,STARLINK-32166,+,462.0,464.0,53.16
60258,STARLINK-32200,+,462.0,465.0,53.16
60259,STARLINK-32207,+,462.0,464.0,53.16
60260,STARLINK-32125,+,462.0,463.0,53.16
60261,STARLINK-32160,+,462.0,464.0,53.16
60262,STARLINK-32163,+,470.0,471.0,53.16
60263,STARLINK-32148,+,470.0,471.0,53.16
60264,STARLINK-32121,+,470.0,472.0,53.16
60265,STARLINK-32120,+,464.0,466.0,53.16
60266,STARLINK-32205,+,470.0,471.0,53.16
60267,STARLINK-32158,+,462.0,464.0,53.16
60268,STARLINK-32167,+,462.0,464.0,53.16
60269,STARLINK-32144,+,470.0,471.0,53.16
60270,STARLINK-32211,+,462.0,464.0,53.16
60271,STARLINK-32164,+,462.0,464.0,53.16
60272,STARLINK-32128,+,462.0,464.0,53.16
60273,STARLINK-32206,+,462.0,464.0,53.16
60274,STARLINK-32155,+,470.0,472.0,53.16
60275,STARLINK-32152,+,462.0,463.0,53.16
60276,STARLINK-32154,+,462.0,463.0,53.16
60277,STARLINK-32135,+,462.0,463.0,53.16
60278,STARLINK-32156,+,462.0,463.0,53.16
60279,STARLINK-32010,+,470.0,471.0,53.16
60280,STARLINK-32118,+,462.0,463.0,53.16
60281,STARLINK-32038,+,462.0,463.0,53.16
60282,STARLINK-32113,+,462.0,463.0,53.16
60283,STARLINK-32037,+,470.0,472.0,53.16
60284,STARLINK-32123,+,462.0,463.0,53.16
60285,STARLINK-32122,+,470.0,472.0,53.16
60286,STARLINK-31656,+,462.0,463.0,53.16
60287,STARLINK-32114,+,470.0,472.0,53.16
60288,STARLINK-31997,+,462.0,463.0,53.16
60289,STARLINK-32000,+,470.0,472.0,53.16
60290,STARLINK-32141,+,462.0,464.0,53.16
60291,STARLINK-32142,+,462.0,464.0,53.16
60292,STARLINK-32149,+,470.0,471.0,53.16
60293,STARLINK-32159,+,462.0,463.0,53.16
60294,STARLINK-32150,+,470.0,472.0,53.16
60295,STARLINK-32126,+,470.0,471.0,53.16
60296,STARLINK-32143,+,470.0,471.0,53.16
60297,STARLINK-32034,+,468.0,470.0,53.16
60298,STARLINK-32124,+,470.0,472.0,53.16
60299,STARLINK-32151,+,462.0,464.0,53.16
60300,STARLINK-32134,+,462.0,463.0,53.16
60301,STARLINK-11147 [DTC],+,359.0,360.0,53.16
60302,STARLINK-11128 [DTC],+,359.0,360.0,53.16
60303,STARLINK-11227 [DTC],+,359.0,360.0,53.16
60304,STARLINK-11224 [DTC],+,359.0,361.0,53.16
60305,STARLINK-11115 [DTC],+,359.0,360.0,53.16
60306,STARLINK-11109 [DTC],+,359.0,360.0,53.16
60307,STARLINK-11223 [DTC],+,359.0,360.0,53.16
60308,STARLINK-11192 [DTC],+,359.0,360.0,53.16
60309,STARLINK-11213 [DTC],+,359.0,360.0,53.16
60310,STARLINK-11200 [DTC],+,359.0,360.0,53.16
60312,STARLINK-11206 [DTC],+,359.0,360.0,53.16
60313,STARLINK-11205 [DTC],+,359.0,360.0,53.16
60314,STARLINK-32191,+,462.0,463.0,53.16
60315,STARLINK-32194,+,462.0,464.0,53.16
60316,STARLINK-32192,+,462.0,464.0,53.16
60317,STARLINK-32189,+,461.0,465.0,53.16
60318,STARLINK-32190,+,462.0,464.0,53.16
60319,STARLINK-32182,+,462.0,463.0,53.16
60320,STARLINK-32199,+,462.0,463.0,53.16
60321,STARLINK-32198,+,462.0,464.0,53.16
60329,STARLINK-31745,+,470.0,472.0,53.16
60330,STARLINK-32153,+,462.0,463.0,53.16
60331,STARLINK-32203,+,462.0,464.0,53.16
60332,STARLINK-32171,+,470.0,472.0,53.16
60333,STARLINK-32133,+,462.0,464.0,53.16
60334,STARLINK-32132,+,461.0,464.0,53.16
60335,STARLINK-32168,+,463.0,464.0,53.16
60336,STARLINK-32079,+,464.0,466.0,53.16
60338,STARLINK-32078,+,462.0,464.0,53.16
60339,STARLINK-32175,+,462.0,463.0,53.16
60340,STARLINK-32176,+,464.0,466.0,53.16
60341,STARLINK-32185,+,462.0,463.0,53.16
60342,STARLINK-32221,+,462.0,464.0,53.16
60343,STARLINK-32083,+,474.0,476.0,53.16
60344,STARLINK-32077,+,464.0,466.0,53.16
60345,STARLINK-32075,+,474.0,476.0,53.16
60346,STARLINK-32082,+,474.0,476.0,53.16
60347,STARLINK-32084,+,470.0,472.0,53.16
60348,STARLINK-32081,+,469.0,472.0,53.16
60349,STARLINK-32181,+,462.0,463.0,53.16
60350,STARLINK-32076,+,470.0,471.0,53.16
60351,STARLINK-32097,+,462.0,464.0,53.16
60352,STRIX-4,+,451.0,474.0,43.01
60355,STARLINK-32285,+,462.0,464.0,53.16
60356,STARLINK-32278,+,462.0,463.0,53.16
60358,STARLINK-32287,+,462.0,464.0,53.16
60359,STARLINK-32290,+,462.0,464.0,53.16
60360,STARLINK-32275,+,470.0,472.0,53.16
60361,STARLINK-32227,+,462.0,464.0,53.16
60362,STARLINK-32256,+,462.0,464.0,53.16
60363,STARLINK-32267,+,462.0,464.0,53.16
60364,STARLINK-32270,+,470.0,472.0,53.16
60365,STARLINK-32188,+,470.0,472.0,53.16
60366,STARLINK-32230,+,462.0,464.0,53.16
60367,STARLINK-32243,+,470.0,472.0,53.16
60368,STARLINK-32271,+,462.0,463.0,53.16
60370,STARLINK-32220,+,464.0,466.0,53.16
60371,STARLINK-32263,+,474.0,476.0,53.16
60372,STARLINK-32268,+,462.0,463.0,53.16
60373,STARLINK-32223,+,470.0,472.0,53.16
60374,STARLINK-32180,+,470.0,472.0,53.16
60375,STARLINK-32281,+,462.0,464.0,53.16
60376,STARLINK-32277,+,462.0,464.0,53.16
60377,STARLINK-32269,+,470.0,471.0,53.16
60379,QIANFAN-1,+,1056.0,1081.0,88.97
60380,QIANFAN-2,+,1059.0,1078.0,88.97
60381,QIANFAN-3,+,1058.0,1079.0,88.97
60382,QIANFAN-4,+,1059.0,1078.0,88.97
60383,QIANFAN-5,+,1058.0,1079.0,88.97
60384,QIANFAN-6,+,1059.0,1078.0,88.97
60385,QIANFAN-7,P,790.0,808.0,88.97
60386,QIANFAN-8,+,1056.0,1081.0,88.97
60387,QIANFAN-9,+,1056.0,1081.0,88.97
60388,QIANFAN-10,+,1057.0,1080.0,88.97
60389,QIANFAN-11,+,1058.0,1079.0,88.96
60390,QIANFAN-12,+,1059.0,1078.0,88.97
60391,QIANFAN-13,+,1059.0,1078.0,88.99
60392,QIANFAN-14,+,1056.0,1081.0,88.97
60393,QIANFAN-15,+,1059.0,1078.0,88.97
60394,QIANFAN-16,+,1058.0,1079.0,88.97
60395,QIANFAN-17,+,1058.0,1079.0,88.97
60396,QIANFAN-18,+,1058.0,1079.0,88.97
60398,STARLINK-11228 [DTC],+,359.0,360.0,53.16
60399,STARLINK-11182 [DTC],+,359.0,360.0,53.16
60400,STARLINK-11234 [DTC],+,359.0,360.0,53.16
60401,STARLINK-11232 [DTC],+,359.0,361.0,53.16
60402,STARLINK-11139 [DTC],+,359.0,361.0,53.16
60403,STARLINK-11158 [DTC],+,359.0,360.0,53.16
60404,STARLINK-11199 [DTC],+,359.0,361.0,53.16
60405,STARLINK-11081 [DTC],+,359.0,360.0,53.16
60406,STARLINK-11150 [DTC],+,359.0,360.0,53.16
60407,STARLINK-11136 [DTC],+,359.0,360.0,53.16
60408,STARLINK-11196 [DTC],+,359.0,360.0,53.16
60409,STARLINK-11174 [DTC],+,359.0,361.0,53.16
60410,STARLINK-11191 [DTC],+,359.0,360.0,53.16
60411,STARLINK-32244,+,470.0,472.0,53.16
60412,STARLINK-32186,+,462.0,464.0,53.16
60413,STARLINK-32178,+,462.0,464.0,53.16
60414,STARLINK-32234,+,470.0,471.0,53.16
60415,STARLINK-32265,+,462.0,464.0,53.16
60416,STARLINK-32197,+,470.0,472.0,53.16
60417,STARLINK-32255,+,462.0,464.0,53.16
60418,STARLINK-32236,+,462.0,464.0,53.16
60419,CAPELLA-13 (ACADIA-3),+,604.0,606.0,53.0
60425,STARLINK-32250,+,462.0,464.0,53.16
60426,STARLINK-32226,+,462.0,464.0,53.16
60427,STARLINK-32254,+,462.0,464.0,53.16
60428,STARLINK-32193,+,462.0,464.0,53.16
60429,STARLINK-32242,+,462.0,464.0,53.16
60430,STARLINK-32196,+,462.0,464.0,53.16
60431,STARLINK-32232,+,462.0,464.0,53.16
60432,STARLINK-32246,+,462.0,464.0,53.16
60433,STARLINK-32183,+,462.0,464.0,53.16
60434,STARLINK-32233,+,462.0,463.0,53.16
60435,STARLINK-32222,+,462.0,464.0,53.16
60436,STARLINK-32229,+,462.0,464.0,53.16
60437,STARLINK-32241,+,462.0,464.0,53.16
60438,STARLINK-32240,+,462.0,464.0,53.16
60439,STARLINK-32231,+,462.0,464.0,53.16
60440,STARLINK-32195,+,462.0,463.0,53.16
60441,STARLINK-32177,+,462.0,464.0,53.16
60442,STARLINK-32252,+,462.0,464.0,53.16
60443,STARLINK-32237,+,462.0,463.0,53.16
60444,STARLINK-32249,+,462.0,464.0,53.16
60445,STARLINK-32228,+,462.0,464.0,53.16
60446,STARLINK-32247,+,462.0,464.0,53.16
60447,STARLINK-32101,+,462.0,463.0,53.16
60452,LEGION 3,+,513.0,524.0,45.0
60453,LEGION 4,+,511.0,525.0,45.0
60454,EOS-08,+,405.0,410.0,37.38
60458,YAOGAN-43 01A,+,452.0,456.0,35.01
60459,YAOGAN-43 01B,+,450.0,459.0,34.99
60460,YAOGAN-43 01C,+,494.0,500.0,35.0
60461,YAOGAN-43 01D,+,473.0,475.0,35.01
60462,YAOGAN-43 01E,+,495.0,498.0,34.99
60463,YAOGAN-43 01F,+,460.0,468.0,34.99
60464,YAOGAN-43 01G,+,470.0,478.0,35.0
60465,YAOGAN-43 01H,+,476.0,484.0,34.99
60466,YAOGAN-43 01J,+,448.0,456.0,34.99
60468,TRANSPORTER-11 OBJECT A,+,462.0,466.0,97.37
60469,WARATAH SEED-1,+,452.0,455.0,97.37
60470,PHISAT 2,+,469.0,472.0,97.37
60471,LEMUR-2-TOMATOKECHUP,+,453.0,456.0,97.38
60472,CONNECTA IOT-1,+,492.0,496.0,97.37
60473,LOPEN,+,440.0,443.0,97.37
60474,ROCK,+,440.0,443.0,97.37
60475,CONNECTA IOT-3,+,491.0,497.0,97.37
60476,QUBE,+,415.0,417.0,97.37
60478,WREN-1,+,431.0,437.0,97.37
60479,TOMORROW-S1,+,463.0,467.0,97.37
60480,FLOCK 4BE-18,P,432.0,437.0,97.37
60481,FLOCK 4BE-7,+,436.0,440.0,97.37
60484,FLOCK 4BE-26,-,235.0,250.0,97.34
60485,TOMORROW-S2,+,462.0,468.0,97.38
60486,FLOCK 4BE-36,P,427.0,431.0,97.37
60487,FLOCK 4BE-25,+,443.0,447.0,97.38
60488,FLOCK 4BE-31,+,425.0,429.0,97.38
60489,FLOCK 4BE-20,P,440.0,444.0,97.37
60490,FLOCK 4BE-23,+,445.0,451.0,97.38
60491,FLOCK 4BE-15,-,344.0,347.0,97.36
60492,FLOCK 4BE-17,P,439.0,444.0,97.37
60493,NUSAT-50 (NANCY ROMAN),+,472.0,475.0,97.38
60494,FLOCK 4BE-22,+,434.0,439.0,97.37
60495,FLOCK 4BE-34,+,434.0,440.0,97.38
60496,TYCHE,+,486.0,491.0,97.37
60497,FLOCK 4BE-32,+,431.0,436.0,97.37
60498,NUSAT-48 (HENRIETTA LEAVITT),+,472.0,478.0,97.39
60499,FLOCK 4BE-30,-,298.0,311.0,97.37
60500,NUSAT-49 (KLARA DAN VON NEUMANN),+,472.0,478.0,97.37
60501,FLOCK 4BE-11,+,428.0,434.0,97.37
60504,YAM-7,+,465.0,471.0,97.37
60505,FLOCK 4BE-24,+,427.0,433.0,97.37
60506,LUR-1,+,469.0,477.0,97.37
60507,TANAGER-1,+,433.0,435.0,97.23
60508,EAGLEEYE,+,304.0,308.0,97.37
60509,FLOCK 4BE-29,+,420.0,425.0,97.38
60510,TRANSPORTER-11 OBJECT AU,+,437.0,444.0,97.37
60511,FLOCK 4BE-2,-,384.0,386.0,97.38
60512,FLOCK 4BE-13,+,432.0,439.0,97.37
60513,FLOCK 4BE-27,P,456.0,463.0,97.38
60514,FLOCK 4BE-9,+,435.0,441.0,97.38
60516,FLOCK 4BE-6,+,439.0,446.0,97.38
60517,FLOCK 4BE-14,+,434.0,441.0,97.37
60518,FLOCK 4BE-1,+,429.0,436.0,97.37
60519,FLOCK 4BE-28,+,417.0,423.0,97.37
60520,IPERDRONE.0,+,334.0,335.0,97.37
60522,CONNECTA IOT-2,+,487.0,498.0,97.38
60524,CONNECTA IOT-4,+,429.0,437.0,97.38
60525,ORESAT0.5,+,420.0,428.0,97.37
60526,DEIMOS,+,423.0,431.0,97.38
60527,CUAVA-2,+,448.0,459.0,97.37
60528,ERNST,+,439.0,449.0,97.38
60530,TORO,+,576.0,579.0,97.67
60531,HYPSO-2,+,568.0,572.0,97.68
60532,LEMU NGE,+,580.0,583.0,97.68
60533,LEMUR-2-STELLA,+,526.0,528.0,97.67
60534,SATELIOT_2,+,576.0,579.0,97.68
60535,NIGHTJAR,+,568.0,570.0,97.68
60536,LEMUR-2-MARHISYAM,+,528.0,530.0,97.69
60537,SATELIOT_4,+,575.0,579.0,97.67
60538,PICO-02A021,+,551.0,559.0,97.67
60539,ICEYE-X43,+,561.0,573.0,97.67
60540,HAWK-10A,+,575.0,579.0,97.69
60541,UMBRA-09,+,505.0,508.0,97.7
60542,QPS-SAR-8 (AMATERU-IV),+,551.0,554.0,97.66
60543,ARCTIC WEATHER SATELLITE,+,598.0,599.0,97.68
60544,CAPELLA-15 (ACADIA-5),+,587.0,594.0,97.67
60545,HAWK-10B,+,574.0,580.0,97.68
60546,ICEYE-X39,+,562.0,571.0,97.68
60547,UMBRA-10,+,505.0,508.0,97.7
60548,ICEYE-X33,+,563.0,565.0,97.74
60549,ICEYE-X40,+,569.0,575.0,97.68
60550,SATELIOT_1,+,568.0,577.0,97.67
60551,BRO-14,+,574.0,582.0,97.68
60552,SATELIOT_3,+,569.0,575.0,97.68
60553,BRO-15,+,573.0,583.0,97.68
60554,UM5-RIBAT,+,560.0,566.0,97.65
60555,UM5-EOSAT,+,557.0,565.0,97.67
60556,KANYINI,+,393.0,395.0,97.37
60558,FLOCK 4BE-35,-,264.0,276.0,97.35
60559,FLOCK 4BE-5,+,437.0,443.0,97.38
60561,FLOCK 4BE-3,+,432.0,439.0,97.37
60562,HYPERFIELD-1A,+,466.0,475.0,97.38
60563,FLOCK 4BE-19,P,421.0,429.0,97.37
60565,PTD-4 (LISA-T),+,490.0,495.0,97.69
60573,ION SCV-012,+,580.0,584.0,97.67
60574,GNOMES-5,+,558.0,566.0,97.71
60575,HAWK-10C,+,575.0,579.0,97.67
60576,LEMUR-2-AHMED-ASRAR,+,522.0,526.0,97.7
60577,LEMUR-2-LLOYD,+,534.0,537.0,97.67
60578,LEMUR-2-SQUIRRELCOMM,+,539.0,547.0,97.67
60579,LEMUR-2-SIERRINI,+,527.0,532.0,97.68
60580,SEDNA-1,+,536.0,550.0,97.66
60583,STARLINK-31844,+,470.0,472.0,53.16
60584,STARLINK-32204,+,462.0,463.0,53.16
60585,STARLINK-32130,+,474.0,476.0,53.16
60586,STARLINK-32173,+,462.0,464.0,53.16
60587,STARLINK-31911,+,462.0,464.0,53.16
60588,STARLINK-31994,+,462.0,463.0,53.16
60589,STARLINK-32169,+,464.0,466.0,53.16
6059,COSMOS 494,,763.0,777.0,74.06
60590,STARLINK-32209,+,462.0,464.0,53.16
60591,STARLINK-32170,+,462.0,463.0,53.16
60592,STARLINK-31497,+,462.0,464.0,53.16
60593,STARLINK-32161,+,462.0,464.0,53.16
60594,STARLINK-32210,+,462.0,464.0,53.16
60595,STARLINK-32202,+,470.0,471.0,53.16
60596,STARLINK-31930,+,462.0,463.0,53.16
60597,STARLINK-32162,+,472.0,477.0,53.16
60598,STARLINK-32208,+,463.0,465.0,53.16
60599,STARLINK-32165,+,473.0,476.0,53.16
60600,STARLINK-31923,+,464.0,466.0,53.16
60601,STARLINK-31988,+,462.0,464.0,53.16
60602,STARLINK-31983,+,462.0,464.0,53.16
60603,STARLINK-31874,+,461.0,465.0,53.15
60604,STARLINK-32039,+,462.0,464.0,53.16
60720,STARLINK-11247 [DTC],+,359.0,360.0,53.16
60721,STARLINK-11259 [DTC],+,359.0,360.0,53.16
60722,STARLINK-11188 [DTC],+,359.0,360.0,53.16
60723,STARLINK-11272 [DTC],+,359.0,360.0,53.16
60724,STARLINK-11261 [DTC],+,359.0,360.0,53.16
60725,STARLINK-11263 [DTC],+,359.0,361.0,53.16
60726,STARLINK-11235 [DTC],+,359.0,360.0,53.16
60727,STARLINK-11080 [DTC],+,359.0,361.0,53.16
60728,STARLINK-11249 [DTC],+,359.0,360.0,53.16
60729,STARLINK-11146 [DTC],+,359.0,360.0,53.16
60730,STARLINK-11255 [DTC],+,359.0,360.0,53.16
60731,STARLINK-11254 [DTC],+,359.0,360.0,53.16
60732,STARLINK-11266 [DTC],+,359.0,361.0,53.16
60733,STARLINK-32253,+,462.0,464.0,53.16
60734,STARLINK-32179,+,462.0,464.0,53.16
60737,STARLINK-32289,+,462.0,464.0,53.16
60738,STARLINK-32304,+,462.0,464.0,53.16
60739,STARLINK-32235,+,462.0,464.0,53.16
60740,STARLINK-32315,+,462.0,464.0,53.16
60745,OBJECT A,+,402.0,409.0,97.68
60746,OBJECT B,+,456.0,467.0,97.69
60747,OBJECT C,+,428.0,437.0,97.68
60748,OBJECT D,+,476.0,478.0,97.69
60749,OBJECT E,+,480.0,482.0,97.68
60750,OBJECT F,+,479.0,487.0,97.68
6079,METEOR 1-12,,874.0,888.0,81.23
60903,STARLINK-11242 [DTC],+,359.0,360.0,53.16
60904,STARLINK-11256 [DTC],+,359.0,360.0,53.16
60905,STARLINK-11159 [DTC],+,359.0,360.0,53.16
60906,STARLINK-11264 [DTC],+,359.0,361.0,53.16
60907,STARLINK-11226 [DTC],+,359.0,360.0,53.16
60908,STARLINK-11229 [DTC],+,359.0,361.0,53.16
60909,STARLINK-11265 [DTC],+,359.0,360.0,53.16
60910,STARLINK-11250 [DTC],+,359.0,360.0,53.16
60911,STARLINK-11190 [DTC],+,359.0,360.0,53.16
60912,STARLINK-11225 [DTC],+,359.0,361.0,53.16
60913,STARLINK-11273 [DTC],+,359.0,361.0,53.16
60915,STARLINK-11271 [DTC],+,359.0,361.0,53.16
60916,STARLINK-32371,+,470.0,472.0,53.16
60917,STARLINK-32369,+,470.0,472.0,53.16
60918,STARLINK-32317,+,462.0,463.0,53.16
60919,STARLINK-32367,+,462.0,464.0,53.16
60920,STARLINK-32345,+,462.0,463.0,53.16
60921,STARLINK-32356,+,470.0,471.0,53.16
60922,STARLINK-32274,+,462.0,464.0,53.16
60923,STARLINK-32373,+,462.0,464.0,53.16
60924,STARLINK-11239 [DTC],+,358.0,361.0,53.16
60925,STARLINK-11245 [DTC],+,359.0,360.0,53.16
60926,STARLINK-11244 [DTC],+,359.0,360.0,53.16
60927,STARLINK-11243 [DTC],+,359.0,360.0,53.16
60928,STARLINK-11238 [DTC],+,359.0,361.0,53.16
60929,STARLINK-11240 [DTC],+,359.0,361.0,53.16
60930,STARLINK-11251 [DTC],+,359.0,360.0,53.16
60931,STARLINK-11204 [DTC],+,359.0,361.0,53.16
60932,STARLINK-11246 [DTC],+,359.0,361.0,53.16
60933,STARLINK-11207 [DTC],+,359.0,361.0,53.16
60934,STARLINK-11237 [DTC],+,359.0,360.0,53.16
60935,STARLINK-11253 [DTC],+,359.0,360.0,53.16
60936,STARLINK-11241 [DTC],+,359.0,360.0,53.16
60937,STARLINK-32259,+,462.0,464.0,53.16
60939,STARLINK-32258,+,462.0,464.0,53.16
60940,STARLINK-32251,+,462.0,464.0,53.16
60941,STARLINK-32224,+,462.0,464.0,53.16
60942,STARLINK-32184,+,462.0,464.0,53.16
60943,STARLINK-32288,+,462.0,464.0,53.16
60944,STARLINK-32276,+,462.0,464.0,53.16
60945,YAOGAN-43 02A,+,399.0,401.0,34.99
60946,YAOGAN-43 02B,+,494.0,499.0,34.99
60947,YAOGAN-43 02C,+,494.0,499.0,35.0
60948,YAOGAN-43 02D,+,495.0,498.0,34.99
60949,YAOGAN-43 02E,+,493.0,501.0,35.0
60950,YAOGAN-43 02F,+,495.0,498.0,34.99
60989,SENTINEL-2C,+,788.0,790.0,98.57
60991,STARLINK-11289 [DTC],+,359.0,360.0,53.16
60992,STARLINK-11282 [DTC],+,359.0,361.0,53.16
60993,STARLINK-11283 [DTC],+,359.0,361.0,53.16
60994,STARLINK-11267 [DTC],+,359.0,360.0,53.16
60995,STARLINK-11269 [DTC],+,359.0,361.0,53.16
60996,STARLINK-11281 [DTC],+,359.0,360.0,53.16
60997,STARLINK-11260 [DTC],+,359.0,360.0,53.16
60998,STARLINK-11287 [DTC],+,359.0,360.0,53.16
60999,STARLINK-11270 [DTC],+,359.0,360.0,53.16
61000,STARLINK-11290 [DTC],+,359.0,361.0,53.16
61001,STARLINK-11274 [DTC],+,359.0,361.0,53.16
61002,STARLINK-11288 [DTC],+,359.0,361.0,53.16
61003,STARLINK-32279,+,462.0,464.0,53.16
61004,STARLINK-32336,+,462.0,463.0,53.16
61005,STARLINK-32284,+,462.0,464.0,53.16
61006,STARLINK-32282,+,462.0,464.0,53.16
61007,STARLINK-32360,+,462.0,464.0,53.16
61008,STARLINK-32340,+,462.0,464.0,53.16
61010,STARLINK-32347,+,462.0,464.0,53.16
61011,GEESAT-3 01,+,614.0,617.0,50.0
61012,GEESAT-3 02,+,602.0,629.0,49.99
61013,GEESAT-3 03,+,611.0,620.0,49.99
61014,GEESAT-3 04,+,617.0,620.0,50.0
61015,GEESAT-3 05,+,606.0,624.0,50.0
61016,GEESAT-3 06,+,604.0,627.0,50.0
61017,GEESAT-3 07,+,608.0,623.0,49.99
61018,GEESAT-3 08,+,596.0,635.0,50.01
61019,GEESAT-3 09,+,600.0,631.0,50.0
61020,GEESAT-3 10,+,613.0,618.0,50.0
61021,USA 400,+,575.0,579.0,70.03
61022,USA 401,+,575.0,579.0,70.03
61023,USA 402,+,575.0,579.0,70.03
61024,USA 403,+,575.0,579.0,70.03
61025,USA 404,+,428.0,434.0,69.99
61026,USA 405,+,575.0,579.0,70.03
61027,USA 406,+,575.0,579.0,70.03
61028,USA 407,+,286.0,319.0,69.94
61029,USA 408,+,575.0,579.0,70.03
61030,USA 409,+,575.0,579.0,70.03
61031,USA 410,+,575.0,579.0,70.03
61032,USA 411,+,575.0,579.0,70.03
61033,USA 412,+,575.0,579.0,70.03
61034,USA 413,+,575.0,579.0,70.03
61035,USA 414,+,575.0,579.0,70.03
61036,USA 415,+,575.0,579.0,70.03
61037,USA 416,+,575.0,579.0,70.03
61038,USA 417,+,505.0,516.0,70.0
61039,USA 418,+,575.0,579.0,70.03
61040,USA 419,+,575.0,579.0,70.03
61041,USA 420,+,575.0,579.0,70.03
61045,SPACEMOBILE-003,+,502.0,506.0,52.98
61046,SPACEMOBILE-005,+,499.0,509.0,52.98
61047,SPACEMOBILE-001,+,500.0,508.0,52.98
61048,SPACEMOBILE-002,+,500.0,508.0,52.97
61049,SPACEMOBILE-004,+,500.0,509.0,52.97
61050,STARLINK-11286 [DTC],+,359.0,361.0,53.16
61051,STARLINK-11252 [DTC],+,358.0,361.0,53.16
61053,STARLINK-11230 [DTC],+,359.0,360.0,53.16
61054,STARLINK-11294 [DTC],+,359.0,361.0,53.16
61055,STARLINK-11268 [DTC],+,359.0,360.0,53.16
61056,STARLINK-11156 [DTC],P,359.0,361.0,53.16
61057,STARLINK-11231 [DTC],+,359.0,361.0,53.16
61058,STARLINK-11299 [DTC],+,359.0,361.0,53.16
61059,STARLINK-11154 [DTC],+,359.0,361.0,53.16
61060,STARLINK-11297 [DTC],+,359.0,360.0,53.16
61061,STARLINK-11233 [DTC],+,359.0,360.0,53.16
61062,STARLINK-11236 [DTC],+,359.0,361.0,53.16
61063,STARLINK-32350,+,470.0,472.0,53.16
61064,STARLINK-32378,+,470.0,471.0,53.16
61065,STARLINK-32321,+,464.0,466.0,53.16
61066,STARLINK-32381,+,462.0,464.0,53.16
61068,STARLINK-32385,+,470.0,472.0,53.16
61069,STARLINK-32380,+,470.0,471.0,53.16
61070,STARLINK-32375,+,464.0,466.0,53.16
61072,CHAMRAN-1,+,491.0,572.0,64.07
6117,COSMOS 504,,1321.0,1495.0,74.03
6118,COSMOS 505,,1352.0,1495.0,74.03
61180,OBJECT B,+,341.0,346.0,96.67
61189,JILIN-01 KUANFU 02B 1,+,536.0,541.0,97.56
6119,COSMOS 506,,1381.0,1496.0,74.03
61190,JILIN-01 KUANFU 02B 2,+,533.0,544.0,97.55
61191,JILIN-01 KUANFU 02B 3,+,528.0,549.0,97.55
61192,JILIN-01 KUANFU 02B 4,+,529.0,548.0,97.55
61193,JILIN-01 KUANFU 02B 5,+,528.0,548.0,97.56
61194,JILIN-01 KUANFU 02B 6,+,526.0,551.0,97.55
61195,TIANQI-29,+,898.0,906.0,44.86
61196,TIANQI-30,+,896.0,907.0,44.86
61197,TIANQI-31,+,896.0,908.0,44.86
61198,TIANQI-32,+,896.0,907.0,44.86
6120,COSMOS 507,,1411.0,1496.0,74.03
61200,STARLINK-11209 [DTC],+,359.0,360.0,53.16
61201,STARLINK-11257 [DTC],+,359.0,360.0,53.16
61202,STARLINK-11309 [DTC],+,359.0,361.0,53.16
61203,STARLINK-11292 [DTC],+,359.0,360.0,53.16
61204,STARLINK-11302 [DTC],+,359.0,360.0,53.16
61205,STARLINK-11277 [DTC],+,359.0,360.0,53.16
61206,STARLINK-11279 [DTC],+,359.0,360.0,53.16
61207,STARLINK-11091 [DTC],+,359.0,360.0,53.16
61208,STARLINK-11291 [DTC],+,359.0,360.0,53.16
61209,STARLINK-11304 [DTC],+,359.0,360.0,53.16
6121,COSMOS 508,,1442.0,1496.0,74.03
61210,STARLINK-11307 [DTC],+,359.0,360.0,53.16
61211,STARLINK-11298 [DTC],+,359.0,360.0,53.16
61212,STARLINK-11310 [DTC],+,359.0,360.0,53.16
61213,STARLINK-32386,+,462.0,464.0,53.16
61214,STARLINK-32392,+,462.0,463.0,53.16
61215,STARLINK-32436,+,462.0,464.0,53.16
61216,STARLINK-32425,+,470.0,472.0,53.16
61217,STARLINK-32342,+,470.0,472.0,53.16
61218,STARLINK-32423,+,470.0,472.0,53.16
61219,STARLINK-32248,+,470.0,472.0,53.16
6122,COSMOS 509,,1473.0,1498.0,74.03
61220,KINEIS-3C,+,653.0,654.0,98.04
61221,KINEIS-3D,+,653.0,654.0,98.04
61222,KINEIS-3E,+,653.0,654.0,98.04
61223,KINEIS-3A,+,653.0,655.0,98.04
61224,KINEIS-3B,+,653.0,655.0,98.04
61227,OBJECT A,+,222.0,241.0,97.33
61229,OBJECT C,+,401.0,412.0,97.34
6123,COSMOS 510,,1495.0,1509.0,74.03
61230,OBJECT D,+,464.0,477.0,97.35
61231,OBJECT E,+,507.0,509.0,97.41
61238,OBJECT A,+,505.0,508.0,97.45
61239,OBJECT B,+,519.0,550.0,97.45
6124,COSMOS 511,,1495.0,1544.0,74.03
61240,OBJECT C,+,507.0,510.0,97.45
61241,OBJECT D,+,466.0,482.0,97.44
61242,OBJECT E,+,472.0,490.0,97.45
61243,STARLINK-11300 [DTC],+,359.0,360.0,53.16
61244,STARLINK-11276 [DTC],+,359.0,361.0,53.16
61245,STARLINK-11280 [DTC],+,359.0,360.0,53.16
61246,STARLINK-11308 [DTC],+,359.0,360.0,53.16
61247,STARLINK-11305 [DTC],+,359.0,360.0,53.16
61248,STARLINK-11317 [DTC],+,359.0,360.0,53.16
61249,STARLINK-11293 [DTC],+,359.0,360.0,53.16
61251,STARLINK-11319 [DTC],+,358.0,361.0,53.16
61252,STARLINK-11318 [DTC],+,359.0,361.0,53.16
61253,STARLINK-11311 [DTC],+,359.0,360.0,53.16
61254,STARLINK-11306 [DTC],+,359.0,360.0,53.16
61255,STARLINK-11313 [DTC],+,359.0,360.0,53.16
61256,STARLINK-32431,+,462.0,464.0,53.16
61257,STARLINK-32432,+,462.0,463.0,53.16
61258,STARLINK-32382,+,461.0,464.0,53.16
61259,STARLINK-32435,+,462.0,464.0,53.16
6126,LANDSAT 1 (ERTS 1),-,895.0,908.0,99.33
61260,STARLINK-32474,+,462.0,463.0,53.16
61261,STARLINK-32447,+,462.0,464.0,53.16
61262,STARLINK-32446,+,461.0,464.0,53.16
6148,COSMOS 514,,950.0,963.0,82.96
61509,STARLINK-32174,+,462.0,464.0,53.16
61510,STARLINK-32139,+,469.0,472.0,53.16
61511,STARLINK-32140,+,470.0,472.0,53.16
61512,STARLINK-32201,+,462.0,464.0,53.16
61513,STARLINK-32030,+,462.0,464.0,53.16
61514,STARLINK-31837,+,462.0,464.0,53.16
61515,STARLINK-32136,+,470.0,472.0,53.16
61516,STARLINK-32047,+,470.0,472.0,53.16
61517,STARLINK-31756,+,462.0,464.0,53.16
61518,STARLINK-32172,+,470.0,472.0,53.16
61519,STARLINK-32338,+,462.0,464.0,53.16
61520,STARLINK-32306,+,470.0,472.0,53.16
61521,STARLINK-32297,+,462.0,464.0,53.16
61522,STARLINK-32260,+,452.0,456.0,53.16
61523,STARLINK-32305,+,462.0,464.0,53.16
61524,STARLINK-32296,+,470.0,472.0,53.16
61525,STARLINK-32298,+,470.0,472.0,53.16
61526,STARLINK-32293,+,462.0,464.0,53.16
61527,STARLINK-32313,+,462.0,464.0,53.16
61528,STARLINK-32319,+,469.0,472.0,53.16
61529,STARLINK-32351,+,462.0,464.0,53.16
6153,OAO 3 (COPERNICUS),,689.0,697.0,35.01
61530,STARLINK-32261,+,470.0,472.0,53.16
61531,STARLINK-32358,+,462.0,464.0,53.16
61532,STARLINK-11354 [DTC],+,359.0,360.0,53.16
61533,STARLINK-11323 [DTC],+,359.0,360.0,53.16
61534,STARLINK-11338 [DTC],+,359.0,360.0,53.16
61535,STARLINK-11362 [DTC],+,359.0,360.0,53.16
61536,STARLINK-11295 [DTC],+,359.0,361.0,53.16
61538,STARLINK-11325 [DTC],+,359.0,360.0,53.16
61539,STARLINK-11332 [DTC],+,359.0,360.0,53.16
6154,COSMOS 516,,932.0,1011.0,64.81
61540,STARLINK-11350 [DTC],+,359.0,361.0,53.16
61541,STARLINK-11357 [DTC],+,359.0,361.0,53.16
61542,STARLINK-11322 [DTC],+,359.0,360.0,53.16
61543,STARLINK-11364 [DTC],+,359.0,360.0,53.16
61544,STARLINK-11349 [DTC],+,359.0,360.0,53.16
61545,STARLINK-32406,+,462.0,463.0,53.16
61546,STARLINK-32445,+,456.0,457.0,53.16
61547,STARLINK-32411,+,462.0,464.0,53.16
61548,STARLINK-32424,+,462.0,464.0,53.16
61549,STARLINK-32389,+,462.0,464.0,53.16
61550,STARLINK-32476,+,462.0,463.0,53.16
61551,STARLINK-32366,+,462.0,464.0,53.16
61552,QIANFAN-19,P,840.0,848.0,88.98
61553,QIANFAN-20,P,860.0,865.0,88.98
61554,QIANFAN-21,P,810.0,821.0,88.97
61555,QIANFAN-22,P,938.0,945.0,88.98
61556,QIANFAN-23,P,833.0,842.0,88.98
61557,QIANFAN-24,P,805.0,818.0,88.98
61558,QIANFAN-25,P,866.0,879.0,88.98
61559,QIANFAN-26,P,968.0,975.0,88.98
61560,QIANFAN-27,P,794.0,805.0,88.98
61561,QIANFAN-28,P,791.0,802.0,88.98
61562,QIANFAN-29,+,1060.0,1077.0,88.98
61563,QIANFAN-30,+,1066.0,1078.0,88.98
61564,QIANFAN-31,+,1037.0,1049.0,88.98
61565,QIANFAN-32,+,1061.0,1078.0,88.98
61566,QIANFAN-33,P,901.0,909.0,88.98
61567,QIANFAN-34,P,882.0,888.0,88.98
61568,QIANFAN-35,P,792.0,802.0,88.98
61569,QIANFAN-36,+,1046.0,1057.0,88.98
61571,GAOFEN-12 05,+,625.0,628.0,97.91
61574,STARLINK-11356 [DTC],+,359.0,360.0,53.16
61575,STARLINK-11376 [DTC],+,359.0,361.0,53.16
61576,STARLINK-11372 [DTC],+,359.0,360.0,53.16
61577,STARLINK-11375 [DTC],+,359.0,360.0,53.16
61578,STARLINK-11285 [DTC],+,359.0,361.0,53.16
61579,STARLINK-11275 [DTC],+,359.0,360.0,53.16
61580,STARLINK-11342 [DTC],+,359.0,360.0,53.16
61581,STARLINK-11374 [DTC],+,359.0,360.0,53.16
61582,STARLINK-11373 [DTC],+,359.0,361.0,53.16
61583,STARLINK-11368 [DTC],+,358.0,361.0,53.16
61584,STARLINK-11370 [DTC],+,359.0,361.0,53.16
61585,STARLINK-11361 [DTC],+,359.0,360.0,53.16
61586,STARLINK-11360 [DTC],+,359.0,360.0,53.16
61587,STARLINK-32353,+,462.0,464.0,53.16
61588,STARLINK-32325,+,462.0,464.0,53.16
61589,STARLINK-32416,+,462.0,464.0,53.16
61590,STARLINK-32413,+,462.0,464.0,53.16
61591,STARLINK-32409,+,462.0,464.0,53.16
61592,STARLINK-32422,+,462.0,463.0,53.16
61593,STARLINK-32397,+,462.0,464.0,53.16
61594,ONEWEB-0015,+,1216.0,1219.0,87.89
61595,ONEWEB-0687,+,1193.0,1195.0,87.92
61596,ONEWEB-0688,+,1192.0,1195.0,87.92
61597,ONEWEB-0689,+,1217.0,1219.0,87.89
61598,ONEWEB-0690,+,1216.0,1219.0,87.89
61599,ONEWEB-0691,+,1217.0,1219.0,87.89
61600,ONEWEB-0692,+,1216.0,1219.0,87.89
61601,ONEWEB-0693,+,1192.0,1196.0,87.92
61602,ONEWEB-0695,+,1216.0,1219.0,87.89
61603,ONEWEB-0697,+,1216.0,1219.0,87.89
61604,ONEWEB-0698,+,1216.0,1220.0,87.89
61605,ONEWEB-0699,+,1220.0,1223.0,87.89
61606,ONEWEB-0700,+,1220.0,1223.0,87.89
61607,ONEWEB-0701,+,1220.0,1223.0,87.89
61608,ONEWEB-0702,+,1216.0,1219.0,87.89
61609,ONEWEB-0704,+,1220.0,1223.0,87.89
61610,ONEWEB-0705,+,1221.0,1223.0,87.89
61611,ONEWEB-0706,+,1220.0,1223.0,87.89
61612,ONEWEB-0707,+,1221.0,1223.0,87.89
61613,ONEWEB-0708,+,1221.0,1223.0,87.89
61614,TIANPING 3A-01,+,563.0,565.0,97.52
61615,TIANPING 3B-01,+,562.0,566.0,97.51
61616,TIANPING 3B-02,+,563.0,565.0,97.52
61617,YAOGAN-43 03A,+,493.0,500.0,34.99
61618,YAOGAN-43 03B,+,491.0,503.0,34.99
61619,YAOGAN-43 03C,+,492.0,501.0,35.0
61621,STARLINK-32302,+,482.0,484.0,43.0
61622,STARLINK-32364,+,482.0,484.0,43.0
61623,STARLINK-32331,+,482.0,484.0,43.0
61624,STARLINK-32398,+,482.0,484.0,43.0
61625,STARLINK-32365,+,482.0,484.0,43.0
61626,STARLINK-32333,+,482.0,484.0,43.0
61627,STARLINK-32399,+,482.0,484.0,43.0
61628,STARLINK-32421,+,483.0,484.0,43.0
61629,STARLINK-32403,+,482.0,484.0,43.0
61630,STARLINK-32390,+,482.0,484.0,43.0
61631,STARLINK-32348,+,482.0,484.0,43.0
61632,STARLINK-32455,+,482.0,484.0,43.0
61633,STARLINK-32396,+,483.0,484.0,43.0
61634,STARLINK-32355,+,482.0,484.0,43.0
61635,STARLINK-32370,+,482.0,484.0,43.0
61636,STARLINK-32405,+,482.0,484.0,43.0
61637,STARLINK-32419,+,482.0,484.0,43.0
61638,STARLINK-32320,+,482.0,484.0,43.0
61639,STARLINK-32341,+,482.0,484.0,43.0
61640,STARLINK-32339,+,482.0,484.0,43.0
61641,STARLINK-32327,+,482.0,484.0,43.0
61642,STARLINK-32264,P,336.0,369.0,42.99
61643,STARLINK-32337,+,482.0,484.0,43.0
61644,USA 421,+,575.0,579.0,70.03
61645,USA 422,+,575.0,579.0,70.03
61646,USA 423,+,575.0,579.0,70.03
61647,USA 424,+,575.0,579.0,70.03
61648,USA 425,+,575.0,579.0,70.03
61649,USA 426,+,575.0,579.0,70.03
61650,USA 427,+,575.0,579.0,70.03
61651,USA 428,+,575.0,579.0,70.03
61652,USA 429,+,575.0,579.0,70.03
61653,USA 430,+,575.0,579.0,70.03
61654,USA 431,+,575.0,579.0,70.03
61655,USA 432,+,575.0,579.0,70.03
61656,USA 433,+,575.0,579.0,70.03
61657,USA 434,+,575.0,579.0,70.03
61658,USA 435,+,575.0,579.0,70.03
61659,USA 436,+,575.0,579.0,70.03
61660,USA 437,+,575.0,579.0,70.03
61661,STARLINK-32238,+,474.0,476.0,53.16
61662,STARLINK-32310,+,470.0,472.0,53.16
61663,STARLINK-32308,+,461.0,464.0,53.16
61664,STARLINK-32301,+,470.0,472.0,53.16
61665,STARLINK-32439,+,462.0,464.0,53.16
61666,STARLINK-32428,+,470.0,472.0,53.16
61667,STARLINK-32414,+,473.0,477.0,53.16
61668,STARLINK-32441,+,464.0,466.0,53.16
61669,STARLINK-32400,+,462.0,463.0,53.16
61670,STARLINK-32449,+,470.0,471.0,53.16
61671,STARLINK-32453,+,470.0,472.0,53.16
61672,STARLINK-32443,+,470.0,472.0,53.16
61673,STARLINK-32417,+,470.0,472.0,53.16
61674,STARLINK-32326,+,470.0,472.0,53.16
61675,STARLINK-32294,+,470.0,472.0,53.16
61676,STARLINK-32309,+,462.0,464.0,53.16
61677,STARLINK-32323,+,462.0,464.0,53.16
61678,STARLINK-32363,+,462.0,464.0,53.16
61679,STARLINK-32395,+,462.0,463.0,53.16
61680,STARLINK-32412,+,470.0,471.0,53.16
61681,STARLINK-32426,+,474.0,476.0,53.16
61682,STARLINK-32429,+,470.0,471.0,53.16
61687,STARLINK-11335 [DTC],+,358.0,362.0,53.16
61688,STARLINK-11344 [DTC],+,358.0,362.0,53.16
61689,STARLINK-11312 [DTC],+,359.0,360.0,53.16
61690,STARLINK-11340 [DTC],+,359.0,360.0,53.16
61691,STARLINK-11339 [DTC],+,359.0,361.0,53.16
61692,STARLINK-11315 [DTC],+,358.0,361.0,53.16
61693,STARLINK-11366 [DTC],+,359.0,361.0,53.16
61694,STARLINK-11348 [DTC],+,359.0,361.0,53.16
61695,STARLINK-11327 [DTC],+,359.0,361.0,53.16
61696,STARLINK-11341 [DTC],+,359.0,360.0,53.16
61697,STARLINK-11346 [DTC],+,359.0,360.0,53.16
61699,STARLINK-11296 [DTC],+,358.0,361.0,53.16
61700,STARLINK-32349,+,462.0,463.0,53.16
61701,STARLINK-32461,+,461.0,464.0,53.16
61702,STARLINK-32299,+,462.0,464.0,53.16
61704,STARLINK-32387,+,462.0,464.0,53.16
61705,STARLINK-32515,+,462.0,463.0,53.16
61706,STARLINK-32533,+,462.0,464.0,53.16
61707,STARLINK-32376,+,462.0,464.0,53.16
61708,STARLINK-32402,+,462.0,463.0,53.16
61709,STARLINK-32314,+,462.0,464.0,53.16
61710,STARLINK-32404,+,462.0,464.0,53.16
61711,STARLINK-32312,+,462.0,463.0,53.16
61712,STARLINK-32343,+,462.0,464.0,53.16
61713,STARLINK-32467,+,462.0,464.0,53.16
61714,STARLINK-32440,+,462.0,463.0,53.16
61715,STARLINK-32459,+,462.0,464.0,53.16
61716,STARLINK-32465,+,462.0,464.0,53.16
61717,STARLINK-32457,+,462.0,464.0,53.16
61718,STARLINK-32591,+,462.0,464.0,53.16
61719,STARLINK-32344,+,462.0,464.0,53.16
61720,STARLINK-32322,+,462.0,463.0,53.16
61721,STARLINK-32469,+,462.0,464.0,53.16
61722,STARLINK-32438,+,462.0,464.0,53.16
61723,STARLINK-32540,+,462.0,463.0,53.16
61724,STARLINK-32528,+,462.0,464.0,53.16
61725,STARLINK-32573,+,462.0,464.0,53.16
61726,STARLINK-32478,+,462.0,464.0,53.16
61727,STARLINK-32511,+,462.0,463.0,53.16
61728,STARLINK-32475,+,462.0,464.0,53.16
61729,STARLINK-32442,+,462.0,464.0,53.16
6173,TRIAD 1,,681.0,752.0,90.02
61730,COSMOS 2579,+,488.0,492.0,97.56
61735,IONOSFERA-M 1,+,815.0,817.0,98.71
61736,IONOSFERA-M 2,+,815.0,817.0,98.71
61737,SITRO-AIS 16,+,569.0,578.0,97.32
61738,SITRO-AIS 15,+,569.0,578.0,97.32
61739,SITRO-AIS 21,+,573.0,590.0,97.32
61740,SITRO-AIS 22,+,570.0,587.0,97.32
61741,SITRO-AIS 24,+,570.0,586.0,97.32
61742,SITRO-AIS 23,+,571.0,587.0,97.32
61743,SITRO-AIS 13,+,569.0,576.0,97.32
61744,OBJECT K,+,395.0,406.0,97.28
61745,POLYTECH UNIVERSE-5,+,357.0,364.0,97.28
61746,COLIBRI-S (RS67S),+,409.0,422.0,97.29
61747,POLYTECH UNIVERSE-4,+,417.0,430.0,97.29
61748,SITRO-AIS 44,+,321.0,326.0,97.27
61749,VIZARD-ION (RS68S),+,384.0,393.0,97.29
61750,OBJECT R,+,383.0,393.0,97.28
61751,OBJECT S,+,445.0,460.0,97.29
61752,SITRO-AIS 14,+,569.0,577.0,97.32
61753,HORS 3 (RS81S),+,384.0,394.0,97.29
61754,HORS 4 (RS82S),+,365.0,373.0,97.28
61755,SITRO-AIS 43,+,317.0,322.0,97.27
61756,SITRO-AIS 42,+,324.0,333.0,97.27
61758,SITRO-AIS 20,+,568.0,576.0,97.32
61759,SITRO-AIS 19,+,569.0,576.0,97.32
61760,SITRO-AIS 41,+,325.0,330.0,97.28
61761,OBJECT AC,+,377.0,385.0,97.28
61763,SIT-HSE,+,392.0,400.0,97.29
61764,SIT-2086,+,390.0,399.0,97.28
61768,OBJECT AK,+,405.0,414.0,97.29
61769,KOSAR,+,389.0,397.0,97.28
61771,SITRO-AIS 48,+,370.0,380.0,97.28
61773,SITRO-AIS 47,+,367.0,376.0,97.28
61774,SITRO-AIS 46,+,360.0,369.0,97.28
61775,OBJECT AS,+,417.0,438.0,97.29
61776,SITRO-AIS 40,+,358.0,367.0,97.28
61777,OBJECT AU,+,413.0,434.0,97.29
61778,SITRO-AIS 39,+,370.0,380.0,97.28
61779,ALTAIR (RS65S),+,442.0,461.0,97.29
61780,SITRO-AIS 37,+,365.0,376.0,97.28
61781,ASRTU-1 (AO-123),+,446.0,467.0,97.29
61784,SAMSAT-IONOSPHERE (RS75S),+,371.0,382.0,97.28
61785,RTU MIREA 1 (RS51S),+,356.0,366.0,97.28
61786,SITRO-AIS 38,+,403.0,416.0,97.28
61787,OBJECT BE,+,443.0,464.0,97.29
61788,SITRO-AIS 45,+,369.0,379.0,97.28
61789,SITRO-AIS 17,+,568.0,576.0,97.32
61790,SITRO-AIS 18,+,569.0,576.0,97.32
61845,STARLINK-32362,+,482.0,484.0,43.01
61846,STARLINK-32472,+,482.0,484.0,43.0
61847,STARLINK-32352,+,483.0,484.0,43.0
61848,STARLINK-32427,+,482.0,484.0,43.0
61849,STARLINK-32346,+,482.0,484.0,43.0
61850,STARLINK-32330,+,482.0,484.0,43.0
61851,STARLINK-32379,+,482.0,484.0,43.0
61852,STARLINK-32433,+,482.0,484.0,43.0
61853,STARLINK-32394,+,482.0,484.0,43.0
61854,STARLINK-32486,+,482.0,484.0,43.01
61855,STARLINK-32391,+,482.0,484.0,43.01
61856,STARLINK-32483,+,482.0,484.0,43.01
61857,STARLINK-32451,+,482.0,484.0,43.0
61858,STARLINK-32556,+,482.0,484.0,43.01
61859,STARLINK-32466,+,482.0,484.0,43.0
61860,STARLINK-32316,+,482.0,484.0,43.0
61861,STARLINK-32415,+,482.0,484.0,43.0
61862,STARLINK-32393,+,482.0,484.0,43.0
61863,STARLINK-32324,+,482.0,484.0,43.0
61864,STARLINK-32318,+,482.0,484.0,43.0
61865,STARLINK-32401,+,482.0,484.0,43.0
61866,STARLINK-32588,+,482.0,484.0,43.0
61867,STARLINK-32569,+,482.0,484.0,43.0
61869,OBJECT A,+,462.0,480.0,97.41
61870,OBJECT B,+,462.0,479.0,97.41
61871,OBJECT C,+,478.0,497.0,97.42
61872,OBJECT D,+,473.0,490.0,97.42
61874,STARLINK-11402 [DTC],+,359.0,360.0,53.16
61875,STARLINK-11316 [DTC],+,359.0,361.0,53.16
61877,STARLINK-11321 [DTC],+,359.0,360.0,53.15
61878,STARLINK-11314 [DTC],+,359.0,361.0,53.16
61879,STARLINK-11324 [DTC],+,359.0,360.0,53.16
61880,STARLINK-11328 [DTC],+,359.0,360.0,53.16
61881,STARLINK-11329 [DTC],+,359.0,361.0,53.16
61882,STARLINK-11398 [DTC],+,359.0,361.0,53.16
61883,STARLINK-11383 [DTC],+,359.0,361.0,53.16
61884,STARLINK-11359 [DTC],+,359.0,360.0,53.16
61885,STARLINK-11301 [DTC],+,359.0,361.0,53.16
61886,STARLINK-11351 [DTC],+,359.0,361.0,53.16
61887,STARLINK-32410,+,462.0,463.0,53.16
61888,STARLINK-32377,+,462.0,464.0,53.16
61889,STARLINK-32292,+,462.0,464.0,53.16
61890,STARLINK-32501,+,462.0,464.0,53.16
61891,STARLINK-32383,+,462.0,464.0,53.16
61892,STARLINK-32239,+,462.0,464.0,53.16
61893,STARLINK-32489,+,462.0,464.0,53.16
61894,OBJECT A,+,518.0,538.0,97.41
61895,OBJECT B,+,463.0,478.0,97.41
61896,OBJECT C,+,491.0,562.0,97.41
61897,OBJECT D,+,502.0,518.0,97.41
61898,OBJECT E,+,492.0,570.0,97.41
61899,OBJECT F,+,512.0,522.0,97.41
61900,OBJECT G,+,520.0,543.0,97.41
61901,OBJECT H,+,459.0,473.0,97.41
61902,OBJECT J,+,520.0,535.0,97.41
61903,OBJECT K,+,462.0,476.0,97.41
61904,OBJECT L,+,493.0,587.0,97.41
61905,OBJECT M,+,465.0,477.0,97.38
61906,OBJECT N,+,438.0,451.0,97.41
61907,OBJECT P,+,505.0,521.0,97.41
61908,OBJECT Q,+,504.0,520.0,97.41
61912,STARLINK-32303,+,481.0,485.0,43.0
61913,STARLINK-32434,+,482.0,484.0,43.0
61914,STARLINK-32460,+,483.0,483.0,43.0
61915,STARLINK-32559,+,302.0,305.0,43.0
61916,STARLINK-32541,+,482.0,484.0,43.0
61917,STARLINK-32544,+,482.0,484.0,43.0
61918,STARLINK-32555,+,481.0,485.0,43.0
61919,STARLINK-32547,+,482.0,484.0,43.0
61920,STARLINK-32616,+,482.0,484.0,43.0
61921,STARLINK-32605,+,482.0,485.0,43.01
61922,STARLINK-32579,+,482.0,484.0,43.0
61923,STARLINK-32537,+,481.0,485.0,43.0
61924,STARLINK-32564,+,481.0,485.0,43.0
61925,STARLINK-32536,+,482.0,484.0,43.0
61926,STARLINK-32624,+,482.0,484.0,43.0
61927,STARLINK-32622,+,482.0,484.0,43.0
61928,STARLINK-32620,+,482.0,484.0,43.01
61929,STARLINK-32609,+,482.0,484.0,43.0
61930,STARLINK-32567,+,482.0,484.0,43.0
61931,STARLINK-32420,+,483.0,484.0,43.0
61932,STARLINK-32354,+,481.0,485.0,43.0
61933,STARLINK-32361,+,482.0,484.0,43.0
61935,STARLINK-32500,+,482.0,484.0,43.0
61936,HAIYANG-4 01,+,650.0,651.0,98.01
61939,STARLINK-11407 [DTC],+,359.0,360.0,53.16
61940,STARLINK-11337 [DTC],+,359.0,361.0,53.16
61941,STARLINK-11353 [DTC],+,359.0,361.0,53.16
61942,STARLINK-11320 [DTC],+,359.0,360.0,53.16
61943,STARLINK-11425 [DTC],+,359.0,361.0,53.16
61944,STARLINK-11422 [DTC],+,359.0,360.0,53.16
61945,STARLINK-11421 [DTC],+,359.0,360.0,53.16
61946,STARLINK-11410 [DTC],+,359.0,361.0,53.16
61947,STARLINK-11390 [DTC],+,359.0,361.0,53.16
61948,STARLINK-11414 [DTC],+,359.0,361.0,53.16
61949,STARLINK-11424 [DTC],+,359.0,360.0,53.16
61950,STARLINK-11423 [DTC],+,359.0,360.0,53.16
61951,STARLINK-11395 [DTC],+,359.0,361.0,53.16
61952,STARLINK-32572,+,462.0,463.0,53.16
61953,STARLINK-32585,+,461.0,464.0,53.16
61954,STARLINK-32574,+,462.0,464.0,53.16
61955,STARLINK-32583,+,462.0,464.0,53.16
61956,STARLINK-32273,+,462.0,464.0,53.16
61957,STARLINK-32359,+,462.0,463.0,53.16
61958,STARLINK-32566,+,462.0,464.0,53.16
61959,STARLINK-32499,+,482.0,484.0,43.0
61960,STARLINK-32372,+,482.0,484.0,43.0
61961,STARLINK-32452,+,482.0,484.0,43.0
61962,STARLINK-32458,+,482.0,484.0,43.0
61963,STARLINK-32487,+,482.0,484.0,43.0
61964,STARLINK-32513,+,482.0,484.0,43.0
61965,STARLINK-32514,+,482.0,484.0,43.0
61966,STARLINK-32498,+,482.0,484.0,43.0
61967,STARLINK-32518,+,482.0,484.0,43.0
61968,STARLINK-32471,+,482.0,484.0,43.0
61969,STARLINK-32450,+,482.0,484.0,43.0
61970,STARLINK-32613,+,482.0,484.0,43.0
61971,STARLINK-32610,+,482.0,484.0,43.0
61972,STARLINK-32612,+,482.0,484.0,43.0
61973,STARLINK-32601,+,482.0,484.0,43.0
61974,STARLINK-32593,+,481.0,485.0,43.01
61975,STARLINK-32586,+,482.0,484.0,43.0
61976,STARLINK-32611,+,482.0,484.0,43.0
61977,STARLINK-32607,+,482.0,484.0,43.0
61978,STARLINK-32606,+,482.0,484.0,43.0
61979,STARLINK-32578,+,482.0,484.0,43.0
61980,STARLINK-32517,+,481.0,485.0,43.0
61981,STARLINK-32522,+,482.0,484.0,43.0
61982,STARLINK-32560,+,482.0,484.0,43.0
62008,STARLINK-11433 [DTC],+,359.0,361.0,53.16
62009,STARLINK-11262 [DTC],+,359.0,361.0,53.16
62010,STARLINK-11326 [DTC],+,359.0,360.0,53.16
62011,STARLINK-11330 [DTC],+,359.0,360.0,53.16
62012,STARLINK-11363 [DTC],+,359.0,361.0,53.16
62013,STARLINK-11377 [DTC],+,359.0,360.0,53.16
62014,STARLINK-11385 [DTC],+,358.0,361.0,53.16
62015,STARLINK-11396 [DTC],+,359.0,361.0,53.16
62016,STARLINK-11393 [DTC],+,359.0,361.0,53.16
62017,STARLINK-11343 [DTC],+,359.0,360.0,53.16
62018,STARLINK-11411 [DTC],+,359.0,361.0,53.16
62019,STARLINK-11404 [DTC],+,359.0,360.0,53.16
62020,STARLINK-11378 [DTC],+,359.0,361.0,53.16
62021,STARLINK-32520,+,462.0,464.0,53.16
62022,STARLINK-32539,+,462.0,463.0,53.16
62023,STARLINK-32334,+,462.0,463.0,53.16
62024,STARLINK-32504,+,461.0,464.0,53.16
62025,STARLINK-32493,+,462.0,463.0,53.16
62026,STARLINK-32561,+,462.0,463.0,53.16
62027,STARLINK-32512,+,465.0,467.0,53.16
62032,STARLINK-32637,+,482.0,484.0,43.0
62033,STARLINK-32582,+,482.0,484.0,43.0
62034,STARLINK-32615,+,482.0,484.0,43.0
62035,STARLINK-32592,+,482.0,484.0,43.0
62036,STARLINK-32225,+,482.0,484.0,43.0
62037,STARLINK-32595,+,482.0,484.0,43.0
62039,STARLINK-32480,+,482.0,484.0,43.0
62040,STARLINK-32510,+,482.0,484.0,43.0
62041,STARLINK-32456,+,482.0,484.0,43.01
62042,STARLINK-32509,+,482.0,484.0,43.0
62043,STARLINK-32491,+,482.0,484.0,43.0
62044,STARLINK-32577,+,481.0,485.0,43.01
62045,STARLINK-32618,+,482.0,484.0,43.0
62046,STARLINK-32598,+,482.0,484.0,43.0
62047,STARLINK-32630,+,482.0,484.0,43.0
62048,STARLINK-32599,+,482.0,484.0,43.0
62049,STARLINK-32473,+,482.0,484.0,43.0
62050,STARLINK-32492,+,483.0,483.0,43.0
62051,STARLINK-32496,+,482.0,485.0,43.01
62052,STARLINK-32495,+,482.0,484.0,43.0
62053,STARLINK-32494,+,483.0,483.0,43.0
62054,STARLINK-32408,+,482.0,484.0,43.0
62055,STARLINK-32571,+,482.0,484.0,43.0
62057,STARLINK-11465 [DTC],+,359.0,361.0,53.16
62058,STARLINK-11426 [DTC],+,359.0,360.0,53.16
62059,STARLINK-11454 [DTC],+,359.0,360.0,53.16
6206,COSMOS 521,,983.0,998.0,65.83
62060,STARLINK-11473 [DTC],+,359.0,361.0,53.16
62061,STARLINK-11429 [DTC],+,359.0,360.0,53.16
62062,STARLINK-11470 [DTC],+,359.0,361.0,53.16
62063,STARLINK-11427 [DTC],+,358.0,361.0,53.16
62064,STARLINK-11456 [DTC],+,359.0,360.0,53.16
62065,STARLINK-11474 [DTC],+,359.0,361.0,53.16
62066,STARLINK-11463 [DTC],+,359.0,360.0,53.16
62067,STARLINK-11472 [DTC],+,359.0,361.0,53.16
62068,STARLINK-11467 [DTC],+,359.0,361.0,53.16
62069,STARLINK-11460 [DTC],+,359.0,361.0,53.16
62070,STARLINK-32604,+,462.0,464.0,53.16
62071,STARLINK-32553,+,462.0,463.0,53.16
62072,STARLINK-32603,+,462.0,463.0,53.16
62073,STARLINK-32444,+,461.0,464.0,53.16
62074,STARLINK-32619,+,461.0,464.0,53.16
62075,STARLINK-32580,+,474.0,477.0,53.16
62076,STARLINK-32617,+,462.0,464.0,53.16
62079,SUPERVIEW NEO-2 03,+,506.0,508.0,97.44
62080,SUPERVIEW NEO-2 04,+,506.0,508.0,97.44
62081,KINEIS-5C,+,650.0,658.0,97.91
62082,KINEIS-5D,+,649.0,657.0,97.92
62083,KINEIS-5E,+,649.0,659.0,97.91
62084,KINEIS-5A,+,649.0,657.0,97.9
62085,KINEIS-5B,+,632.0,636.0,98.01
62088,STARLINK-11384 [DTC],+,356.0,357.0,43.0
62089,STARLINK-11379 [DTC],+,355.0,358.0,43.0
62090,STARLINK-11387 [DTC],+,356.0,357.0,43.0
62091,STARLINK-11389 [DTC],+,355.0,357.0,43.0
62092,STARLINK-11388 [DTC],+,355.0,358.0,43.0
62093,STARLINK-11345 [DTC],+,355.0,358.0,43.0
62094,STARLINK-11381 [DTC],+,355.0,358.0,43.0
62095,STARLINK-11369 [DTC],+,354.0,358.0,43.0
62096,STARLINK-11303 [DTC],+,356.0,357.0,43.0
62097,STARLINK-11367 [DTC],+,356.0,357.0,43.0
62098,STARLINK-11386 [DTC],+,355.0,358.0,43.0
62099,STARLINK-11380 [DTC],+,355.0,357.0,43.0
62100,STARLINK-33566,+,482.0,484.0,43.01
62101,STARLINK-33545,+,482.0,484.0,43.0
62102,STARLINK-33562,+,482.0,484.0,43.0
62103,STARLINK-33554,+,482.0,484.0,43.0
62104,STARLINK-33555,+,482.0,484.0,43.0
62107,STARLINK-33559,+,482.0,484.0,43.0
62108,STARLINK-33553,+,482.0,484.0,43.0
62109,STARLINK-33556,+,482.0,484.0,43.0
62110,STARLINK-33551,+,481.0,485.0,43.0
62111,GUANGCHUAN 01,+,516.0,526.0,49.94
62112,GUANGCHUAN 02,+,516.0,525.0,49.94
62114,STARLINK-32311,+,482.0,484.0,43.0
62115,STARLINK-32470,+,482.0,484.0,43.0
62116,STARLINK-32502,+,481.0,485.0,43.01
62117,STARLINK-32521,+,482.0,484.0,43.0
62118,STARLINK-32549,+,482.0,484.0,43.0
62119,STARLINK-32535,+,482.0,484.0,43.0
62120,STARLINK-32548,+,482.0,484.0,43.0
62121,STARLINK-32525,+,482.0,484.0,43.0
62122,STARLINK-32628,+,481.0,484.0,43.0
62123,STARLINK-32626,+,482.0,484.0,43.0
62124,STARLINK-32608,+,482.0,484.0,43.0
62125,STARLINK-32488,+,482.0,484.0,43.0
62126,STARLINK-32490,+,482.0,484.0,43.01
62127,STARLINK-32557,+,481.0,485.0,43.01
62128,STARLINK-32568,+,482.0,484.0,43.0
62129,STARLINK-32462,+,482.0,484.0,43.0
62130,STARLINK-32463,+,482.0,484.0,43.0
62131,STARLINK-32550,+,482.0,484.0,43.0
62132,STARLINK-32507,+,482.0,484.0,43.0
62133,STARLINK-32245,+,482.0,484.0,43.0
62134,STARLINK-32546,+,483.0,484.0,43.0
62135,STARLINK-32545,+,482.0,484.0,43.0
62136,STARLINK-32554,+,481.0,485.0,43.0
62137,STARLINK-32570,+,482.0,484.0,43.0
62138,KONDOR-FKA NO. 2,+,505.0,508.0,97.44
62139,STARLINK-32529,+,482.0,484.0,43.0
62140,STARLINK-32464,+,482.0,484.0,43.0
62141,STARLINK-32482,+,482.0,484.0,43.0
62142,STARLINK-32454,+,482.0,484.0,43.0
62143,STARLINK-32485,+,482.0,484.0,43.0
62144,STARLINK-32388,+,482.0,484.0,43.0
62145,STARLINK-32374,+,482.0,484.0,43.0
62146,STARLINK-32384,+,482.0,484.0,43.0
62147,STARLINK-32295,+,482.0,484.0,43.0
62148,STARLINK-32479,+,482.0,484.0,43.0
62149,STARLINK-32468,+,482.0,484.0,43.0
62150,STARLINK-32629,+,482.0,484.0,43.0
62151,STARLINK-32644,+,482.0,484.0,43.0
62152,STARLINK-32623,+,482.0,484.0,43.0
62153,STARLINK-32639,+,482.0,484.0,43.0
62154,STARLINK-32625,+,483.0,483.0,43.0
62155,STARLINK-32635,+,482.0,484.0,43.0
62156,STARLINK-32532,+,481.0,485.0,43.01
62157,STARLINK-32503,+,482.0,484.0,43.0
62158,STARLINK-32508,+,482.0,484.0,43.0
62159,STARLINK-32524,+,482.0,484.0,43.0
62160,STARLINK-32484,+,482.0,484.0,43.0
62161,STARLINK-32497,+,482.0,484.0,43.0
62162,STARLINK-32526,+,481.0,485.0,43.01
62163,USA 438,+,575.0,579.0,70.03
62164,USA 439,+,575.0,579.0,70.03
62165,STARLINK-32523,+,570.0,574.0,70.0
62166,STARLINK-32551,+,571.0,573.0,70.0
62167,STARLINK-32506,+,570.0,574.0,70.0
62168,STARLINK-32562,+,570.0,574.0,70.0
62169,STARLINK-32558,+,570.0,574.0,70.0
6217,OPS 8180 (STP RADSAT),,651.0,664.0,98.66
62170,STARLINK-32538,+,570.0,574.0,70.0
62171,STARLINK-32257,+,570.0,574.0,70.0
62172,STARLINK-32407,+,570.0,574.0,70.0
62173,STARLINK-32575,+,570.0,574.0,70.0
62174,STARLINK-32552,+,571.0,574.0,70.0
62175,STARLINK-32534,+,570.0,574.0,70.0
62176,STARLINK-32516,+,570.0,574.0,70.0
62177,STARLINK-32542,+,570.0,574.0,70.0
62178,STARLINK-32600,+,570.0,574.0,70.0
62179,STARLINK-32584,+,570.0,574.0,70.0
62180,STARLINK-32587,+,570.0,574.0,70.0
62181,STARLINK-32602,+,570.0,574.0,70.0
62182,STARLINK-32565,+,570.0,574.0,70.0
62183,STARLINK-32589,+,570.0,574.0,70.0
62184,STARLINK-32581,+,570.0,574.0,70.0
62185,OBJECT A,+,993.0,1077.0,50.01
62186,OBJECT B,+,1095.0,1112.0,50.0
62188,TJS-13,+,1660.0,38692.0,63.82
62190,HAISHAO-1,+,370.0,375.0,42.98
62192,STARLINK-32686,+,482.0,484.0,43.0
62193,STARLINK-32688,+,482.0,484.0,43.0
62194,STARLINK-32684,+,482.0,484.0,43.0
62195,STARLINK-32672,+,482.0,484.0,43.0
62196,STARLINK-32682,+,483.0,483.0,43.0
62197,STARLINK-32663,+,482.0,484.0,43.0
62198,STARLINK-32640,+,481.0,485.0,43.01
62199,STARLINK-32653,+,482.0,484.0,43.0
62200,STARLINK-32647,+,482.0,484.0,43.0
62201,STARLINK-32667,+,482.0,484.0,43.0
62202,STARLINK-32655,+,482.0,484.0,43.0
62203,STARLINK-32665,+,482.0,484.0,43.0
62204,STARLINK-32664,P,329.0,369.0,42.99
62205,STARLINK-32660,+,482.0,484.0,43.0
62206,STARLINK-32448,+,482.0,484.0,43.0
62207,STARLINK-32430,+,482.0,484.0,43.0
62208,STARLINK-32675,+,483.0,483.0,43.0
62209,STARLINK-32671,+,482.0,484.0,43.0
62210,STARLINK-32670,+,482.0,484.0,43.0
62211,STARLINK-32642,+,482.0,484.0,43.0
62212,STARLINK-32668,+,482.0,484.0,43.0
62213,STARLINK-32669,+,482.0,484.0,43.0
62214,STARLINK-32666,+,482.0,484.0,43.0
62215,STARLINK-32662,+,482.0,484.0,43.0
62216,COSMOS 2580,+,901.0,909.0,67.14
62218,STARLINK-11394 [DTC],+,359.0,360.0,53.16
62219,STARLINK-11490 [DTC],+,359.0,360.0,53.16
62220,STARLINK-11466 [DTC],+,359.0,360.0,53.16
62221,STARLINK-11468 [DTC],+,359.0,361.0,53.16
62222,STARLINK-11488 [DTC],+,359.0,360.0,53.16
62223,STARLINK-11483 [DTC],+,359.0,361.0,53.16
62224,STARLINK-11492 [DTC],+,359.0,361.0,53.16
62225,STARLINK-11471 [DTC],+,358.0,361.0,53.16
62226,STARLINK-11475 [DTC],+,359.0,361.0,53.16
62227,STARLINK-11469 [DTC],+,359.0,360.0,53.16
62228,STARLINK-11476 [DTC],+,359.0,361.0,53.16
62229,STARLINK-11485 [DTC],+,359.0,360.0,53.16
62230,STARLINK-11481 [DTC],+,359.0,360.0,53.16
62231,STARLINK-32650,+,470.0,471.0,53.16
62232,STARLINK-32636,+,474.0,476.0,53.16
62233,STARLINK-32643,+,470.0,472.0,53.16
62234,STARLINK-32652,+,470.0,471.0,53.16
62235,STARLINK-32631,+,470.0,472.0,53.16
62236,STARLINK-32641,+,474.0,476.0,53.16
62238,QIANFAN-37,+,1067.0,1070.0,89.01
62239,QIANFAN-38,+,1057.0,1080.0,89.01
62240,QIANFAN-39,P,796.0,817.0,89.01
62241,QIANFAN-40,+,1058.0,1079.0,89.02
62242,QIANFAN-41,+,1058.0,1079.0,89.01
62243,QIANFAN-42,P,800.0,820.0,89.01
62244,QIANFAN-43,+,1057.0,1080.0,89.01
62245,QIANFAN-44,+,1058.0,1079.0,89.01
62246,QIANFAN-45,+,1058.0,1079.0,89.01
62247,QIANFAN-46,+,1058.0,1079.0,89.01
62248,QIANFAN-47,+,1057.0,1080.0,89.01
62249,QIANFAN-48,+,1056.0,1081.0,89.01
62250,QIANFAN-49,+,1058.0,1079.0,89.01
62251,QIANFAN-50,+,1057.0,1080.0,89.01
62252,QIANFAN-51,+,1059.0,1078.0,89.01
62253,QIANFAN-52,+,1057.0,1080.0,89.01
62254,QIANFAN-53,+,1058.0,1079.0,89.01
62255,QIANFAN-54,+,1067.0,1070.0,89.01
62256,PROBA-3 CSC,+,1032.0,60173.0,59.75
62258,PROBA-3 OSC,+,1032.0,60174.0,59.75
62261,SENTINEL-1C,+,695.0,697.0,98.18
62262,STARLINK-32632,+,470.0,471.0,53.16
62267,STARLINK-11496 [DTC],+,355.0,357.0,43.0
62268,STARLINK-11501 [DTC],+,355.0,357.0,43.0
62269,STARLINK-11491 [DTC],+,355.0,358.0,43.0
62270,STARLINK-11479 [DTC],+,356.0,357.0,43.0
62271,STARLINK-11489 [DTC],+,355.0,358.0,43.0
62272,STARLINK-11494 [DTC],+,355.0,358.0,43.0
62273,STARLINK-11333 [DTC],+,355.0,358.0,43.0
62274,STARLINK-11504 [DTC],+,356.0,357.0,43.0
62275,STARLINK-11495 [DTC],+,355.0,357.0,43.0
62276,STARLINK-11498 [DTC],+,356.0,358.0,43.0
62277,STARLINK-11484 [DTC],+,353.0,358.0,43.0
62278,STARLINK-11487 [DTC],+,356.0,357.0,43.0
62279,STARLINK-11499 [DTC],+,354.0,358.0,43.0
62280,STARLINK-33548,+,483.0,483.0,43.0
62281,STARLINK-33544,+,482.0,484.0,43.01
62282,STARLINK-33560,+,482.0,484.0,43.0
62283,STARLINK-33547,+,482.0,484.0,43.01
62284,STARLINK-33563,+,482.0,484.0,43.0
62285,STARLINK-33550,+,482.0,484.0,43.0
62286,STARLINK-33564,+,483.0,483.0,43.0
62287,STARLINK-33546,+,482.0,484.0,43.0
62288,STARLINK-33565,+,482.0,484.0,43.0
62289,STARLINK-33549,+,481.0,486.0,43.01
62290,GJZ 01,+,970.0,991.0,59.91
62291,GJZ 02,+,976.0,986.0,59.92
62292,GJZ 03,+,963.0,999.0,59.91
62293,GJZ 04,+,966.0,996.0,59.91
62294,GJZ 05,+,965.0,997.0,59.91
62301,STARLINK-32648,+,462.0,464.0,53.16
62302,STARLINK-32594,+,462.0,464.0,53.16
62303,STARLINK-32621,+,462.0,463.0,53.16
62304,STARLINK-32597,+,462.0,464.0,53.16
62305,STARLINK-32649,+,462.0,463.0,53.16
62306,STARLINK-32633,+,462.0,463.0,53.16
62307,STARLINK-32646,+,462.0,463.0,53.16
62308,STARLINK-32706,+,462.0,464.0,53.16
62309,STARLINK-32678,+,435.0,442.0,53.15
62310,STARLINK-32696,+,462.0,464.0,53.16
62311,STARLINK-32700,+,462.0,464.0,53.16
62312,STARLINK-32698,+,462.0,464.0,53.16
62313,STARLINK-32634,+,462.0,464.0,53.16
62314,STARLINK-32651,+,462.0,463.0,53.16
62315,STARLINK-32627,+,461.0,464.0,53.16
62316,STARLINK-32596,+,462.0,463.0,53.16
62317,STARLINK-32519,+,470.0,472.0,53.16
62319,STARLINK-32527,+,470.0,472.0,53.16
62320,STARLINK-32481,+,475.0,476.0,53.16
62321,STARLINK-32645,+,462.0,463.0,53.16
62322,STARLINK-32654,+,462.0,463.0,53.16
62323,HULIANWANG DIGUI-01,+,1166.0,1169.0,86.5
62324,HULIANWANG DIGUI-02,+,1166.0,1169.0,86.51
62325,HULIANWANG DIGUI-03,+,1166.0,1169.0,86.5
62326,HULIANWANG DIGUI-04,+,1166.0,1169.0,86.5
62327,HULIANWANG DIGUI-05,+,1166.0,1169.0,86.51
62328,HULIANWANG DIGUI-06,+,1166.0,1170.0,86.5
62329,HULIANWANG DIGUI-07,+,1166.0,1169.0,86.5
62330,HULIANWANG DIGUI-08,+,1166.0,1169.0,86.51
62331,HULIANWANG DIGUI-09,+,1166.0,1169.0,86.5
62332,HULIANWANG DIGUI-10,+,1166.0,1169.0,86.51
62333,PIESAT-2 09,+,520.0,522.0,97.53
62334,PIESAT-2 10,+,519.0,522.0,97.54
62335,PIESAT-2 11,+,519.0,523.0,97.53
62336,PIESAT-2 12,+,519.0,523.0,97.53
62340,USA 441,+,575.0,580.0,70.03
62341,USA 442,+,575.0,579.0,70.03
62342,USA 443,+,574.0,580.0,70.03
62343,USA 444,+,575.0,580.0,70.03
62344,USA 445,+,574.0,580.0,70.03
62345,USA 446,+,575.0,579.0,70.03
62346,USA 447,+,575.0,580.0,70.03
62347,USA 448,+,574.0,580.0,70.03
62348,USA 449,+,574.0,580.0,70.03
62349,USA 450,+,575.0,580.0,70.03
6235,NOAA 2 (ITOS-D),-,1448.0,1455.0,102.01
62350,USA 451,+,574.0,580.0,70.03
62351,USA 452,+,574.0,580.0,70.03
62352,USA 453,+,574.0,580.0,70.03
62353,USA 454,+,574.0,580.0,70.03
62354,USA 455,+,575.0,579.0,70.03
62355,USA 456,+,575.0,579.0,70.03
62356,USA 457,+,575.0,579.0,70.03
62357,USA 458,+,574.0,580.0,70.03
62358,USA 459,+,574.0,580.0,70.03
62359,USA 460,+,575.0,579.0,70.03
6236,OSCAR 6 (AO-6),-,1448.0,1455.0,101.99
62360,USA 461,+,575.0,579.0,70.03
62361,USA 462,+,575.0,579.0,70.03
62365,TIANQI-33,+,891.0,902.0,44.98
62366,TIANQI-34,+,894.0,899.0,44.98
62367,TIANQI-35,+,890.0,903.0,44.99
62368,TIANQI-36,+,891.0,902.0,44.99
62377,KORSAT-2,+,569.0,572.0,45.41
62378,TANSTAAFL-2,+,472.0,476.0,44.99
62379,HAWK-11B,+,470.0,476.0,45.02
62380,BANDWAGON-2 OBJECT D,+,467.0,473.0,44.99
62381,HAWK-11C,+,469.0,476.0,45.0
62382,HAWK-11A,+,469.0,476.0,44.99
62383,LIZZIESAT-2 (LS-2),+,472.0,476.0,44.99
62384,ICEYE-X49,+,525.0,526.0,45.0
62385,BANDWAGON-2 OBJECT J,+,392.0,401.0,45.0
62386,TOMORROW-S4,+,474.0,478.0,44.98
62387,BANDWAGON-2 OBJECT L,+,384.0,394.0,44.99
62388,GITAI-SC1,+,499.0,501.0,45.0
62389,ICEYE-X47,+,523.0,527.0,45.0
62390,BANDWAGON-2 OBJECT P,+,513.0,515.0,45.0
62391,LASARSAT,+,410.0,421.0,44.97
62392,TOMORROW-S3,+,474.0,479.0,45.0
62394,CROCUBE,+,403.0,414.0,44.97
62395,BANDWAGON-2 OBJECT U,+,407.0,414.0,44.99
62396,BANDWAGON-2 OBJECT V,+,387.0,396.0,44.99
62399,BANDWAGON-2 OBJECT Y,+,404.0,411.0,44.99
62400,XCUBE-1,+,472.0,477.0,45.0
62401,CTC-0,+,437.0,446.0,44.97
62402,DJIBOUTI-1B,+,372.0,383.0,44.97
62403,BANDWAGON-2 OBJECT AC,+,439.0,445.0,45.0
62404,BANDWAGON-2 OBJECT AD,+,390.0,399.0,44.99
62405,BANDWAGON-2 OBJECT AE,+,340.0,353.0,44.97
62406,STRIX-2,+,526.0,549.0,97.63
62409,STARLINK-11444 [DTC],+,355.0,358.0,43.0
62410,STARLINK-11493 [DTC],+,353.0,360.0,43.0
62411,STARLINK-11453 [DTC],+,355.0,358.0,43.0
62413,STARLINK-11441 [DTC],+,355.0,357.0,43.0
62414,STARLINK-11445 [DTC],+,355.0,358.0,43.0
62415,STARLINK-11355 [DTC],+,355.0,358.0,43.0
62416,STARLINK-11446 [DTC],+,354.0,358.0,43.0
62417,STARLINK-11428 [DTC],+,355.0,358.0,43.0
62418,STARLINK-11447 [DTC],+,355.0,357.0,43.0
62420,STARLINK-11434 [DTC],+,354.0,358.0,43.0
62421,STARLINK-11461 [DTC],+,356.0,357.0,43.0
62422,STARLINK-32692,+,482.0,484.0,43.0
62423,STARLINK-32680,+,482.0,484.0,43.0
62424,STARLINK-32638,+,481.0,485.0,43.0
62425,STARLINK-32283,+,482.0,484.0,43.0
62426,STARLINK-32676,+,481.0,485.0,43.01
62427,STARLINK-32659,+,483.0,483.0,43.0
62428,STARLINK-32614,+,482.0,484.0,43.0
62429,STARLINK-32418,+,482.0,484.0,43.0
62430,RESURS-P 5,+,467.0,470.0,97.28
62432,STARLINK-32702,+,462.0,463.0,53.16
62433,STARLINK-32712,+,462.0,463.0,53.16
62434,STARLINK-32674,+,462.0,463.0,53.16
62435,STARLINK-32711,+,465.0,466.0,53.16
62436,STARLINK-32697,+,464.0,466.0,53.16
62437,STARLINK-32693,+,461.0,464.0,53.16
62438,STARLINK-32721,+,462.0,464.0,53.16
62439,STARLINK-32709,+,462.0,464.0,53.16
62440,STARLINK-32689,+,462.0,463.0,53.16
62441,STARLINK-32724,+,462.0,463.0,53.16
62442,STARLINK-32291,+,475.0,475.0,53.16
62443,STARLINK-32736,+,465.0,465.0,53.16
62444,STARLINK-32737,+,462.0,463.0,53.16
62445,STARLINK-32683,+,462.0,464.0,53.16
62446,STARLINK-32726,+,462.0,463.0,53.16
62448,STARLINK-32719,+,462.0,464.0,53.16
62449,STARLINK-32723,+,462.0,463.0,53.16
62450,STARLINK-32722,+,462.0,463.0,53.16
62451,STARLINK-32720,+,462.0,464.0,53.16
62452,STARLINK-32656,+,462.0,463.0,53.16
62453,STARLINK-32690,+,462.0,463.0,53.16
62459,SDX01,+,319.0,325.0,54.99
62460,SDX02,+,320.0,326.0,54.99
62462,STARLINK-11518 [DTC],+,354.0,358.0,43.0
62463,STARLINK-11455 [DTC],+,353.0,360.0,43.0
62465,STARLINK-11178 [DTC],+,355.0,358.0,43.0
62466,STARLINK-11506 [DTC],+,356.0,357.0,43.0
62467,STARLINK-11486 [DTC],+,355.0,358.0,43.0
62468,STARLINK-11511 [DTC],+,355.0,358.0,43.0
62469,STARLINK-11505 [DTC],+,355.0,357.0,43.0
62470,STARLINK-11497 [DTC],+,355.0,358.0,43.0
62471,STARLINK-11477 [DTC],+,355.0,358.0,43.0
62472,STARLINK-11500 [DTC],+,356.0,357.0,43.0
62473,STARLINK-11464 [DTC],+,355.0,357.0,43.0
62474,STARLINK-11502 [DTC],+,354.0,359.0,43.0
62475,STARLINK-32657,+,483.0,483.0,43.0
62476,STARLINK-32734,+,482.0,484.0,43.0
62477,STARLINK-32733,+,482.0,484.0,43.0
62478,STARLINK-32707,+,482.0,484.0,43.01
62479,STARLINK-32705,+,482.0,484.0,43.0
62480,STARLINK-32743,+,482.0,484.0,43.0
62481,STARLINK-32753,+,482.0,484.0,43.0
62482,STARLINK-32699,+,482.0,484.0,43.0
62487,STARLINK-32713,+,482.0,484.0,43.0
62488,STARLINK-32732,+,482.0,484.0,43.0
62489,STARLINK-32328,+,482.0,484.0,43.0
62490,STARLINK-32332,+,482.0,484.0,43.0
62491,STARLINK-32717,+,481.0,485.0,43.0
62492,STARLINK-32757,+,482.0,484.0,43.0
62493,STARLINK-32731,+,482.0,484.0,43.0
62494,STARLINK-32694,+,482.0,484.0,43.0
62495,STARLINK-32708,+,482.0,484.0,43.0
62496,STARLINK-32718,+,483.0,484.0,43.0
62497,STARLINK-32729,+,482.0,484.0,43.0
62498,STARLINK-32739,+,482.0,484.0,43.0
62499,STARLINK-32714,+,482.0,484.0,43.0
62500,STARLINK-32685,+,482.0,484.0,43.0
62501,STARLINK-32691,+,482.0,484.0,43.0
62502,STARLINK-32788,+,483.0,484.0,43.0
62503,STARLINK-32768,+,482.0,484.0,43.0
62504,STARLINK-32792,+,482.0,484.0,43.0
62505,STARLINK-32725,+,482.0,484.0,43.0
62506,STARLINK-32681,+,482.0,484.0,43.0
62507,STARLINK-32679,+,482.0,484.0,43.0
62508,STARLINK-32749,+,482.0,484.0,43.01
62509,STARLINK-32744,+,483.0,483.0,43.0
62510,STARLINK-32701,+,482.0,484.0,43.0
62511,STARLINK-11452 [DTC],+,356.0,357.0,43.0
62512,STARLINK-11443 [DTC],+,355.0,357.0,43.0
62513,STARLINK-11440 [DTC],+,356.0,357.0,43.0
62514,STARLINK-11514 [DTC],+,355.0,357.0,43.0
62515,STARLINK-11508 [DTC],+,356.0,357.0,43.0
62516,STARLINK-11510 [DTC],+,354.0,358.0,43.0
62517,STARLINK-11512 [DTC],+,355.0,358.0,43.0
62518,STARLINK-11450 [DTC],+,355.0,357.0,43.0
62519,STARLINK-11507 [DTC],+,355.0,358.0,43.0
62520,STARLINK-11482 [DTC],+,354.0,359.0,43.0
62521,STARLINK-11528 [DTC],+,356.0,357.0,43.0
62522,STARLINK-11516 [DTC],+,355.0,358.0,43.0
62523,STARLINK-11527 [DTC],+,356.0,357.0,43.0
62524,STARLINK-32748,+,482.0,484.0,43.0
62525,STARLINK-32777,+,482.0,484.0,43.0
62526,STARLINK-32741,+,482.0,484.0,43.0
62527,STARLINK-32754,+,482.0,484.0,43.0
62528,STARLINK-32786,+,482.0,484.0,43.0
62529,STARLINK-32789,+,481.0,485.0,43.01
62530,STARLINK-32791,+,482.0,484.0,43.0
62531,STARLINK-32785,+,482.0,484.0,43.01
62532,USA 463,+,575.0,579.0,70.03
62533,USA 464,+,575.0,579.0,70.03
62534,USA 465,+,575.0,579.0,70.03
62535,USA 466,+,575.0,579.0,70.03
62536,USA 467,+,575.0,579.0,70.03
62537,USA 468,+,575.0,579.0,70.03
62538,USA 469,+,575.0,579.0,70.03
62539,USA 470,+,575.0,579.0,70.03
62540,USA 471,+,575.0,579.0,70.03
62541,USA 472,+,575.0,579.0,70.03
62542,USA 473,+,575.0,579.0,70.03
62543,USA 474,+,575.0,579.0,70.03
62544,USA 475,+,575.0,579.0,70.03
62545,USA 476,+,575.0,579.0,70.03
62546,USA 477,+,575.0,579.0,70.03
62547,USA 478,+,575.0,579.0,70.03
62548,USA 479,+,575.0,579.0,70.03
62549,USA 480,+,575.0,579.0,70.03
62550,USA 481,+,575.0,579.0,70.03
62551,USA 482,+,575.0,579.0,70.03
62552,USA 483,+,575.0,580.0,70.03
62553,USA 484,+,575.0,579.0,70.03
62554,STARLINK-11538 [DTC],+,355.0,358.0,43.0
62555,STARLINK-11534 [DTC],+,355.0,358.0,43.0
62556,STARLINK-11515 [DTC],+,355.0,358.0,43.0
62557,STARLINK-11478 [DTC],+,354.0,358.0,43.0
62558,STARLINK-11358 [DTC],+,355.0,358.0,43.0
62559,STARLINK-11517 [DTC],+,354.0,358.0,43.0
6256,METEOR 1-13,,843.0,879.0,81.27
62560,STARLINK-11519 [DTC],+,355.0,358.0,43.0
62561,STARLINK-11451 [DTC],+,355.0,357.0,43.0
62562,STARLINK-11530 [DTC],+,355.0,358.0,43.0
62563,STARLINK-11536 [DTC],+,355.0,357.0,43.0
62564,STARLINK-11540 [DTC],+,354.0,357.0,43.0
62565,STARLINK-11523 [DTC],+,355.0,357.0,43.0
62566,STARLINK-11525 [DTC],+,355.0,358.0,43.0
62567,STARLINK-32752,+,481.0,485.0,43.0
62568,STARLINK-32760,+,482.0,484.0,43.0
62569,STARLINK-32715,+,482.0,484.0,43.0
62570,STARLINK-32764,+,482.0,484.0,43.01
62571,STARLINK-32773,+,482.0,484.0,43.0
62572,STARLINK-32750,+,482.0,484.0,43.0
62573,STARLINK-32771,+,482.0,484.0,43.0
62574,STARLINK-32766,+,482.0,484.0,43.0
62576,CENTISPACE-1 S7,+,953.0,970.0,54.98
62577,CENTISPACE-1 S8,+,953.0,970.0,54.98
62578,CENTISPACE-1 S9,+,954.0,969.0,54.98
62579,CENTISPACE-1 S10,+,955.0,969.0,54.99
62580,CENTISPACE-1 S11,+,955.0,968.0,54.98
62581,CENTISPACE-1 S12,+,952.0,971.0,54.98
62582,CENTISPACE-1 S13,+,955.0,969.0,54.98
62583,CENTISPACE-1 S14,+,955.0,969.0,54.98
62584,CENTISPACE-1 S15,+,953.0,971.0,54.99
62585,CENTISPACE-1 S16,+,954.0,970.0,54.99
62587,STARLINK-11547 [DTC],+,356.0,357.0,43.0
62588,STARLINK-11185 [DTC],+,355.0,357.0,43.0
62589,STARLINK-11513 [DTC],+,355.0,357.0,43.0
62590,STARLINK-11397 [DTC],+,356.0,358.0,43.0
62591,STARLINK-11420 [DTC],+,355.0,357.0,43.0
62592,STARLINK-11415 [DTC],+,356.0,357.0,43.0
62593,STARLINK-11413 [DTC],+,356.0,357.0,43.0
62595,STARLINK-11535 [DTC],+,355.0,357.0,43.0
62597,STARLINK-11521 [DTC],+,356.0,357.0,43.0
62598,STARLINK-11258 [DTC],+,355.0,358.0,43.0
62599,STARLINK-11529 [DTC],+,355.0,358.0,43.0
62600,STARLINK-32747,+,482.0,484.0,43.0
62601,STARLINK-32767,+,482.0,484.0,43.0
62602,STARLINK-32769,+,482.0,484.0,43.0
62603,STARLINK-32778,+,482.0,484.0,43.0
62604,STARLINK-32710,+,482.0,484.0,43.0
62605,STARLINK-32742,+,481.0,485.0,43.0
62606,STARLINK-32783,+,482.0,485.0,43.0
62607,STARLINK-32784,P,345.0,386.0,42.99
62609,BUZZER-1,+,493.0,506.0,97.39
62610,EDISON-1,+,462.0,471.0,97.4
62611,BALKAN-1,+,483.0,494.0,97.39
62612,GESAT GEN1,+,476.0,479.0,97.4
62613,FLOCK 4G-8,+,469.0,477.0,97.4
62615,TRANSPORTER-12 OBJECT G,+,481.0,492.0,97.39
62616,INNOCUBE (TUBSAT-31),+,479.0,489.0,97.39
62617,SCOT-1 (SCOT),+,377.0,379.0,97.38
62618,AE1D,+,330.0,333.0,97.39
62619,IRIS-F3,+,477.0,488.0,97.4
6262,COSMOS 528,,1366.0,1467.0,74.03
62620,TRANSPORTER-12 OBJECT M,+,327.0,331.0,97.38
62621,FLOCK 4G-13,P,399.0,402.0,97.39
62622,FLOCK 4G-9,+,474.0,483.0,97.39
62623,OTTER,+,469.0,477.0,97.4
62624,FLOCK 4G-7,+,471.0,477.0,97.39
62625,FLOCK 4G-12,+,471.0,478.0,97.4
62626,MBZ-SAT,+,508.0,517.0,97.39
62627,RAY 1.0,+,496.0,509.0,97.39
62628,ION SCV-016,+,305.0,1123.0,97.43
62629,FLOCK 4G-11,+,471.0,477.0,97.39
62630,ION SCV-014,+,548.0,552.0,97.48
62631,PELICAN-2,+,443.0,445.0,97.2
62632,SIGI,+,487.0,493.0,97.4
62633,FLOCK 4G-26,+,470.0,477.0,97.4
62634,FLOCK 4G-28,P,456.0,461.0,97.4
62635,GARAI-A,+,508.0,513.0,97.39
62636,FLOCK 4G-20,-,361.0,366.0,97.38
62637,FLOCK 4G-24,P,470.0,476.0,97.4
62638,FLOCK 4G-16,-,299.0,307.0,97.37
62639,FLOCK 4G-3,+,471.0,477.0,97.4
6264,COSMOS 529,,1402.0,1467.0,74.03
62640,NUSAT-45 (UZMASAT-1),+,474.0,480.0,97.36
62641,FLOCK 4G-27,+,472.0,477.0,97.39
62642,FLOCK 4G-29,P,469.0,473.0,97.4
62644,ANSER LEADER-S,+,401.0,405.0,97.4
62645,FLOCK 4G-22,+,472.0,477.0,97.4
62646,FLOCK 4G-25,+,472.0,476.0,97.4
62647,FLOCK 4G-23,P,452.0,455.0,97.39
62648,LIME,+,467.0,472.0,97.39
62649,AE1C,+,417.0,421.0,97.4
6265,COSMOS 530,,1331.0,1468.0,74.03
62650,FLOCK 4G-34,P,472.0,478.0,97.39
62651,FLOCK 4G-21,P,458.0,462.0,97.4
62652,FLOCK 4G-31,+,473.0,477.0,97.39
62653,PAUSAT-1,+,492.0,496.0,97.39
62654,BRO-16,+,490.0,495.0,97.4
62655,TRANSPORTER-12 OBJECT AY,+,432.0,434.0,97.4
62656,TRANSPORTER-12 OBJECT AZ,+,460.0,464.0,97.39
62657,TRANSPORTER-12 OBJECT BA,+,474.0,478.0,97.39
62658,TROLL,+,470.0,474.0,97.39
62659,FLOCK 4G-4,P,459.0,465.0,97.39
6266,COSMOS 531,,1420.0,1469.0,74.04
62660,FLOCK 4G-6,+,471.0,477.0,97.39
62661,FLOCK 4G-2,+,469.0,477.0,97.4
62663,FLOCK 4G-5,P,468.0,475.0,97.4
62664,LYRA-1,+,501.0,511.0,97.39
62665,JAY-D2,+,494.0,502.0,97.39
62666,FLOCK 4G-1,+,469.0,477.0,97.4
62667,FLOCK 4G-14,+,471.0,479.0,97.4
62668,JAY-C,+,493.0,502.0,97.39
62669,JAY-D1,+,493.0,502.0,97.4
6267,COSMOS 532,,1299.0,1467.0,74.04
62670,FLOCK 4G-10,+,470.0,478.0,97.39
62671,SKYBEE-A01,+,497.0,507.0,97.4
62672,TRANSPORTER-12 OBJECT BR,+,491.0,500.0,97.39
62673,LEO EXPRESS 2,+,499.0,501.0,97.42
62674,TRANSPORTER-12 OBJECT BT,+,467.0,476.0,97.4
62675,FLOCK 4G-36,+,470.0,479.0,97.4
62676,FOSSASAT-2E19 (TAT-E),+,497.0,506.0,97.39
62677,ELEVATION-1,+,427.0,434.0,97.38
62678,FLOCK 4G-15,+,470.0,478.0,97.4
62679,FLOCK 4G-30,P,453.0,459.0,97.39
6268,COSMOS 533,,1316.0,1467.0,74.03
62680,FLOCK 4G-18,P,457.0,466.0,97.4
62681,FLOCK 4G-17,+,469.0,478.0,97.39
62682,FOREST-3,+,485.0,494.0,97.39
62683,FLOCK 4G-35,-,432.0,439.0,97.39
62684,IRIS-F2,+,476.0,486.0,97.39
62685,FLOCK 4G-33,P,482.0,492.0,97.39
62686,FOSSASAT-2E18 (TAT-A),+,497.0,507.0,97.39
62688,BLUEBON,+,469.0,473.0,97.4
6269,COSMOS 534,,1348.0,1467.0,74.04
62691,TRANSPORTER-12 OBJECT CL,+,413.0,414.0,97.37
62694,LEMUR-2-WILSON,+,579.0,584.0,97.7
62695,CONNECTA IOT-8,+,585.0,590.0,97.7
62696,LEMUR-2-STAR-FOX,+,556.0,558.0,97.69
62697,IRIDE-MS2-HEO-1,+,581.0,586.0,97.7
62698,ICEYE-X42,+,592.0,593.0,97.74
62699,LEMUR-2-ARIANNA,+,556.0,557.0,97.68
6270,COSMOS 535,,1383.0,1469.0,74.04
62700,ICEYE-X41,+,574.0,578.0,97.7
62701,FIREFLY-1,+,586.0,593.0,97.7
62702,NORSAT 4,+,580.0,583.0,97.7
62703,CONNECTA IOT-5,+,583.0,586.0,97.7
62704,FIREFLY-2,+,585.0,593.0,97.7
62705,ICEYE-X45,+,564.0,565.0,97.85
62706,LEMUR-2-ALISIA,+,554.0,558.0,97.69
62707,ICEYE-X44,+,578.0,579.0,97.7
62708,CENTAURI-7,+,571.0,574.0,97.71
62709,CONNECTA IOT-6,+,584.0,584.0,97.7
62710,FIREFLY-3,+,588.0,591.0,97.7
62711,LEMUR-2-ROUNDTRIPPER,+,551.0,554.0,97.72
62712,LEMUR-2-MYNAMEISJEFF,+,551.0,553.0,97.73
62713,SATGUS,+,559.0,563.0,97.69
62714,CENTAURI-8,+,572.0,573.0,97.7
62715,CONNECTA IOT-7,+,584.0,586.0,97.7
62725,PRSC-EO1,+,508.0,517.0,97.42
62726,OBJECT B,+,494.0,508.0,97.42
62727,OBJECT C,+,474.0,485.0,97.42
62729,OBJECT A,+,444.0,456.0,97.64
62730,OBJECT B,+,521.0,541.0,97.66
62731,OBJECT C,+,521.0,542.0,97.66
62732,OBJECT D,+,525.0,537.0,97.66
62733,OBJECT E,+,525.0,538.0,97.66
62735,STARLINK-32806,+,482.0,484.0,43.0
62736,STARLINK-32329,+,483.0,483.0,43.0
62737,STARLINK-32774,+,482.0,484.0,43.0
62738,STARLINK-32802,+,482.0,484.0,43.0
62739,STARLINK-32796,+,481.0,485.0,43.0
62740,STARLINK-32805,+,482.0,484.0,43.0
62741,STARLINK-32770,+,482.0,484.0,43.0
62742,STARLINK-32775,+,482.0,484.0,43.0
62743,STARLINK-32800,+,480.0,486.0,43.0
62744,STARLINK-32758,+,482.0,484.0,43.0
62745,STARLINK-32746,+,482.0,484.0,43.0
62746,STARLINK-32780,+,482.0,484.0,43.0
62747,STARLINK-32765,+,481.0,485.0,43.0
62748,STARLINK-32762,+,482.0,484.0,43.0
62749,STARLINK-32761,+,482.0,484.0,43.0
6275,OPS 7323 (DMSP 5B F3),-,766.0,817.0,98.54
62750,STARLINK-32763,+,482.0,484.0,43.0
62751,STARLINK-32759,+,483.0,483.0,43.0
62752,STARLINK-32756,+,482.0,484.0,43.0
62753,STARLINK-32751,+,481.0,485.0,43.01
62754,STARLINK-32740,+,482.0,484.0,43.0
62755,STARLINK-32745,+,482.0,484.0,43.0
62756,USA 485,+,339.0,342.0,43.0
62757,USA 486,+,337.0,342.0,43.0
62758,STARLINK-33596,+,470.0,471.0,53.16
62759,STARLINK-33589,+,470.0,472.0,53.16
62760,STARLINK-33575,+,462.0,463.0,53.16
62761,STARLINK-33584,+,461.0,465.0,53.15
62762,STARLINK-33577,+,470.0,471.0,53.16
62763,STARLINK-33597,+,470.0,471.0,53.16
62764,STARLINK-33579,+,469.0,472.0,53.16
62765,STARLINK-33592,+,462.0,464.0,53.16
62766,STARLINK-33595,+,462.0,464.0,53.16
62767,STARLINK-33572,+,462.0,463.0,53.16
62768,STARLINK-33601,+,462.0,463.0,53.16
62769,STARLINK-33569,+,462.0,463.0,53.16
62770,STARLINK-33594,+,470.0,472.0,53.16
62771,STARLINK-33598,+,462.0,463.0,53.16
62772,STARLINK-33600,+,470.0,471.0,53.16
62773,STARLINK-33567,+,461.0,465.0,53.16
62774,STARLINK-33574,+,462.0,463.0,53.16
62775,STARLINK-33576,+,462.0,463.0,53.16
62776,STARLINK-33570,+,462.0,464.0,53.16
62777,STARLINK-33591,+,462.0,463.0,53.16
62778,STARLINK-33573,+,462.0,464.0,53.16
62779,STARLINK-33568,+,462.0,463.0,53.16
62780,STARLINK-33593,+,462.0,463.0,53.16
62781,STARLINK-33588,+,462.0,464.0,53.16
62782,STARLINK-33585,+,470.0,471.0,53.16
62783,STARLINK-33582,+,402.0,411.0,53.15
62784,STARLINK-33581,+,470.0,472.0,53.16
62785,QIANFAN-55,+,1056.0,1081.0,88.97
62786,QIANFAN-56,+,1057.0,1080.0,88.96
62787,QIANFAN-57,+,1067.0,1070.0,88.97
62788,QIANFAN-58,+,1059.0,1078.0,88.96
62789,QIANFAN-59,+,1058.0,1079.0,88.97
62790,QIANFAN-60,+,1057.0,1080.0,88.97
62791,QIANFAN-61,+,1058.0,1079.0,88.97
62792,QIANFAN-62,+,1057.0,1080.0,88.97
62793,QIANFAN-63,+,1057.0,1080.0,88.97
62794,QIANFAN-64,+,1059.0,1078.0,88.97
62795,QIANFAN-65,+,1059.0,1078.0,88.97
62796,QIANFAN-66,+,1058.0,1079.0,88.97
62797,QIANFAN-67,+,1058.0,1079.0,88.97
62798,QIANFAN-68,+,1058.0,1079.0,88.97
62799,QIANFAN-69,+,1057.0,1080.0,88.96
62800,QIANFAN-70,+,1058.0,1079.0,88.97
62801,QIANFAN-71,+,1057.0,1080.0,88.97
62802,QIANFAN-72,+,1055.0,1083.0,88.97
62806,STARLINK-32883,+,462.0,464.0,53.16
62807,STARLINK-32886,+,462.0,464.0,53.16
62808,STARLINK-32848,+,470.0,472.0,53.16
62809,STARLINK-32787,+,462.0,463.0,53.15
62810,STARLINK-32851,+,475.0,476.0,53.16
62811,STARLINK-32847,+,474.0,476.0,53.16
62812,STARLINK-32837,+,462.0,463.0,53.16
62813,STARLINK-32855,+,462.0,463.0,53.16
62814,STARLINK-32843,+,470.0,471.0,53.16
62815,STARLINK-32845,+,453.0,462.0,53.16
62816,STARLINK-32854,+,462.0,464.0,53.16
62817,STARLINK-32824,+,462.0,464.0,53.16
62818,STARLINK-32853,+,462.0,464.0,53.16
62819,STARLINK-32856,+,462.0,463.0,53.16
62820,STARLINK-32844,+,470.0,471.0,53.16
62821,STARLINK-32782,+,462.0,464.0,53.16
62822,STARLINK-32842,+,462.0,464.0,53.16
62824,STARLINK-32852,+,465.0,466.0,53.16
62825,STARLINK-32825,+,474.0,476.0,53.16
62826,STARLINK-32704,+,405.0,413.0,53.15
62828,STARLINK-32727,+,462.0,463.0,53.16
62829,STARLINK-11548 [DTC],+,355.0,358.0,43.0
62830,STARLINK-11480 [DTC],+,355.0,357.0,43.0
62831,STARLINK-11559 [DTC],+,353.0,359.0,43.0
62832,STARLINK-11549 [DTC],+,355.0,358.0,43.0
62833,STARLINK-11554 [DTC],+,354.0,359.0,43.0
62834,STARLINK-11520 [DTC],+,355.0,357.0,43.0
62835,STARLINK-11546 [DTC],+,354.0,359.0,43.0
62836,STARLINK-11533 [DTC],+,356.0,357.0,43.0
62837,STARLINK-11557 [DTC],+,355.0,358.0,43.0
62838,STARLINK-11556 [DTC],+,355.0,357.0,43.0
62839,STARLINK-11524 [DTC],+,353.0,359.0,43.0
62840,STARLINK-11551 [DTC],+,355.0,358.0,43.0
62841,STARLINK-11531 [DTC],+,355.0,357.0,43.0
62842,STARLINK-32755,+,482.0,484.0,43.0
62843,STARLINK-32797,+,482.0,484.0,43.0
62844,STARLINK-32794,+,482.0,484.0,43.0
62845,STARLINK-32807,+,482.0,484.0,43.0
62846,STARLINK-32804,+,482.0,484.0,43.0
62847,STARLINK-32799,+,482.0,484.0,43.0
62848,STARLINK-32781,+,482.0,484.0,43.0
62849,STARLINK-32809,+,482.0,483.0,43.0
62850,NVS-02 (IRNSS-1K),-,261.0,37223.0,20.48
62854,STARLINK-32868,+,462.0,463.0,53.16
62855,STARLINK-32867,+,462.0,463.0,53.16
62856,STARLINK-32860,+,462.0,464.0,53.16
62857,STARLINK-32873,+,462.0,464.0,53.16
62858,STARLINK-32866,+,462.0,464.0,53.16
62859,STARLINK-32869,+,462.0,464.0,53.16
62860,STARLINK-32831,+,462.0,463.0,53.16
62861,STARLINK-32859,+,462.0,464.0,53.16
62862,STARLINK-32864,+,462.0,463.0,53.16
62863,STARLINK-32808,+,461.0,464.0,53.16
62864,STARLINK-32862,+,461.0,464.0,53.16
62865,STARLINK-32841,+,462.0,464.0,53.16
62866,STARLINK-32695,+,462.0,464.0,53.16
62867,STARLINK-32846,+,462.0,464.0,53.16
62868,STARLINK-32822,+,461.0,464.0,53.16
62869,STARLINK-32813,+,462.0,464.0,53.16
62870,STARLINK-32861,+,462.0,464.0,53.16
62871,STARLINK-32814,+,462.0,463.0,53.16
62872,STARLINK-32849,+,462.0,464.0,53.16
62873,STARLINK-32833,+,462.0,464.0,53.16
62874,STARLINK-32793,+,462.0,464.0,53.16
62875,STARLINK-32834,+,462.0,464.0,53.16
62879,STARLINK-11371 [DTC],+,355.0,357.0,43.0
62880,STARLINK-11352 [DTC],+,356.0,357.0,43.0
62881,STARLINK-11382 [DTC],+,356.0,357.0,43.0
62882,STARLINK-11432 [DTC],+,355.0,357.0,43.0
62883,STARLINK-11419 [DTC],+,355.0,358.0,43.0
62884,STARLINK-11437 [DTC],+,355.0,357.0,43.0
62885,STARLINK-11442 [DTC],+,355.0,358.0,43.0
62886,STARLINK-11365 [DTC],+,355.0,357.0,43.0
62887,STARLINK-11436 [DTC],+,355.0,357.0,43.0
62888,STARLINK-11438 [DTC],+,355.0,358.0,43.0
62889,STARLINK-11391 [DTC],+,356.0,357.0,43.0
62890,STARLINK-11431 [DTC],+,354.0,359.0,43.0
62891,STARLINK-11435 [DTC],+,355.0,357.0,43.0
62892,STARLINK-32878,+,482.0,484.0,43.0
62893,STARLINK-32892,+,483.0,484.0,43.0
62894,STARLINK-32909,+,482.0,484.0,43.0
62895,STARLINK-32901,+,482.0,484.0,43.0
62896,STARLINK-32890,+,482.0,484.0,43.0
62897,STARLINK-32893,+,482.0,484.0,43.0
62898,STARLINK-32902,+,482.0,484.0,43.0
62899,STARLINK-32661,+,481.0,485.0,43.0
62900,LEGION 5,+,514.0,522.0,45.0
62901,LEGION 6,+,512.0,524.0,45.0
62902,COSMOS 2581,+,575.0,589.0,82.0
62903,COSMOS 2582,+,575.0,589.0,82.0
62904,COSMOS 2583,+,575.0,589.0,82.0
62907,STARLINK-11552 [DTC],+,354.0,359.0,43.0
62908,STARLINK-11561 [DTC],+,355.0,358.0,43.0
62909,STARLINK-11567 [DTC],+,355.0,358.0,43.0
62910,STARLINK-11569 [DTC],+,355.0,357.0,43.0
62911,STARLINK-11537 [DTC],+,355.0,358.0,43.0
62912,STARLINK-11565 [DTC],+,355.0,357.0,43.0
62913,STARLINK-11564 [DTC],+,355.0,358.0,43.0
62914,STARLINK-11566 [DTC],+,354.0,359.0,43.0
62915,STARLINK-11555 [DTC],+,355.0,358.0,43.0
62916,STARLINK-11430 [DTC],+,353.0,360.0,43.0
62917,STARLINK-11560 [DTC],+,355.0,358.0,43.0
62918,STARLINK-11562 [DTC],+,355.0,357.0,43.0
62919,STARLINK-11457 [DTC],+,355.0,358.0,43.0
62920,STARLINK-32921,+,479.0,480.0,43.0
62921,STARLINK-32917,+,481.0,485.0,43.0
62922,STARLINK-32916,+,482.0,484.0,43.0
62923,STARLINK-32905,+,482.0,484.0,43.0
62924,STARLINK-32871,+,482.0,484.0,43.0
62925,STARLINK-32920,+,482.0,484.0,43.0
62926,STARLINK-32922,+,482.0,484.0,43.0
62927,STARLINK-32891,+,482.0,484.0,43.0
62929,KINEIS-2C,+,646.0,653.0,98.12
62930,KINEIS-2D,+,640.0,645.0,97.92
62931,KINEIS-2E,+,637.0,639.0,97.89
62932,KINEIS-2A,+,647.0,652.0,98.13
62934,KINEIS-2B,+,648.0,651.0,97.96
62948,STARLINK-32728,+,462.0,463.0,53.16
62949,STARLINK-32857,+,462.0,464.0,53.16
62950,STARLINK-32850,+,470.0,472.0,53.16
62951,STARLINK-32875,+,462.0,463.0,53.16
62952,STARLINK-32865,+,470.0,472.0,53.16
62953,STARLINK-32884,+,462.0,464.0,53.16
62954,STARLINK-32874,+,462.0,464.0,53.16
62955,STARLINK-32880,+,466.0,467.0,53.16
62956,STARLINK-32815,+,462.0,464.0,53.16
62957,STARLINK-32879,+,470.0,471.0,53.16
62958,STARLINK-32885,+,461.0,464.0,53.16
62959,STARLINK-32896,+,462.0,464.0,53.16
62960,STARLINK-32877,+,462.0,464.0,53.16
62961,STARLINK-32889,+,462.0,464.0,53.16
62962,STARLINK-32858,+,462.0,464.0,53.16
62963,STARLINK-32882,+,462.0,463.0,53.16
62964,STARLINK-32887,+,462.0,464.0,53.15
62965,STARLINK-32836,+,462.0,463.0,53.16
62966,STARLINK-32888,+,462.0,463.0,53.16
62967,STARLINK-32897,+,462.0,463.0,53.16
62968,STARLINK-32863,+,470.0,471.0,53.16
62969,STARLINK-32894,+,461.0,464.0,53.16
62970,STARLINK-32826,+,462.0,464.0,53.16
62971,HULIANWANG DIGUI-11,+,1149.0,1150.0,50.0
62972,HULIANWANG DIGUI-12,+,1149.0,1150.0,50.0
62973,HULIANWANG DIGUI-13,+,1149.0,1150.0,50.0
62974,HULIANWANG DIGUI-14,+,1149.0,1150.0,50.01
62975,HULIANWANG DIGUI-15,+,1149.0,1150.0,50.01
62976,HULIANWANG DIGUI-16,+,1149.0,1150.0,50.01
62977,HULIANWANG DIGUI-17,+,1149.0,1150.0,50.01
62978,HULIANWANG DIGUI-18,+,1149.0,1150.0,50.01
62979,HULIANWANG DIGUI-19,+,1149.0,1150.0,50.01
62981,STARLINK-11543 [DTC],+,354.0,359.0,43.0
62982,STARLINK-11458 [DTC],+,355.0,358.0,43.0
62983,STARLINK-11417 [DTC],+,355.0,357.0,43.0
62984,STARLINK-11544 [DTC],+,355.0,358.0,43.0
62985,STARLINK-11582 [DTC],+,356.0,357.0,43.0
62986,STARLINK-11571 [DTC],+,355.0,357.0,43.0
62987,STARLINK-11539 [DTC],+,355.0,357.0,43.0
62988,STARLINK-11542 [DTC],+,355.0,358.0,43.0
62989,STARLINK-11573 [DTC],+,355.0,357.0,43.0
62990,STARLINK-11572 [DTC],+,355.0,358.0,43.0
62991,STARLINK-11583 [DTC],+,354.0,358.0,43.0
62992,STARLINK-11570 [DTC],+,356.0,357.0,43.0
62993,STARLINK-11576 [DTC],+,355.0,358.0,43.0
62994,STARLINK-32899,+,482.0,484.0,43.0
62995,STARLINK-32819,+,482.0,484.0,43.0
62996,STARLINK-32703,+,482.0,484.0,43.0
62997,STARLINK-32881,+,482.0,484.0,43.0
62998,STARLINK-32898,+,482.0,484.0,43.0
62999,STARLINK-32658,+,483.0,483.0,43.0
63000,STARLINK-32673,+,482.0,484.0,43.0
63001,STARLINK-32437,+,482.0,484.0,43.0
63003,FOSSASAT-2E20 (TAT-O),+,469.0,475.0,97.31
63005,STARLINK-11448 [DTC],+,354.0,357.0,43.0
63006,STARLINK-11553 [DTC],+,355.0,358.0,43.0
63007,STARLINK-11526 [DTC],+,355.0,357.0,43.0
63008,STARLINK-11405 [DTC],+,355.0,358.0,43.0
63009,STARLINK-11586 [DTC],+,356.0,357.0,43.0
63010,STARLINK-11574 [DTC],+,356.0,357.0,43.0
63011,STARLINK-11580 [DTC],+,355.0,358.0,43.0
63012,STARLINK-11449 [DTC],+,354.0,359.0,43.0
63013,STARLINK-11577 [DTC],+,355.0,357.0,43.0
63014,STARLINK-11578 [DTC],+,356.0,357.0,43.0
63015,STARLINK-11541 [DTC],+,354.0,359.0,43.0
63016,STARLINK-11545 [DTC],+,355.0,358.0,43.0
63017,STARLINK-11400 [DTC],+,356.0,358.0,43.0
63018,STARLINK-32870,+,482.0,484.0,43.01
63019,STARLINK-32872,+,482.0,484.0,43.0
63020,STARLINK-32677,+,482.0,484.0,43.0
63021,STARLINK-32929,+,482.0,484.0,43.0
63022,STARLINK-32944,+,482.0,484.0,43.0
63023,STARLINK-32943,+,482.0,484.0,43.0
63024,STARLINK-32803,+,482.0,484.0,43.0
63025,STARLINK-32926,+,482.0,484.0,43.0
63027,GLOBAL-31,+,439.0,458.0,59.0
63029,STARLINK-32798,+,462.0,463.0,53.16
63030,STARLINK-32779,+,462.0,463.0,53.16
63031,STARLINK-32716,+,462.0,464.0,53.15
63032,STARLINK-32776,+,462.0,464.0,53.16
63033,STARLINK-32772,+,470.0,471.0,53.16
63034,STARLINK-32830,+,469.0,472.0,53.16
63035,STARLINK-32801,+,462.0,464.0,53.16
63036,STARLINK-32818,+,470.0,472.0,53.16
63037,STARLINK-32810,+,462.0,464.0,53.16
63038,STARLINK-32812,+,469.0,472.0,53.16
63039,STARLINK-32811,+,462.0,464.0,53.16
63040,STARLINK-32832,+,470.0,472.0,53.16
63041,STARLINK-32820,+,462.0,474.0,53.16
63042,STARLINK-32795,+,462.0,464.0,53.16
63043,STARLINK-32827,+,462.0,464.0,53.16
63044,STARLINK-32735,+,462.0,463.0,53.16
63045,STARLINK-32828,+,462.0,463.0,53.16
63046,STARLINK-32738,+,461.0,464.0,53.16
63047,STARLINK-32590,+,470.0,472.0,53.16
63048,STARLINK-32790,+,462.0,464.0,53.16
63049,STARLINK-32829,+,461.0,464.0,53.16
6305,NIMBUS 5,-,1087.0,1100.0,99.8
63050,STARLINK-32816,+,462.0,464.0,53.16
63051,STARLINK-32835,+,462.0,463.0,53.16
63052,STARLINK-11550 [DTC],+,356.0,357.0,43.0
63053,STARLINK-11563 [DTC],+,355.0,357.0,43.0
63054,STARLINK-11347 [DTC],+,355.0,357.0,43.0
63055,STARLINK-11558 [DTC],+,355.0,358.0,43.0
63056,STARLINK-11392 [DTC],+,355.0,357.0,43.0
63057,STARLINK-11406 [DTC],+,356.0,357.0,43.0
63058,STARLINK-11418 [DTC],+,355.0,358.0,43.0
63059,STARLINK-11509 [DTC],+,355.0,358.0,43.0
63060,STARLINK-11403 [DTC],+,356.0,357.0,43.0
63061,STARLINK-11409 [DTC],+,355.0,358.0,43.0
63062,STARLINK-11412 [DTC],+,354.0,358.0,43.0
63063,STARLINK-11399 [DTC],+,355.0,357.0,43.0
63064,STARLINK-11408 [DTC],+,352.0,360.0,43.0
63065,STARLINK-33635,+,482.0,484.0,43.0
63066,STARLINK-33622,+,482.0,484.0,43.0
63067,STARLINK-33628,+,482.0,484.0,43.0
63068,STARLINK-33627,+,482.0,484.0,43.0
63069,STARLINK-33620,+,482.0,485.0,43.01
63070,STARLINK-33604,+,482.0,484.0,43.0
63071,STARLINK-33624,+,463.0,470.0,43.0
63072,STARLINK-33623,+,482.0,484.0,43.0
63073,STARLINK-33586,+,482.0,484.0,43.0
63074,STARLINK-33605,+,481.0,485.0,43.0
63077,STARLINK-32839,+,570.0,575.0,70.0
63078,STARLINK-32821,+,569.0,575.0,70.0
63079,STARLINK-32817,+,569.0,575.0,70.0
63080,STARLINK-32906,+,570.0,574.0,70.0
63081,STARLINK-32895,+,569.0,575.0,70.01
63082,STARLINK-32933,+,569.0,575.0,70.0
63083,STARLINK-32932,+,569.0,575.0,70.0
63084,STARLINK-32908,+,569.0,575.0,70.0
63085,STARLINK-32505,+,569.0,575.0,70.0
63086,STARLINK-32914,+,569.0,575.0,70.0
63087,STARLINK-32918,+,569.0,575.0,70.0
63088,STARLINK-32912,+,569.0,575.0,70.0
63089,STARLINK-32910,+,569.0,575.0,70.0
63090,STARLINK-32903,+,569.0,575.0,70.0
63091,STARLINK-32925,+,569.0,575.0,70.01
63092,STARLINK-32924,+,569.0,575.0,70.0
63093,STARLINK-32900,+,569.0,575.0,70.0
63094,STARLINK-32927,+,569.0,575.0,70.0
63095,STARLINK-32907,+,570.0,574.0,70.0
63096,STARLINK-32911,+,570.0,574.0,70.0
63097,STARLINK-32923,+,569.0,575.0,70.0
63098,STARLINK-32913,+,569.0,575.0,70.0
63104,STARLINK-11629 [DTC],+,353.0,359.0,43.0
63105,STARLINK-11624 [DTC],+,355.0,358.0,43.0
63106,STARLINK-11584 [DTC],+,355.0,357.0,43.0
63107,STARLINK-11627 [DTC],+,355.0,358.0,43.0
63108,STARLINK-11632 [DTC],+,354.0,358.0,43.0
63109,STARLINK-11625 [DTC],+,353.0,359.0,43.0
63110,STARLINK-11601 [DTC],+,356.0,357.0,43.0
63111,STARLINK-11630 [DTC],+,356.0,357.0,43.0
63112,STARLINK-11590 [DTC],+,353.0,359.0,43.0
63113,STARLINK-11598 [DTC],+,355.0,357.0,43.0
63114,STARLINK-11600 [DTC],+,354.0,358.0,43.0
63115,STARLINK-11597 [DTC],+,355.0,357.0,43.0
63116,STARLINK-11591 [DTC],+,353.0,359.0,43.0
63117,STARLINK-32955,P,288.0,323.0,42.98
63118,STARLINK-32945,+,482.0,484.0,43.0
63119,STARLINK-32941,+,482.0,484.0,43.01
63120,STARLINK-32942,+,482.0,484.0,43.0
63121,STARLINK-32947,+,482.0,484.0,43.0
63122,STARLINK-32961,+,482.0,484.0,43.0
63123,STARLINK-32948,+,482.0,484.0,43.0
63124,STARLINK-32957,+,482.0,484.0,43.0
63125,SUPERVIEW NEO-1 03,+,500.0,502.0,97.35
63126,SUPERVIEW NEO-1 04,+,499.0,503.0,97.36
63132,STARLINK-11609 [DTC],+,356.0,357.0,43.0
63133,STARLINK-11604 [DTC],+,353.0,359.0,43.0
63134,STARLINK-11605 [DTC],+,355.0,358.0,43.0
63135,STARLINK-11610 [DTC],+,355.0,358.0,43.0
63136,STARLINK-11613 [DTC],+,353.0,359.0,43.0
63137,STARLINK-11616 [DTC],+,355.0,357.0,43.0
63138,STARLINK-11611 [DTC],+,355.0,358.0,43.0
63139,STARLINK-11628 [DTC],+,356.0,358.0,43.0
63140,STARLINK-11607 [DTC],+,355.0,357.0,43.0
63141,STARLINK-11522 [DTC],+,354.0,358.0,43.0
63142,STARLINK-11503 [DTC],+,355.0,357.0,43.0
63143,STARLINK-11579 [DTC],+,355.0,357.0,43.0
63144,STARLINK-11581 [DTC],+,356.0,357.0,43.0
63145,STARLINK-32949,+,481.0,485.0,43.0
63146,STARLINK-32952,+,482.0,484.0,43.0
63147,STARLINK-32936,+,482.0,484.0,43.0
63148,STARLINK-32937,+,482.0,484.0,43.0
63149,STARLINK-32939,+,482.0,484.0,43.0
63150,STARLINK-32919,+,482.0,484.0,43.0
63151,STARLINK-32876,+,482.0,484.0,43.0
63152,STARLINK-32915,+,483.0,483.0,43.0
63153,SEDNA-2,+,522.0,534.0,97.45
63156,CSO-3,+,777.0,780.0,98.61
63159,QIANFAN-73,+,1056.0,1081.0,88.97
63160,QIANFAN-74,+,1067.0,1070.0,88.97
63161,QIANFAN-75,+,1055.0,1082.0,88.97
63162,QIANFAN-76,+,1057.0,1080.0,88.97
63163,QIANFAN-77,P,896.0,918.0,88.97
63164,QIANFAN-78,+,1056.0,1081.0,88.97
63165,QIANFAN-79,+,1056.0,1081.0,88.97
63166,QIANFAN-80,+,1057.0,1080.0,88.97
63167,QIANFAN-81,+,1056.0,1081.0,88.97
63168,QIANFAN-82,+,1057.0,1080.0,88.97
63169,QIANFAN-83,+,1016.0,1040.0,88.97
63170,QIANFAN-84,+,1055.0,1082.0,88.97
63171,QIANFAN-85,+,1057.0,1080.0,88.97
63172,QIANFAN-86,+,1059.0,1078.0,88.97
63173,QIANFAN-87,+,1058.0,1079.0,88.97
63174,QIANFAN-88,+,1058.0,1079.0,88.97
63175,QIANFAN-89,+,1054.0,1083.0,88.97
63176,QIANFAN-90,+,1057.0,1080.0,88.97
63178,PUNCH-NFI (SMEX 15A),+,639.0,653.0,97.96
63179,PUNCH-WFI 1 (SMEX 15B),+,641.0,653.0,97.96
63180,PUNCH-WFI 3 (SMEX 15D),+,641.0,653.0,97.96
63181,PUNCH-WFI 2 (SMEX 15C),+,641.0,653.0,97.96
63182,SPHEREX (MIDEX 9),+,641.0,655.0,97.96
63183,STARLINK-11602 [DTC],+,355.0,357.0,43.0
63184,STARLINK-11617 [DTC],+,355.0,358.0,43.0
63185,STARLINK-11618 [DTC],+,355.0,357.0,43.0
63186,STARLINK-11646 [DTC],+,356.0,357.0,43.0
63187,STARLINK-11622 [DTC],+,356.0,357.0,43.0
63188,STARLINK-11642 [DTC],+,355.0,358.0,43.0
63189,STARLINK-11639 [DTC],+,354.0,359.0,43.0
6319,COSMOS 539,,1341.0,1378.0,74.02
63190,STARLINK-11637 [DTC],+,355.0,358.0,43.0
63191,STARLINK-11647 [DTC],+,355.0,358.0,43.0
63192,STARLINK-11643 [DTC],+,354.0,359.0,43.0
63193,STARLINK-11635 [DTC],+,355.0,358.0,43.0
63194,STARLINK-11636 [DTC],+,355.0,358.0,43.0
63195,STARLINK-11631 [DTC],+,355.0,358.0,43.0
63196,STARLINK-32946,+,482.0,484.0,43.0
63197,STARLINK-32960,+,482.0,484.0,43.0
63198,STARLINK-32904,+,482.0,484.0,43.0
63199,STARLINK-32931,+,482.0,484.0,43.0
63200,STARLINK-32934,+,482.0,484.0,43.0
63201,STARLINK-32938,+,482.0,484.0,43.0
63202,STARLINK-32935,+,483.0,483.0,43.0
63203,STARLINK-32930,+,482.0,484.0,43.0
63205,QPS-SAR-9 (SUSANOO-I),+,551.0,560.0,42.02
63208,SUPERVIEW NEO-3 02,+,497.0,498.0,97.45
63209,TIANYAN 23,+,405.0,412.0,97.45
63210,JINJUSAT-1B,+,458.0,462.0,97.39
63211,NUSHSAT1,+,449.0,453.0,97.39
63212,IOD-1,+,375.0,382.0,97.37
63213,TEVEL2-4,+,455.0,457.0,97.38
63214,TEVEL2-5,+,455.0,457.0,97.38
63215,TEVEL2-6,+,456.0,457.0,97.38
63216,BOTSAT-1,+,481.0,482.0,97.38
63217,TEVEL2-1,+,458.0,459.0,97.38
63218,TEVEL2-3,+,458.0,459.0,97.38
63219,TEVEL2-2,+,458.0,459.0,97.38
63220,AEROCUBE 18A,+,489.0,492.0,97.39
63221,TRANSPORTER-13 OBJECT M,+,498.0,500.0,97.38
63222,AEROCUBE 18B,+,489.0,492.0,97.39
63223,DROID.002,+,494.0,497.0,97.38
63225,TOMORROW-S6,+,495.0,499.0,97.39
63226,ETIHAD-SAT,+,496.0,500.0,97.39
63228,TRANSPORTER-13 OBJECT U,+,491.0,495.0,97.38
63229,SPACEEYE-T1,+,495.0,499.0,97.38
6323,COSMOS 540,,753.0,780.0,74.08
63230,ION SCV-017,+,466.0,496.0,97.38
63231,M-SEL/CORTEZ,+,483.0,487.0,97.38
63232,SPHINX/FRAZIER,+,489.0,494.0,97.39
63233,LIZZIESAT-3 (LS-3),+,496.0,502.0,97.38
63234,TOMORROW-S5,+,494.0,500.0,97.39
63235,OTP-2,+,488.0,495.0,97.38
63236,ORBASTRO-TR5,+,497.0,500.0,97.37
63237,TEVEL2-9,+,462.0,467.0,97.38
63238,TEVEL2-7,+,463.0,468.0,97.38
63239,TEVEL2-8,+,463.0,468.0,97.38
63240,AL MUNTHER,+,462.0,467.0,97.38
63241,TRANSPORTER-13 OBJECT AH,+,476.0,482.0,97.37
63242,HERMES-1,+,495.0,504.0,97.38
63243,HERMES-2,+,470.0,473.0,97.38
63244,PANDORE,+,578.0,585.0,97.68
63245,BUCCANEER MM,+,580.0,585.0,97.68
63246,LEMUR-2-LEIA-PHILIP,+,571.0,578.0,97.67
63247,EZIE-A,+,571.0,576.0,97.68
63248,LEMUR-2-LIA-MARTIN,+,570.0,574.0,97.68
63249,EZIE-C,+,571.0,577.0,97.68
63250,EZIE-B,+,572.0,576.0,97.68
63251,UVSQ-SAT NG,+,578.0,583.0,97.68
63252,ARVAKER-1,+,581.0,585.0,97.68
63253,ICEYE-X48,+,570.0,574.0,97.68
63254,YAM-8,+,536.0,536.0,97.69
63255,ICEYE-X50,+,579.0,583.0,97.68
63256,FIRESAT 0 (MUSAT-4),+,587.0,590.0,97.69
63257,ICEYE-X51,+,563.0,566.0,97.77
63258,ICEYE-X46,+,580.0,582.0,97.68
63259,LEMUR-2-DELOITTE-1,+,572.0,574.0,97.68
63260,TRANSPORTER-13 OBJECT BC,+,581.0,585.0,97.67
63261,LEMUR-2-EMERSONROSE,+,567.0,570.0,97.68
63262,LEMUR-2-MARACHE-FRAN,+,558.0,572.0,97.67
63263,SOAP,+,573.0,579.0,97.68
63264,LEMUR-2-THEFALCONER,+,572.0,576.0,97.68
63265,STARLINK-11654 [DTC],+,355.0,357.0,43.0
63266,STARLINK-11659 [DTC],+,355.0,357.0,43.0
63267,STARLINK-11653 [DTC],+,355.0,357.0,43.0
63268,STARLINK-11641 [DTC],+,355.0,358.0,43.0
63269,STARLINK-11638 [DTC],+,354.0,358.0,43.0
63270,STARLINK-11614 [DTC],+,355.0,357.0,43.0
63271,STARLINK-11620 [DTC],+,355.0,357.0,43.0
63272,STARLINK-11619 [DTC],+,355.0,358.0,43.0
63273,STARLINK-11621 [DTC],+,356.0,357.0,43.0
63274,STARLINK-11615 [DTC],+,355.0,357.0,43.0
63275,STARLINK-11608 [DTC],+,355.0,358.0,43.0
63276,STARLINK-11623 [DTC],+,355.0,358.0,43.0
63278,STARLINK-33660,+,482.0,484.0,43.0
63279,STARLINK-33611,+,482.0,484.0,43.0
63280,STARLINK-33646,+,482.0,484.0,43.0
63281,STARLINK-33665,+,482.0,484.0,43.0
63282,STARLINK-33603,+,482.0,484.0,43.0
63283,STARLINK-33669,+,482.0,484.0,43.0
63284,STARLINK-33673,+,482.0,484.0,43.0
63285,STARLINK-33662,+,482.0,484.0,43.0
63286,STARLINK-33613,+,482.0,484.0,43.0
63287,STARLINK-33680,+,482.0,484.0,43.0
63288,COSMOS 2585 (RODNIK-S 19),+,1476.0,1513.0,82.49
63289,COSMOS 2586 (RODNIK-S 20),+,1478.0,1510.0,82.49
63290,COSMOS 2587 (RODNIK-S 21),+,1483.0,1506.0,82.5
63291,OBJECT A,+,510.0,541.0,97.66
63292,OBJECT B,+,505.0,552.0,97.66
63293,OBJECT C,+,506.0,561.0,97.66
63294,OBJECT D,+,504.0,522.0,97.66
63295,OBJECT E,+,509.0,540.0,97.66
63296,OBJECT F,+,506.0,520.0,97.66
63297,OBJECT G,+,479.0,489.0,97.65
63298,OBJECT H,+,430.0,437.0,97.66
63300,KINEIS-4E,+,653.0,654.0,97.91
63301,KINEIS-4C,+,650.0,657.0,97.92
63302,KINEIS-4D,+,651.0,656.0,97.91
63303,KINEIS-4A,+,652.0,656.0,97.92
63304,KINEIS-4B,+,649.0,659.0,97.92
63307,STARLINK-11568 [DTC],+,355.0,357.0,43.0
63308,STARLINK-11575 [DTC],+,355.0,358.0,43.0
63309,STARLINK-11585 [DTC],+,355.0,358.0,43.0
63310,STARLINK-11587 [DTC],+,355.0,358.0,43.0
63311,STARLINK-11589 [DTC],+,356.0,357.0,43.0
63312,STARLINK-11650 [DTC],+,356.0,357.0,43.0
63313,STARLINK-11648 [DTC],+,355.0,358.0,43.0
63314,STARLINK-11640 [DTC],+,355.0,357.0,43.0
63315,STARLINK-11652 [DTC],+,355.0,357.0,43.0
63316,STARLINK-11645 [DTC],+,355.0,357.0,43.0
63317,STARLINK-11633 [DTC],+,355.0,357.0,43.0
63318,STARLINK-11593 [DTC],+,355.0,357.0,43.0
63319,STARLINK-11588 [DTC],+,355.0,358.0,43.0
63320,STARLINK-33671,+,482.0,484.0,43.0
63321,STARLINK-33650,+,482.0,484.0,43.0
63322,STARLINK-33689,+,482.0,484.0,43.0
63323,STARLINK-33607,+,482.0,485.0,43.03
63324,STARLINK-33619,+,482.0,484.0,43.0
63325,STARLINK-33612,+,482.0,484.0,43.0
63326,STARLINK-33672,+,482.0,484.0,43.0
63327,STARLINK-33625,+,482.0,484.0,43.0
63328,STARLINK-33699,+,482.0,484.0,43.0
63329,STARLINK-33674,+,482.0,484.0,43.0
63333,USA 487,+,575.0,579.0,70.03
63334,USA 488,+,575.0,579.0,70.03
63335,USA 489,+,575.0,579.0,70.03
63336,USA 490,+,575.0,579.0,70.03
63337,USA 491,+,575.0,579.0,70.03
63338,USA 492,+,575.0,580.0,70.03
63339,USA 493,+,575.0,579.0,70.03
63340,USA 494,+,574.0,579.0,70.03
63341,USA 495,+,575.0,579.0,70.03
63342,USA 496,+,575.0,579.0,70.03
63343,USA 497,+,575.0,579.0,70.03
63344,YUNYAO-1 43,+,524.0,541.0,97.61
63345,YUNYAO-1 44,+,521.0,543.0,97.61
63346,YUNYAO-1 45,+,522.0,542.0,97.62
63347,YUNYAO-1 46,+,525.0,539.0,97.61
63348,YUNYAO-1 47,+,522.0,541.0,97.61
63349,YUNYAO-1 48,+,522.0,541.0,97.61
63350,USA 498,+,1036.0,1175.0,63.44
63351,LEMUR-2-UNTITLED-SC,+,511.0,538.0,97.57
63352,LEMUR-2-ESPERANZA,+,511.0,538.0,97.57
63353,LEMUR-2-KREMPEL-BRO2,+,509.0,537.0,97.58
63354,LEMUR-2-THERMORAPTOR,+,509.0,536.0,97.58
63355,LEMUR-2-NEUROSPICY,+,510.0,534.0,97.57
63356,LEMUR-2-TILLINFINITY,+,507.0,533.0,97.57
63357,LEMUR-2-KREMPEL-BRO1,+,508.0,534.0,97.57
63358,LEMUR-2-LANGER2SPACE,+,510.0,534.0,97.57
63363,STARLINK-32840,+,461.0,464.0,53.16
63364,STARLINK-32543,+,461.0,464.0,53.16
63365,STARLINK-33741,+,462.0,463.0,53.16
63366,STARLINK-33742,+,462.0,464.0,53.16
63367,STARLINK-33734,+,462.0,463.0,53.16
63368,STARLINK-33578,+,462.0,463.0,53.16
63369,STARLINK-33626,+,462.0,464.0,53.16
63370,STARLINK-33657,+,462.0,463.0,53.16
63371,STARLINK-33648,+,470.0,471.0,53.16
63372,STARLINK-33614,+,462.0,464.0,53.16
63373,STARLINK-33617,+,462.0,463.0,53.16
63374,STARLINK-33618,+,462.0,463.0,53.16
63375,STARLINK-33621,+,462.0,464.0,53.16
63376,STARLINK-33539,+,462.0,463.0,53.16
63377,STARLINK-33634,+,462.0,464.0,53.16
63378,STARLINK-33640,+,462.0,463.0,53.16
63379,STARLINK-33636,+,417.0,426.0,53.16
63380,STARLINK-33653,+,470.0,471.0,53.16
63381,STARLINK-33643,+,462.0,463.0,53.16
63383,STARLINK-33748,+,462.0,464.0,53.16
63384,STARLINK-33658,+,462.0,463.0,53.16
63385,STARLINK-33616,+,462.0,463.0,53.16
63386,STARLINK-33571,+,462.0,463.0,53.16
63387,STARLINK-33533,+,462.0,463.0,53.16
63388,STARLINK-33629,+,462.0,464.0,53.16
63389,STARLINK-33656,+,470.0,471.0,53.16
63395,LEMUR-2-BALTO,+,559.0,571.0,97.68
63399,STARLINK-33531,+,482.0,484.0,43.0
63400,STARLINK-33652,+,482.0,484.0,43.0
63401,STARLINK-33707,+,482.0,484.0,43.0
63402,STARLINK-33668,+,482.0,484.0,43.0
63403,STARLINK-33676,+,482.0,484.0,43.0
63404,STARLINK-33711,+,482.0,484.0,43.0
63405,STARLINK-33708,+,482.0,484.0,43.0
63407,STARLINK-33694,+,482.0,484.0,43.0
63408,STARLINK-33692,+,483.0,483.0,43.0
63409,STARLINK-33693,+,482.0,484.0,43.0
63410,STARLINK-33677,+,482.0,484.0,43.0
63411,STARLINK-33647,+,482.0,484.0,43.0
63412,STARLINK-33645,+,482.0,484.0,43.0
63413,STARLINK-33670,+,482.0,484.0,43.0
63414,STARLINK-33644,+,482.0,484.0,43.0
63415,STARLINK-33664,+,482.0,484.0,43.0
63416,STARLINK-33649,+,482.0,484.0,43.0
63417,STARLINK-33535,+,482.0,484.0,43.0
63418,STARLINK-33703,+,482.0,485.0,43.0
63419,STARLINK-33709,+,482.0,484.0,43.0
63420,STARLINK-33698,+,482.0,484.0,43.0
63421,STARLINK-33606,+,482.0,484.0,43.0
63422,STARLINK-33686,+,482.0,484.0,43.0
63423,STARLINK-33675,+,481.0,485.0,43.01
63424,STARLINK-33655,+,481.0,485.0,43.0
63425,STARLINK-33608,+,482.0,484.0,43.0
63426,STARLINK-33615,+,483.0,484.0,43.0
63429,HJS-6B,+,501.0,515.0,55.0
63430,HJS-6C,+,501.0,515.0,55.0
63431,HJS-6D,+,502.0,514.0,55.0
63432,TIANPING-3A 02,+,448.0,782.0,43.0
63433,STARLINK-33682,+,461.0,464.0,53.16
63434,STARLINK-33710,+,461.0,464.0,53.16
63435,STARLINK-33733,+,462.0,464.0,53.16
63436,STARLINK-33638,+,462.0,464.0,53.16
63437,STARLINK-33726,+,418.0,419.0,53.16
63438,STARLINK-33681,+,462.0,464.0,53.16
63439,STARLINK-33730,+,462.0,464.0,53.16
63440,STARLINK-33743,+,462.0,463.0,53.16
63441,STARLINK-33715,+,462.0,464.0,53.16
63442,STARLINK-33762,+,462.0,463.0,53.16
63443,STARLINK-33753,+,462.0,463.0,53.16
63444,STARLINK-33747,+,462.0,463.0,53.16
63445,STARLINK-33659,+,462.0,464.0,53.16
63446,STARLINK-33746,+,462.0,464.0,53.16
63447,STARLINK-33799,+,462.0,463.0,53.16
63448,STARLINK-33797,+,461.0,464.0,53.16
63449,STARLINK-33798,+,462.0,464.0,53.16
63450,STARLINK-33736,+,462.0,464.0,53.16
63451,STARLINK-33740,+,462.0,464.0,53.16
63452,STARLINK-33763,+,462.0,463.0,53.16
63453,STARLINK-33784,+,461.0,464.0,53.16
63454,STARLINK-33768,+,462.0,463.0,53.16
63455,STARLINK-33761,+,462.0,464.0,53.16
63456,STARLINK-33737,+,462.0,464.0,53.16
63457,STARLINK-33795,+,462.0,463.0,53.16
63458,STARLINK-33756,+,462.0,463.0,53.16
63459,STARLINK-33780,+,462.0,463.0,53.16
63460,STARLINK-33679,+,482.0,484.0,43.0
63461,STARLINK-33706,+,482.0,484.0,43.0
63462,STARLINK-33691,+,482.0,484.0,43.0
63463,STARLINK-33696,+,483.0,483.0,42.99
63464,STARLINK-33701,+,482.0,484.0,43.0
63465,STARLINK-33685,+,482.0,484.0,43.0
63466,STARLINK-33654,+,483.0,483.0,43.0
63467,STARLINK-33697,+,481.0,485.0,43.0
63468,STARLINK-33720,+,482.0,484.0,43.0
63469,STARLINK-33587,+,482.0,484.0,43.0
63470,STARLINK-33637,+,482.0,484.0,43.0
63471,STARLINK-33744,+,482.0,484.0,43.0
63472,STARLINK-33766,+,482.0,484.0,43.0
63473,STARLINK-33765,+,482.0,484.0,43.0
63474,STARLINK-33735,+,482.0,484.0,43.0
63475,STARLINK-33731,+,482.0,485.0,43.01
63476,STARLINK-33718,+,482.0,484.0,43.0
63477,STARLINK-33630,+,483.0,483.0,43.0
63478,STARLINK-33695,+,482.0,484.0,43.0
63479,STARLINK-33713,+,482.0,484.0,43.0
63480,STARLINK-33721,+,482.0,484.0,43.0
63481,STARLINK-33639,+,482.0,484.0,43.0
63483,STARLINK-33688,+,482.0,484.0,43.0
63484,STARLINK-33700,+,481.0,485.0,43.0
63485,STARLINK-33687,+,482.0,484.0,43.0
63486,STARLINK-33716,+,482.0,484.0,43.0
63487,STARLINK-33754,+,482.0,484.0,43.0
63488,POSAT-2,+,520.0,526.0,97.48
63489,HERMES-6,+,491.0,498.0,97.39
63493,STARLINK-33828,+,462.0,464.0,53.16
63494,STARLINK-33819,+,462.0,464.0,53.16
63495,STARLINK-33845,+,462.0,464.0,53.16
63496,STARLINK-33829,+,470.0,471.0,53.16
63497,STARLINK-33815,+,470.0,471.0,53.16
63498,STARLINK-33833,+,470.0,471.0,53.16
63499,STARLINK-33534,+,470.0,472.0,53.16
6350,COSMOS 546,,465.0,485.0,50.63
63500,STARLINK-33838,+,462.0,463.0,53.16
63501,STARLINK-33837,+,470.0,472.0,53.16
63502,STARLINK-33818,+,462.0,463.0,53.16
63503,STARLINK-33583,+,462.0,463.0,53.16
63504,STARLINK-33811,+,462.0,463.0,53.16
63505,STARLINK-33825,+,464.0,466.0,53.16
63506,STARLINK-33792,+,462.0,464.0,53.16
63507,STARLINK-33843,+,469.0,473.0,53.16
63508,STARLINK-33809,+,462.0,463.0,53.16
63509,STARLINK-33678,+,470.0,472.0,53.16
63510,STARLINK-33764,+,462.0,464.0,53.16
63511,STARLINK-33804,+,470.0,472.0,53.16
63512,STARLINK-33751,+,470.0,471.0,53.16
63513,STARLINK-33750,+,470.0,471.0,53.16
63514,STARLINK-33786,+,462.0,463.0,53.16
63515,STARLINK-33796,+,462.0,463.0,53.16
63516,STARLINK-33785,+,470.0,471.0,53.16
63517,STARLINK-33803,+,462.0,464.0,53.16
63518,STARLINK-33807,+,462.0,464.0,53.16
63519,STARLINK-33787,+,462.0,464.0,53.16
63526,USA 499,+,575.0,579.0,70.03
63527,USA 500,+,575.0,579.0,70.03
63528,USA 501,+,575.0,579.0,70.03
63529,USA 502,+,575.0,579.0,70.03
63530,USA 503,+,575.0,579.0,70.03
63531,USA 504,+,575.0,579.0,70.03
63532,USA 505,+,575.0,579.0,70.03
63533,USA 506,+,575.0,579.0,70.03
63534,USA 507,+,575.0,579.0,70.03
63535,USA 508,+,575.0,579.0,70.03
63536,USA 509,+,575.0,579.0,70.03
63537,USA 510,+,575.0,579.0,70.03
63538,USA 511,+,575.0,579.0,70.03
63539,USA 512,+,575.0,579.0,70.03
63540,USA 513,+,575.0,579.0,70.03
63541,USA 514,+,575.0,579.0,70.03
63542,USA 515,+,574.0,580.0,70.03
63543,USA 516,+,575.0,579.0,70.03
63544,USA 517,+,575.0,579.0,70.03
63545,USA 518,+,575.0,579.0,70.03
63546,USA 519,+,575.0,579.0,70.03
63547,USA 520,+,575.0,579.0,70.03
63548,STARLINK-11669 [DTC],+,355.0,357.0,43.0
63549,STARLINK-11665 [DTC],+,356.0,357.0,43.0
63550,STARLINK-11667 [DTC],+,355.0,357.0,43.0
63551,STARLINK-11695 [DTC],+,355.0,358.0,43.0
63552,STARLINK-11685 [DTC],+,355.0,358.0,43.0
63553,STARLINK-11697 [DTC],+,355.0,358.0,43.0
63554,STARLINK-11680 [DTC],+,356.0,357.0,43.0
63556,STARLINK-11626 [DTC],+,355.0,358.0,43.0
63557,STARLINK-11668 [DTC],+,356.0,357.0,43.0
63558,STARLINK-11657 [DTC],+,355.0,358.0,43.0
63559,STARLINK-11606 [DTC],+,356.0,357.0,43.0
63560,STARLINK-11592 [DTC],+,355.0,357.0,43.0
63561,STARLINK-32953,+,482.0,484.0,43.0
63562,STARLINK-32951,+,482.0,484.0,43.0
63563,STARLINK-32958,+,482.0,484.0,43.0
63564,STARLINK-32928,+,482.0,484.0,43.0
63565,STARLINK-32687,+,482.0,484.0,43.0
63566,STARLINK-32950,+,483.0,484.0,43.0
63567,STARLINK-32954,+,482.0,484.0,43.01
63568,STARLINK-32940,+,482.0,484.0,43.0
63569,STARLINK-32959,+,482.0,484.0,43.0
63570,STARLINK-32956,+,482.0,484.0,43.0
63571,STARLINK-33722,+,482.0,484.0,43.0
63572,STARLINK-33739,+,483.0,483.0,43.0
63573,STARLINK-33683,+,481.0,485.0,43.0
63575,STARLINK-33732,+,482.0,484.0,43.0
63576,STARLINK-33800,+,482.0,484.0,43.0
63577,STARLINK-33632,+,482.0,484.0,43.0
63578,STARLINK-33719,+,482.0,484.0,43.0
63579,STARLINK-33755,+,483.0,483.0,43.0
63580,STARLINK-33752,+,483.0,484.0,43.0
63581,STARLINK-33714,+,482.0,484.0,43.0
63582,STARLINK-33814,+,482.0,484.0,43.0
63583,STARLINK-33817,+,482.0,484.0,43.0
63584,STARLINK-33820,+,482.0,484.0,43.0
63585,STARLINK-33813,+,483.0,483.0,43.0
63586,STARLINK-33834,+,482.0,484.0,43.0
63587,STARLINK-33830,+,482.0,484.0,43.0
63588,STARLINK-33651,+,482.0,484.0,43.0
63589,STARLINK-33788,+,482.0,484.0,43.0
63590,STARLINK-33805,+,482.0,484.0,43.0
63591,STARLINK-33702,+,482.0,484.0,43.0
63592,STARLINK-33666,+,482.0,484.0,43.0
63593,STARLINK-33723,+,482.0,484.0,43.0
63594,STARLINK-33791,+,482.0,484.0,43.0
63595,STARLINK-33831,+,482.0,484.0,43.0
63596,USA 521,+,1092.0,1137.0,63.4
63597,USA 522,+,1087.0,1137.0,63.4
63599,SHIYAN-27 OBJECT A,+,1045.0,1046.0,99.69
63600,SHIYAN-27 OBJECT B,+,1045.0,1047.0,99.7
63601,SHIYAN-27 OBJECT C,+,1045.0,1046.0,99.69
63602,SHIYAN-27 OBJECT D,+,1045.0,1046.0,99.7
63603,SHIYAN-27 OBJECT E,+,1045.0,1046.0,99.69
63604,SHIYAN-27 OBJECT F,+,1045.0,1046.0,99.69
63606,USA 523,+,575.0,579.0,70.03
63607,USA 524,+,575.0,579.0,70.03
63608,USA 525,+,575.0,579.0,70.03
63609,USA 526,+,574.0,580.0,70.03
63610,USA 527,+,575.0,579.0,70.03
63611,USA 528,+,575.0,579.0,70.03
63612,USA 529,+,574.0,580.0,70.03
63613,USA 530,+,574.0,580.0,70.03
63614,USA 531,+,575.0,579.0,70.03
63615,USA 532,+,574.0,580.0,70.03
63616,USA 533,+,575.0,579.0,70.03
63617,USA 534,+,574.0,580.0,70.03
63618,USA 535,+,574.0,580.0,70.03
63619,USA 536,+,574.0,580.0,70.03
63620,USA 537,+,575.0,579.0,70.03
63621,USA 538,+,575.0,579.0,70.03
63622,USA 539,+,575.0,579.0,70.03
63623,USA 540,+,575.0,580.0,70.03
63624,USA 541,+,575.0,579.0,70.03
63625,USA 542,+,575.0,579.0,70.03
63626,USA 543,+,575.0,580.0,70.03
63627,USA 544,+,574.0,580.0,70.03
63630,KORSAT-3,+,560.0,578.0,45.41
63631,TOMORROW-S7,+,565.0,570.0,45.39
63634,STARLINK-33879,+,482.0,484.0,43.0
63635,STARLINK-33854,+,483.0,483.0,43.0
63636,STARLINK-33864,+,482.0,484.0,43.0
63637,STARLINK-33832,+,482.0,484.0,43.0
63638,STARLINK-33856,+,481.0,485.0,43.0
63639,STARLINK-33876,+,482.0,484.0,43.01
63640,STARLINK-33859,+,482.0,484.0,43.0
63641,STARLINK-33826,+,483.0,483.0,43.0
63642,STARLINK-33836,+,481.0,485.0,43.0
63643,STARLINK-33558,+,480.0,486.0,43.0
63644,STARLINK-33852,+,482.0,484.0,43.0
63645,STARLINK-33835,+,482.0,484.0,43.0
63646,STARLINK-33661,+,483.0,484.0,43.0
63647,STARLINK-33729,+,482.0,484.0,43.0
63648,STARLINK-33717,+,483.0,483.0,43.0
63649,STARLINK-33684,+,481.0,485.0,43.01
63650,STARLINK-33704,+,482.0,484.0,43.0
63651,STARLINK-33705,+,483.0,483.0,43.0
63652,STARLINK-33663,+,482.0,484.0,43.0
63653,STARLINK-33866,+,482.0,484.0,43.0
63654,STARLINK-33849,+,482.0,484.0,43.0
63655,STARLINK-33873,+,481.0,485.0,43.0
63656,STARLINK-33772,+,482.0,484.0,43.0
63657,STARLINK-33789,+,482.0,484.0,43.0
63658,STARLINK-33822,+,482.0,484.0,43.0
63659,STARLINK-33771,+,483.0,483.0,43.0
63660,STARLINK-33810,+,482.0,484.0,43.0
63661,STARLINK-33823,+,482.0,484.0,43.0
63664,STARLINK-11651 [DTC],+,355.0,358.0,43.0
63665,STARLINK-11672 [DTC],+,354.0,358.0,43.0
63667,STARLINK-11666 [DTC],+,355.0,358.0,43.0
63668,STARLINK-11663 [DTC],+,355.0,358.0,43.0
63669,STARLINK-11595 [DTC],+,354.0,358.0,43.0
63670,STARLINK-11599 [DTC],+,355.0,358.0,43.0
63671,STARLINK-11603 [DTC],+,354.0,358.0,43.0
63672,STARLINK-11644 [DTC],+,355.0,357.0,43.0
63673,STARLINK-11634 [DTC],+,355.0,357.0,43.0
63674,STARLINK-11656 [DTC],+,356.0,357.0,43.0
63675,STARLINK-11655 [DTC],+,355.0,358.0,43.0
63676,STARLINK-11661 [DTC],+,355.0,358.0,43.0
63677,STARLINK-33816,+,482.0,484.0,43.0
63678,STARLINK-33861,+,483.0,483.0,43.0
63679,STARLINK-33850,+,482.0,484.0,43.0
63680,STARLINK-33887,+,482.0,484.0,43.0
63681,STARLINK-33886,+,482.0,484.0,43.0
63682,STARLINK-33840,+,481.0,485.0,43.0
63684,STARLINK-33853,+,482.0,484.0,43.0
63685,STARLINK-33847,+,482.0,484.0,43.0
63686,STARLINK-33880,+,483.0,483.0,43.0
63687,HULIANWANG DIGUI-20,+,1166.0,1170.0,86.5
63688,HULIANWANG DIGUI-21,+,1166.0,1170.0,86.51
63689,HULIANWANG DIGUI-22,+,1166.0,1170.0,86.5
63690,HULIANWANG DIGUI-23,+,1166.0,1170.0,86.51
63691,HULIANWANG DIGUI-24,+,1166.0,1170.0,86.51
63692,HULIANWANG DIGUI-25,+,1166.0,1170.0,86.5
63693,HULIANWANG DIGUI-26,+,1166.0,1170.0,86.51
63694,HULIANWANG DIGUI-27,+,1166.0,1170.0,86.5
63695,HULIANWANG DIGUI-28,+,1166.0,1170.0,86.5
63696,HULIANWANG DIGUI-29,+,1166.0,1170.0,86.5
63697,STARLINK-33894,+,462.0,463.0,53.16
63698,STARLINK-33922,+,464.0,466.0,53.16
63699,STARLINK-33919,+,462.0,463.0,53.16
63700,STARLINK-33908,+,474.0,476.0,53.16
63701,STARLINK-33950,+,470.0,471.0,53.16
63702,STARLINK-33939,+,470.0,472.0,53.16
63703,STARLINK-33868,+,462.0,464.0,53.16
63704,STARLINK-33937,+,474.0,476.0,53.16
63705,STARLINK-33848,+,475.0,476.0,53.16
63706,STARLINK-33995,+,462.0,464.0,53.16
63707,STARLINK-33982,+,462.0,463.0,53.16
63708,STARLINK-33915,+,462.0,463.0,53.16
63709,STARLINK-33862,+,464.0,466.0,53.16
63710,STARLINK-33920,+,461.0,471.0,53.16
63711,STARLINK-33580,+,469.0,472.0,53.16
63712,STARLINK-33783,+,470.0,471.0,53.16
63713,STARLINK-33773,+,470.0,471.0,53.16
63714,STARLINK-33745,+,462.0,464.0,53.16
63715,STARLINK-33728,+,474.0,476.0,53.16
63716,STARLINK-33749,+,470.0,472.0,53.16
63717,STARLINK-33725,+,462.0,464.0,53.16
63718,STARLINK-33641,+,470.0,472.0,53.16
63719,STARLINK-33727,+,462.0,464.0,53.16
63720,STARLINK-33757,+,462.0,464.0,53.16
63721,STARLINK-33774,+,470.0,472.0,53.16
63722,STARLINK-33767,+,463.0,467.0,53.16
63723,STARLINK-33806,+,474.0,476.0,53.16
63724,KUIPER-00008,+,629.0,630.0,51.9
63725,KUIPER-00009,+,542.0,544.0,51.9
63726,KUIPER-00010,+,629.0,630.0,51.9
63727,KUIPER-00011,+,629.0,630.0,51.9
63728,KUIPER-00012,+,629.0,630.0,51.9
63729,KUIPER-00013,+,629.0,630.0,51.9
63730,KUIPER-00014,+,629.0,630.0,51.9
63731,KUIPER-00015,+,629.0,630.0,51.9
63732,KUIPER-00016,+,629.0,630.0,51.9
63733,KUIPER-00018,+,629.0,630.0,51.9
63734,KUIPER-00019,+,629.0,630.0,51.9
63735,KUIPER-00020,+,629.0,630.0,51.9
63736,KUIPER-00021,+,629.0,630.0,51.9
63737,KUIPER-00023,+,629.0,630.0,51.9
63738,KUIPER-00024,+,629.0,630.0,51.9
63739,KUIPER-00025,+,629.0,631.0,51.9
63740,KUIPER-00027,+,629.0,630.0,51.9
63741,KUIPER-00028,+,629.0,630.0,51.9
63742,KUIPER-00029,+,629.0,630.0,51.9
63743,KUIPER-00030,+,629.0,630.0,51.9
63744,KUIPER-00031,+,629.0,630.0,51.9
63745,KUIPER-00032,+,437.0,444.0,51.87
63746,KUIPER-00033,+,629.0,630.0,51.9
63747,KUIPER-00034,+,629.0,630.0,51.9
63748,KUIPER-00035,+,629.0,630.0,51.9
63749,KUIPER-00037,+,629.0,630.0,51.9
63750,KUIPER-00038,+,629.0,630.0,51.9
63751,STARLINK-11677 [DTC],+,354.0,359.0,43.0
63752,STARLINK-11702 [DTC],+,356.0,357.0,43.0
63753,STARLINK-11706 [DTC],+,354.0,357.0,43.0
63754,STARLINK-11662 [DTC],+,355.0,358.0,43.0
63755,STARLINK-11681 [DTC],+,355.0,358.0,43.0
63756,STARLINK-11688 [DTC],+,354.0,359.0,43.0
63757,STARLINK-11676 [DTC],+,355.0,357.0,43.0
63758,STARLINK-11705 [DTC],+,355.0,358.0,43.0
63759,STARLINK-11703 [DTC],+,355.0,357.0,43.0
63760,STARLINK-11701 [DTC],+,355.0,358.0,43.0
63761,STARLINK-11660 [DTC],+,356.0,357.0,43.0
63762,STARLINK-11699 [DTC],+,353.0,360.0,43.0
63763,STARLINK-11693 [DTC],+,355.0,357.0,43.0
63764,STARLINK-33760,+,483.0,484.0,43.0
63765,STARLINK-33941,+,482.0,484.0,43.0
63766,STARLINK-33824,+,483.0,483.0,43.0
63767,STARLINK-33808,+,482.0,484.0,43.0
63768,STARLINK-33844,+,482.0,484.0,43.0
63769,STARLINK-33907,+,482.0,484.0,43.0
63770,STARLINK-33884,+,482.0,484.0,43.0
63771,STARLINK-33841,+,481.0,485.0,43.0
63772,BIOMASS,+,668.0,670.0,98.08
63773,STARLINK-33769,+,482.0,484.0,43.0
63774,STARLINK-33914,+,482.0,484.0,43.0
63775,STARLINK-33932,+,482.0,484.0,43.0
63776,STARLINK-33930,+,482.0,484.0,43.0
63777,STARLINK-33911,+,482.0,485.0,43.0
63778,STARLINK-33938,+,483.0,483.0,43.0
63779,STARLINK-33881,+,482.0,484.0,43.0
63780,STARLINK-33846,+,483.0,483.0,43.0
63781,STARLINK-33883,+,483.0,483.0,43.0
63782,STARLINK-33842,+,482.0,484.0,43.0
63783,STARLINK-33892,+,482.0,484.0,43.0
63784,STARLINK-33933,+,483.0,483.0,43.0
63786,STARLINK-33923,+,482.0,484.0,43.0
63787,STARLINK-33947,+,482.0,484.0,43.0
63788,STARLINK-33882,+,482.0,484.0,43.0
63789,STARLINK-33875,+,481.0,485.0,43.0
63790,STARLINK-33869,+,482.0,484.0,43.0
63791,STARLINK-33935,+,482.0,484.0,43.0
63792,STARLINK-33916,+,482.0,484.0,43.0
63793,STARLINK-33925,+,482.0,484.0,43.0
63794,STARLINK-33870,+,482.0,484.0,43.0
63795,STARLINK-33867,+,482.0,484.0,43.0
63796,STARLINK-33918,+,483.0,483.0,43.0
63797,STARLINK-33712,+,482.0,484.0,43.0
63798,STARLINK-33827,+,482.0,484.0,43.0
63799,STARLINK-33899,+,482.0,485.0,43.0
63800,STARLINK-33900,+,482.0,484.0,43.0
63802,STARLINK-33975,+,482.0,484.0,43.0
63803,STARLINK-33951,+,482.0,484.0,43.0
63804,STARLINK-33909,+,482.0,484.0,43.0
63805,STARLINK-34029,+,482.0,484.0,43.0
63806,STARLINK-34102,+,482.0,484.0,43.0
63807,STARLINK-34109,+,482.0,484.0,43.0
63808,STARLINK-34091,+,482.0,484.0,43.0
63809,STARLINK-34095,+,482.0,484.0,43.0
63810,STARLINK-34127,+,482.0,484.0,43.0
63812,STARLINK-34101,+,482.0,484.0,43.0
63813,STARLINK-34065,+,482.0,484.0,43.0
63814,STARLINK-34057,+,482.0,484.0,43.0
63815,STARLINK-34060,+,482.0,484.0,43.0
63816,STARLINK-34048,+,482.0,484.0,43.0
63817,STARLINK-33959,+,482.0,484.0,43.0
63818,STARLINK-34058,+,482.0,484.0,43.0
63819,STARLINK-34055,+,410.0,432.0,43.0
63820,STARLINK-33794,+,483.0,484.0,43.0
63821,STARLINK-34047,+,482.0,484.0,43.0
63822,STARLINK-34094,+,482.0,484.0,43.0
63823,STARLINK-34043,+,482.0,484.0,43.0
63824,STARLINK-34025,+,482.0,484.0,43.0
63825,STARLINK-33874,+,482.0,484.0,43.0
63826,STARLINK-33781,+,482.0,484.0,43.0
63827,STARLINK-33891,+,482.0,484.0,43.0
63828,STARLINK-33903,+,482.0,484.0,43.0
63829,STARLINK-33889,+,482.0,484.0,43.01
63830,STARLINK-33984,+,482.0,484.0,43.0
63831,STARLINK-33940,+,482.0,484.0,43.0
63832,STARLINK-33978,+,482.0,484.0,43.0
63833,HERMES-4,+,469.0,472.0,97.38
63834,HERMES-5,+,475.0,478.0,97.39
63835,HERMES-3,+,455.0,460.0,97.38
63836,STARLINK-34018,+,482.0,484.0,43.0
63837,STARLINK-34053,+,482.0,484.0,43.0
63838,STARLINK-34042,+,480.0,486.0,43.0
63839,STARLINK-34040,+,482.0,484.0,43.0
63840,STARLINK-33990,+,481.0,485.0,43.0
63841,STARLINK-34056,+,483.0,483.0,42.99
63842,STARLINK-34026,+,482.0,484.0,43.0
63843,STARLINK-33777,+,482.0,484.0,43.0
63844,STARLINK-34041,+,482.0,484.0,43.0
63845,STARLINK-34011,+,482.0,484.0,43.0
63846,STARLINK-34044,+,482.0,484.0,43.0
63847,STARLINK-34037,+,482.0,484.0,43.0
63848,STARLINK-34010,+,482.0,484.0,43.0
63849,STARLINK-34009,+,482.0,484.0,43.0
63850,STARLINK-33958,+,482.0,485.0,43.0
63851,STARLINK-33776,+,481.0,484.0,43.0
63853,STARLINK-34032,+,482.0,484.0,43.0
63854,STARLINK-34015,+,482.0,484.0,43.0
63855,STARLINK-33969,+,482.0,484.0,43.0
63856,STARLINK-34002,+,483.0,483.0,42.99
63857,STARLINK-33999,+,482.0,484.0,43.0
63858,STARLINK-33976,+,482.0,484.0,43.0
63859,STARLINK-33821,+,482.0,484.0,43.0
63860,STARLINK-33888,+,482.0,484.0,43.0
63861,STARLINK-33896,+,482.0,484.0,43.0
63862,STARLINK-33878,+,482.0,484.0,43.0
63863,STARLINK-33954,+,483.0,483.0,43.0
63864,STARLINK-33863,+,570.0,574.0,70.0
63865,STARLINK-33897,+,570.0,574.0,70.0
63866,STARLINK-34022,+,570.0,574.0,70.0
63867,STARLINK-33979,+,570.0,574.0,70.0
63868,STARLINK-34007,+,570.0,574.0,70.0
63869,STARLINK-34006,+,570.0,574.0,70.0
63870,STARLINK-33986,+,570.0,574.0,70.0
63871,STARLINK-34013,+,570.0,574.0,70.0
63872,STARLINK-34059,+,570.0,574.0,70.0
63873,STARLINK-33987,+,570.0,574.0,70.0
63874,STARLINK-34052,+,570.0,574.0,70.0
63875,STARLINK-34023,+,570.0,574.0,70.0
63877,STARLINK-33778,+,569.0,575.0,70.0
63878,STARLINK-33901,+,570.0,574.0,70.0
63879,STARLINK-33812,+,570.0,574.0,70.0
63880,STARLINK-33779,+,570.0,574.0,70.0
63881,STARLINK-33905,+,570.0,574.0,70.0
63882,STARLINK-34003,+,431.0,434.0,70.0
63883,STARLINK-33968,+,570.0,574.0,70.0
63884,STARLINK-33943,+,569.0,575.0,70.0
63885,STARLINK-33858,+,570.0,574.0,70.0
63886,STARLINK-33885,+,570.0,574.0,70.0
63887,STARLINK-33904,+,570.0,574.0,70.0
63888,STARLINK-33981,+,570.0,574.0,70.0
63889,STARLINK-33738,+,570.0,574.0,70.0
63890,STARLINK-34116,+,482.0,484.0,43.0
63891,STARLINK-34123,+,482.0,484.0,43.0
63893,STARLINK-33972,+,483.0,483.0,43.0
63894,STARLINK-33973,+,482.0,484.0,43.0
63895,STARLINK-34119,+,482.0,484.0,43.0
63896,STARLINK-34143,+,482.0,484.0,43.0
63897,STARLINK-33957,+,482.0,484.0,43.0
63898,STARLINK-34120,+,482.0,484.0,43.0
63899,STARLINK-34134,+,482.0,484.0,43.0
63900,STARLINK-34118,+,482.0,484.0,43.0
63901,STARLINK-34125,+,482.0,484.0,43.0
63902,STARLINK-33955,+,482.0,484.0,43.0
63903,STARLINK-34097,+,482.0,484.0,43.0
63904,STARLINK-34092,+,482.0,484.0,43.0
63905,STARLINK-34114,+,482.0,484.0,43.0
63906,STARLINK-33770,+,482.0,484.0,43.0
63907,STARLINK-34106,+,482.0,484.0,43.0
63908,STARLINK-34083,+,482.0,484.0,43.0
63909,STARLINK-34066,+,482.0,484.0,43.0
63910,STARLINK-34071,+,482.0,484.0,43.0
63911,STARLINK-34038,+,481.0,485.0,43.01
63912,STARLINK-34031,+,482.0,484.0,43.0
63913,STARLINK-34070,+,482.0,484.0,43.0
63914,STARLINK-34068,+,482.0,484.0,43.0
63915,STARLINK-34076,+,482.0,484.0,43.0
63916,STARLINK-33910,+,482.0,484.0,43.0
63917,STARLINK-34075,+,482.0,484.0,43.0
63918,YAOGAN-40 02A,+,850.0,852.0,86.0
63919,YAOGAN-40 02B,+,849.0,852.0,86.0
6392,METEOR 1-14,,828.0,904.0,81.23
63920,YAOGAN-40 02C,+,850.0,852.0,86.0
63926,STARLINK-34012,+,570.0,574.0,70.0
63927,STARLINK-33956,+,570.0,574.0,70.0
63928,STARLINK-33997,+,570.0,574.0,70.0
63929,STARLINK-33989,+,569.0,575.0,70.0
63930,STARLINK-33980,+,569.0,575.0,70.0
63931,STARLINK-33994,+,570.0,574.0,70.0
63932,STARLINK-33971,+,570.0,575.0,70.0
63933,STARLINK-33877,+,570.0,574.0,70.0
63934,STARLINK-33895,+,569.0,575.0,70.0
63935,STARLINK-34005,+,569.0,575.0,70.0
63936,STARLINK-34027,+,569.0,575.0,70.0
63937,STARLINK-34035,+,569.0,575.0,70.0
63938,STARLINK-33988,+,569.0,575.0,70.0
63939,STARLINK-34020,+,569.0,575.0,70.0
63940,STARLINK-34021,+,570.0,574.0,70.0
63941,STARLINK-34004,+,569.0,575.0,70.0
63942,STARLINK-34014,+,570.0,574.0,70.0
63943,STARLINK-33985,+,569.0,575.0,70.0
63944,STARLINK-33996,+,569.0,575.0,70.0
63945,STARLINK-34036,+,570.0,574.0,70.0
63946,STARLINK-34039,+,569.0,575.0,70.0
63947,STARLINK-34034,+,569.0,575.0,70.0
63948,STARLINK-33983,+,570.0,574.0,70.0
63949,STARLINK-33993,+,570.0,574.0,70.0
63950,STARLINK-33962,+,569.0,575.0,70.0
63951,STARLINK-33998,+,570.0,575.0,70.0
63952,STARLINK-34159,+,482.0,484.0,43.0
63953,STARLINK-34137,+,482.0,484.0,43.0
63954,STARLINK-33974,+,482.0,484.0,43.0
63955,STARLINK-34170,+,482.0,484.0,43.0
63956,STARLINK-34187,+,482.0,484.0,43.0
63957,STARLINK-34142,+,482.0,484.0,43.0
63958,STARLINK-34144,+,482.0,484.0,43.0
63959,STARLINK-34099,+,482.0,484.0,43.0
63960,STARLINK-34107,+,482.0,484.0,43.0
63961,STARLINK-34121,+,482.0,484.0,43.0
63962,STARLINK-34103,+,482.0,484.0,43.0
63963,STARLINK-33801,+,482.0,484.0,43.0
63964,STARLINK-34135,+,482.0,484.0,43.0
63965,STARLINK-34147,+,482.0,484.0,43.0
63966,STARLINK-33960,+,482.0,484.0,43.0
63967,STARLINK-34153,+,482.0,484.0,43.0
63968,STARLINK-33963,+,482.0,484.0,43.0
63969,STARLINK-34112,+,482.0,484.0,43.0
63970,STARLINK-34084,+,482.0,484.0,43.0
63971,STARLINK-34138,+,482.0,484.0,43.0
63972,STARLINK-34115,+,482.0,484.0,43.0
63973,STARLINK-34028,+,482.0,484.0,43.0
63974,STARLINK-33942,+,482.0,484.0,43.0
63975,STARLINK-34139,+,482.0,484.0,43.0
63976,STARLINK-34090,+,482.0,484.0,43.0
63977,STARLINK-34105,+,482.0,484.0,43.0
63978,STARLINK-33642,+,482.0,484.0,43.0
63979,STARLINK-34045,+,482.0,484.0,43.0
63982,SCS-01 A,+,482.0,522.0,97.36
63983,SCS-01 B,+,433.0,446.0,97.36
63984,SCS-01 C,+,481.0,524.0,97.36
63985,SCS-01 D,+,466.0,480.0,97.36
63986,SCS-01 E,+,494.0,511.0,97.36
63987,SCS-01 F,+,496.0,509.0,97.36
63988,SCS-01 G,+,474.0,494.0,97.37
63989,SCS-01 H,+,443.0,454.0,97.36
63990,SCS-01 J,+,482.0,495.0,97.36
63991,SCS-01 K,+,494.0,510.0,97.36
63992,SCS-01 L,+,495.0,510.0,97.36
63993,SCS-01 M,+,463.0,476.0,97.36
63994,STARLINK-33871,+,483.0,483.0,43.0
63995,STARLINK-34154,+,483.0,483.0,43.0
63996,STARLINK-34158,+,482.0,484.0,43.0
63997,STARLINK-34165,+,482.0,484.0,43.0
63998,STARLINK-34150,+,482.0,484.0,43.0
63999,STARLINK-34169,+,482.0,484.0,43.0
64000,STARLINK-34152,+,482.0,484.0,43.0
64001,STARLINK-33927,+,482.0,484.0,43.0
64002,STARLINK-33898,+,483.0,483.0,43.0
64003,STARLINK-33928,+,482.0,484.0,43.0
64004,STARLINK-33758,+,482.0,484.0,43.0
64005,STARLINK-33936,+,482.0,484.0,43.0
64006,STARLINK-33931,+,482.0,484.0,43.0
64007,STARLINK-33759,+,482.0,484.0,43.0
64008,STARLINK-34163,+,483.0,483.0,43.0
64009,STARLINK-34077,+,482.0,484.0,43.0
64010,STARLINK-34113,+,483.0,483.0,43.0
64011,STARLINK-34193,+,482.0,484.0,43.0
64012,STARLINK-34078,+,482.0,484.0,43.0
64013,STARLINK-34182,+,482.0,484.0,43.0
64014,STARLINK-34192,+,482.0,484.0,43.0
64015,STARLINK-34093,+,482.0,484.0,43.0
64016,STARLINK-34016,+,482.0,484.0,43.0
64017,STARLINK-34161,+,482.0,485.0,43.0
64018,STARLINK-34162,+,481.0,485.0,43.0
64019,STARLINK-34155,+,482.0,484.0,43.0
64020,STARLINK-34141,+,482.0,484.0,43.0
64021,STARLINK-34062,+,482.0,484.0,43.0
64022,STARLINK-34051,+,570.0,574.0,70.0
64023,STARLINK-34087,+,570.0,574.0,70.0
64024,STARLINK-34184,+,570.0,574.0,70.01
64025,STARLINK-34088,+,571.0,574.0,70.0
64026,STARLINK-33992,+,571.0,573.0,70.0
64027,STARLINK-33967,+,570.0,574.0,70.0
64028,STARLINK-33953,+,570.0,574.0,70.0
64029,STARLINK-33790,+,570.0,574.0,70.0
64030,STARLINK-34030,+,570.0,574.0,70.0
64031,STARLINK-34024,+,570.0,574.0,70.0
64032,STARLINK-34019,+,570.0,574.0,70.0
64033,STARLINK-33860,+,570.0,574.0,70.0
64034,STARLINK-33946,+,570.0,574.0,70.0
64035,STARLINK-34046,+,570.0,574.0,70.0
64036,STARLINK-34085,+,570.0,574.0,70.0
64037,STARLINK-34008,+,570.0,574.0,70.0
64038,STARLINK-34079,+,570.0,574.0,70.0
64039,STARLINK-34089,+,570.0,574.0,70.0
64040,STARLINK-34117,+,570.0,574.0,70.0
64041,STARLINK-34111,+,570.0,574.0,70.0
64042,STARLINK-34049,+,570.0,574.0,70.0
64043,STARLINK-34096,+,570.0,574.0,70.0
64044,STARLINK-34081,+,570.0,574.0,70.0
64045,STARLINK-34033,+,570.0,574.0,70.0
64046,STARLINK-33952,+,570.0,574.0,70.0
64047,STARLINK-33961,+,570.0,574.0,70.0
64048,TIANYI A,+,507.0,509.0,97.41
64049,TIANYI B,+,504.0,506.0,97.38
64050,TIANYI C,+,505.0,506.0,97.37
64051,TIANYI D,+,504.0,511.0,97.38
64052,TIANYI E,+,490.0,491.0,97.37
64053,TIANYI F,+,507.0,509.0,97.38
64055,QPS-SAR-10 (WADATSUMI-I),+,551.0,569.0,42.0
64058,TIANQI-16,+,889.0,905.0,44.98
64059,TIANQI-17,+,889.0,904.0,44.98
64060,TIANQI-18,+,889.0,904.0,44.98
64061,TIANQI-20,+,890.0,904.0,44.99
64064,STARLINK-11741 [DTC],+,355.0,358.0,43.0
64065,STARLINK-11709 [DTC],+,356.0,357.0,43.0
64066,STARLINK-11737 [DTC],+,355.0,358.0,43.0
64067,STARLINK-11726 [DTC],+,355.0,357.0,43.0
64068,STARLINK-11700 [DTC],+,355.0,357.0,43.0
64069,STARLINK-11649 [DTC],+,355.0,358.0,43.0
64070,STARLINK-11713 [DTC],+,356.0,357.0,43.0
64071,STARLINK-11719 [DTC],+,355.0,358.0,43.0
64072,STARLINK-11733 [DTC],+,355.0,358.0,43.0
64073,STARLINK-11729 [DTC],+,355.0,357.0,43.0
64074,STARLINK-11730 [DTC],+,355.0,357.0,43.0
64075,STARLINK-11723 [DTC],+,356.0,357.0,43.0
64076,STARLINK-11715 [DTC],+,355.0,358.0,43.0
64077,STARLINK-34201,+,482.0,484.0,43.0
64078,STARLINK-34190,+,482.0,484.0,43.0
64079,STARLINK-34168,+,482.0,484.0,43.0
64080,STARLINK-34098,+,482.0,484.0,43.0
64081,STARLINK-34180,+,480.0,486.0,43.0
64082,STARLINK-34171,+,482.0,484.0,43.0
64083,STARLINK-34126,+,481.0,485.0,43.0
64084,STARLINK-34157,+,482.0,484.0,43.0
64085,STARLINK-34140,+,482.0,484.0,43.0
64086,STARLINK-34132,+,481.0,485.0,43.0
64087,OBJECT A,+,513.0,519.0,97.47
64088,OBJECT B,+,501.0,514.0,97.47
64089,OBJECT C,+,524.0,532.0,97.46
64090,OBJECT D,+,498.0,517.0,97.46
64091,OBJECT E,+,479.0,497.0,97.46
64092,OBJECT F,+,468.0,485.0,97.47
64095,COSMOS 2588,+,475.0,488.0,72.97
64096,STARLINK-34178,+,470.0,471.0,53.16
64097,STARLINK-34174,+,462.0,463.0,53.16
64098,STARLINK-34146,+,462.0,463.0,53.16
64099,STARLINK-34074,+,475.0,476.0,53.16
64100,STARLINK-34082,+,475.0,476.0,53.16
64101,STARLINK-34072,+,470.0,471.0,53.16
64102,STARLINK-34104,+,462.0,463.0,53.16
64103,STARLINK-34179,+,470.0,471.0,53.16
64104,STARLINK-34176,+,474.0,476.0,53.16
64105,STARLINK-33949,+,470.0,471.0,53.16
64106,STARLINK-33970,+,462.0,463.0,53.16
64107,STARLINK-33912,+,470.0,471.0,53.16
64108,STARLINK-34156,+,470.0,471.0,53.16
64109,STARLINK-34124,+,470.0,471.0,53.16
64110,STARLINK-34145,+,462.0,464.0,53.16
64111,STARLINK-34148,+,470.0,471.0,53.16
64112,STARLINK-34136,+,470.0,471.0,53.16
64113,STARLINK-33839,+,470.0,471.0,53.16
64114,STARLINK-34064,+,470.0,471.0,53.16
64115,STARLINK-34067,+,442.0,448.0,53.16
64116,STARLINK-34080,+,470.0,471.0,53.16
64117,STARLINK-34122,+,470.0,472.0,53.16
64118,STARLINK-33964,+,470.0,471.0,53.16
64119,STARLINK-34160,+,462.0,463.0,53.16
64120,STARLINK-34151,+,469.0,472.0,53.16
64121,STARLINK-34189,+,470.0,472.0,53.16
64122,STARLINK-33991,+,470.0,471.0,53.17
64123,STARLINK-11727 [DTC],+,354.0,359.0,43.0
64124,STARLINK-11724 [DTC],+,355.0,357.0,43.0
64125,STARLINK-11725 [DTC],+,355.0,358.0,43.0
64126,STARLINK-11717 [DTC],+,355.0,357.0,43.0
64127,STARLINK-11721 [DTC],+,355.0,358.0,43.0
64128,STARLINK-11722 [DTC],+,355.0,357.0,43.0
64129,STARLINK-11679 [DTC],+,355.0,357.0,43.0
64130,STARLINK-11735 [DTC],+,355.0,357.0,43.0
64131,STARLINK-11720 [DTC],+,355.0,357.0,43.0
64132,STARLINK-11718 [DTC],+,355.0,359.0,43.0
64133,STARLINK-11716 [DTC],+,354.0,359.0,43.0
64134,STARLINK-11714 [DTC],+,355.0,357.0,43.0
64135,STARLINK-11712 [DTC],+,352.0,360.0,43.0
64136,STARLINK-34254,+,482.0,484.0,43.0
64138,STARLINK-34129,+,482.0,484.0,43.0
64139,STARLINK-34212,+,482.0,484.0,43.0
64140,STARLINK-34149,+,482.0,484.0,43.0
64141,STARLINK-34054,+,482.0,484.0,43.0
64142,STARLINK-34195,+,482.0,484.0,43.0
64143,STARLINK-34133,+,482.0,484.0,43.0
64144,STARLINK-34181,+,482.0,484.0,43.0
64145,STARLINK-34186,+,482.0,484.0,43.0
64146,STARLINK-34314,+,465.0,466.0,97.28
64147,STARLINK-33926,+,465.0,466.0,97.28
64148,STARLINK-34213,+,465.0,466.0,97.28
64149,STARLINK-33924,+,465.0,466.0,97.28
64150,STARLINK-34209,+,465.0,466.0,97.28
64151,STARLINK-34338,+,465.0,466.0,97.28
64152,STARLINK-34348,+,465.0,466.0,97.28
64153,STARLINK-34345,+,464.0,467.0,97.28
64154,STARLINK-33945,+,534.0,536.0,97.28
64155,STARLINK-34346,+,465.0,467.0,97.28
64156,STARLINK-34277,+,465.0,466.0,97.28
64157,STARLINK-34343,P,534.0,555.0,97.61
64158,STARLINK-34166,+,465.0,466.0,97.28
64159,STARLINK-34344,+,464.0,467.0,97.29
64160,STARLINK-34339,+,465.0,466.0,97.28
64161,STARLINK-34341,+,464.0,467.0,97.28
64162,STARLINK-34317,+,465.0,466.0,97.28
64163,STARLINK-34340,+,465.0,466.0,97.28
64164,STARLINK-34263,+,464.0,467.0,97.28
64165,STARLINK-33793,+,465.0,467.0,97.28
64166,STARLINK-34313,+,464.0,467.0,97.28
64167,STARLINK-34309,+,465.0,466.0,97.28
64168,STARLINK-34303,+,465.0,466.0,97.28
64169,STARLINK-34175,+,464.0,467.0,97.28
64170,STARLINK-34177,+,470.0,472.0,53.16
64171,STARLINK-34228,+,470.0,471.0,53.16
64172,STARLINK-34233,+,470.0,471.0,53.16
64173,STARLINK-34172,+,470.0,472.0,53.16
64174,STARLINK-34202,+,474.0,476.0,53.16
64175,STARLINK-34231,+,470.0,472.0,53.16
64176,STARLINK-34191,+,462.0,464.0,53.16
64177,STARLINK-34164,+,464.0,466.0,53.16
64178,STARLINK-34227,+,474.0,476.0,53.16
64179,STARLINK-34194,+,462.0,464.0,53.16
64180,STARLINK-34000,+,470.0,472.0,53.16
64181,STARLINK-33917,+,462.0,464.0,53.16
64182,STARLINK-34131,+,474.0,476.0,53.16
64183,STARLINK-34188,+,470.0,471.0,53.16
64184,STARLINK-34197,+,474.0,476.0,53.15
64185,STARLINK-34063,+,470.0,472.0,53.16
64186,STARLINK-34200,+,470.0,471.0,53.16
64187,STARLINK-33934,+,475.0,476.0,53.16
64188,STARLINK-33929,+,474.0,476.0,53.16
64189,STARLINK-33872,+,462.0,464.0,53.16
64190,STARLINK-34214,+,474.0,476.0,53.16
64191,STARLINK-34222,+,462.0,463.0,53.16
64192,STARLINK-34265,+,464.0,466.0,53.16
64193,STARLINK-34245,+,462.0,463.0,53.16
64194,STARLINK-34237,+,470.0,472.0,53.16
64195,STARLINK-33857,+,469.0,472.0,53.16
64196,STARLINK-34173,+,469.0,472.0,53.16
64199,SHIJIAN-26 (SJ-26),+,479.0,507.0,97.45
64203,STARLINK-33966,+,462.0,463.0,53.16
64204,STARLINK-34331,+,461.0,464.0,53.16
64205,STARLINK-34251,+,461.0,464.0,53.16
64206,STARLINK-34311,+,462.0,463.0,53.16
64207,STARLINK-34324,+,462.0,464.0,53.16
64208,STARLINK-34327,+,469.0,478.0,53.16
64209,STARLINK-33944,+,464.0,466.0,53.16
64210,STARLINK-34310,+,464.0,466.0,53.16
64211,STARLINK-34258,+,462.0,464.0,53.16
64212,STARLINK-34284,+,464.0,466.0,53.16
64213,STARLINK-34332,+,461.0,464.0,53.16
64214,STARLINK-34283,+,462.0,463.0,53.16
64215,STARLINK-34349,+,462.0,464.0,53.16
64216,STARLINK-34296,+,464.0,466.0,53.16
64217,STARLINK-34320,+,462.0,464.0,53.16
64218,STARLINK-34300,+,462.0,464.0,53.16
64219,STARLINK-34323,+,462.0,463.0,53.16
64220,STARLINK-34328,+,462.0,463.0,53.16
64221,STARLINK-34326,+,462.0,464.0,53.16
64222,STARLINK-34318,+,462.0,463.0,53.16
64223,STARLINK-34337,+,462.0,463.0,53.16
64224,STARLINK-34304,+,462.0,463.0,53.16
64225,STARLINK-34289,+,462.0,463.0,53.15
64226,STARLINK-34347,+,462.0,463.0,53.16
64227,STARLINK-34330,+,462.0,464.0,53.16
64228,STARLINK-34167,+,461.0,464.0,53.16
64229,STARLINK-34241,+,462.0,463.0,53.16
64231,GLOBAL-32,+,445.0,459.0,58.99
64233,STARLINK-11686 [DTC],+,355.0,357.0,43.0
64234,STARLINK-11682 [DTC],+,355.0,358.0,43.0
64235,STARLINK-11675 [DTC],+,355.0,358.0,43.0
64236,STARLINK-11691 [DTC],+,355.0,358.0,43.0
64237,STARLINK-11670 [DTC],+,355.0,358.0,43.0
64238,STARLINK-11708 [DTC],+,354.0,357.0,43.0
64239,STARLINK-11683 [DTC],+,355.0,357.0,43.0
64240,STARLINK-11684 [DTC],+,355.0,357.0,43.0
64241,STARLINK-11689 [DTC],+,356.0,357.0,43.0
64242,STARLINK-11690 [DTC],+,355.0,357.0,43.0
64243,STARLINK-11694 [DTC],P,302.0,317.0,42.99
64244,STARLINK-11710 [DTC],+,353.0,359.0,43.0
64245,STARLINK-11704 [DTC],+,355.0,357.0,43.0
64246,STARLINK-34203,+,482.0,484.0,43.0
64247,STARLINK-33865,+,483.0,483.0,43.0
64248,STARLINK-34234,+,482.0,484.0,43.0
64249,STARLINK-34256,+,483.0,483.0,43.0
64250,STARLINK-34229,+,483.0,483.0,43.0
64251,STARLINK-34224,+,482.0,484.0,43.01
64252,STARLINK-34215,+,482.0,484.0,43.0
64253,STARLINK-33893,+,482.0,484.0,43.0
64254,STARLINK-34183,+,483.0,483.0,43.0
64255,STARLINK-34211,+,482.0,484.0,43.0
64256,STARLINK-34329,+,462.0,463.0,53.16
64257,STARLINK-34352,+,461.0,464.0,53.16
64258,STARLINK-34308,+,462.0,464.0,53.16
64259,STARLINK-34306,+,462.0,464.0,53.16
64260,STARLINK-34281,+,462.0,464.0,53.16
64261,STARLINK-34297,+,461.0,464.0,53.16
64262,STARLINK-34325,+,462.0,464.0,53.16
64263,STARLINK-34276,+,470.0,471.0,53.16
64264,STARLINK-34333,+,462.0,464.0,53.16
64265,STARLINK-34240,+,462.0,464.0,53.16
64266,STARLINK-34315,+,462.0,464.0,53.16
64267,STARLINK-34321,+,462.0,464.0,53.16
64268,STARLINK-34319,+,462.0,464.0,53.16
64269,STARLINK-34298,+,462.0,463.0,53.16
64270,STARLINK-34219,+,462.0,464.0,53.16
64271,STARLINK-34342,+,462.0,464.0,53.16
64272,STARLINK-34001,+,461.0,464.0,53.16
64273,STARLINK-34334,+,462.0,463.0,53.16
64274,STARLINK-34272,+,462.0,464.0,53.16
64275,STARLINK-34293,+,461.0,464.0,53.16
64276,STARLINK-34350,+,462.0,464.0,53.16
64277,STARLINK-34264,+,461.0,464.0,53.16
64278,STARLINK-34353,+,462.0,464.0,53.16
64279,STARLINK-34377,+,462.0,463.0,53.16
64280,STARLINK-34359,+,462.0,464.0,53.16
64281,STARLINK-34366,+,462.0,464.0,53.16
64282,STARLINK-34381,+,462.0,464.0,53.16
64283,HULIANWANG DIGUI-30,+,1167.0,1169.0,86.5
64284,HULIANWANG DIGUI-31,+,1167.0,1169.0,86.51
64285,HULIANWANG DIGUI-32,+,1167.0,1169.0,86.5
64286,HULIANWANG DIGUI-33,+,1167.0,1169.0,86.51
64287,HULIANWANG DIGUI-34,+,1167.0,1169.0,86.5
64291,STARLINK-34448,+,570.0,574.0,70.0
64292,STARLINK-34362,+,570.0,574.0,70.0
64293,STARLINK-34428,+,570.0,574.0,70.0
64294,STARLINK-34388,+,570.0,574.0,70.0
64295,STARLINK-34424,+,570.0,574.0,70.0
64296,STARLINK-34443,+,570.0,574.0,70.0
64297,STARLINK-34369,+,570.0,574.0,70.0
64298,STARLINK-34391,+,570.0,574.0,70.0
64299,STARLINK-34378,+,570.0,574.0,70.0
64300,STARLINK-34376,+,570.0,574.0,70.0
64301,STARLINK-34372,+,570.0,574.0,70.0
64302,STARLINK-34379,+,435.0,439.0,70.0
64303,STARLINK-34356,+,570.0,574.0,70.0
64304,STARLINK-34360,+,570.0,574.0,70.0
64305,STARLINK-34383,+,563.0,569.0,70.0
64306,STARLINK-34355,+,570.0,574.0,70.0
64307,STARLINK-34380,+,570.0,574.0,70.0
64308,STARLINK-34374,+,571.0,574.0,70.0
64309,STARLINK-34370,+,570.0,574.0,70.0
64310,STARLINK-34357,+,570.0,574.0,70.0
64311,STARLINK-34368,+,570.0,574.0,70.0
64312,STARLINK-34384,+,571.0,573.0,70.0
64313,STARLINK-34358,+,570.0,574.0,70.0
64314,STARLINK-34354,+,570.0,574.0,70.0
64315,STARLINK-34387,+,570.0,574.0,70.0
64316,STARLINK-33590,+,570.0,574.0,70.0
64317,STARLINK-11736 [DTC],+,355.0,357.0,43.0
64318,STARLINK-11673 [DTC],+,356.0,357.0,43.0
64319,STARLINK-11671 [DTC],+,356.0,357.0,43.0
64320,STARLINK-11594 [DTC],+,355.0,358.0,43.0
64321,STARLINK-11596 [DTC],+,355.0,358.0,43.0
64322,STARLINK-11747 [DTC],+,354.0,357.0,43.0
64323,STARLINK-11728 [DTC],+,356.0,357.0,43.0
64324,STARLINK-11696 [DTC],+,354.0,359.0,43.0
64325,STARLINK-11698 [DTC],+,355.0,358.0,43.0
64327,STARLINK-11674 [DTC],+,355.0,358.0,43.0
64328,STARLINK-11707 [DTC],+,356.0,357.0,43.0
64329,STARLINK-11734 [DTC],+,356.0,357.0,43.0
64330,STARLINK-34252,+,481.0,485.0,43.01
64331,STARLINK-34050,+,481.0,485.0,43.01
64332,STARLINK-33782,+,482.0,484.0,43.0
64333,STARLINK-34207,+,482.0,484.0,43.0
64334,STARLINK-34260,+,482.0,484.0,43.0
64335,STARLINK-33855,+,482.0,484.0,43.0
64336,STARLINK-34223,+,482.0,484.0,43.0
64337,STARLINK-34216,+,482.0,484.0,43.0
64338,STARLINK-34218,+,482.0,484.0,43.0
64339,STARLINK-34017,+,482.0,483.0,43.0
64340,QPS-SAR-11 (YAMATSUMI-I),+,553.0,568.0,42.01
64344,STARLINK-33977,+,570.0,574.0,70.0
64345,STARLINK-34426,+,570.0,574.0,70.0
64346,STARLINK-34437,+,569.0,575.0,70.0
64347,STARLINK-34407,+,570.0,574.0,70.0
64348,STARLINK-34274,+,570.0,574.0,70.0
64349,STARLINK-34301,+,570.0,574.0,70.0
64350,STARLINK-34425,+,570.0,575.0,70.0
64351,STARLINK-34389,+,570.0,574.0,70.0
64352,STARLINK-34385,+,570.0,574.0,70.0
64353,STARLINK-34431,+,570.0,574.0,70.0
64354,STARLINK-34473,+,570.0,574.0,70.0
64355,STARLINK-34270,+,570.0,574.0,70.0
64356,STARLINK-34397,+,570.0,574.0,70.0
64357,STARLINK-34454,+,570.0,574.0,70.0
64358,STARLINK-34436,+,570.0,574.0,70.0
64359,STARLINK-34291,+,570.0,574.0,70.0
64360,STARLINK-34458,+,570.0,574.0,70.0
64361,STARLINK-34243,+,570.0,575.0,70.0
64362,STARLINK-34335,+,570.0,574.0,70.0
64363,STARLINK-34408,+,570.0,574.0,70.0
64364,STARLINK-34476,+,570.0,574.0,70.0
64365,STARLINK-34479,+,569.0,575.0,70.0
64366,STARLINK-34484,+,570.0,574.0,70.0
64367,STARLINK-34483,+,570.0,574.0,70.0
64368,STARLINK-34457,+,570.0,574.0,70.0
64369,STARLINK-34444,+,570.0,574.0,70.0
64370,STARLINK-11732 [DTC],+,355.0,358.0,43.0
64371,STARLINK-11731 [DTC],+,356.0,357.0,43.0
64372,STARLINK-11746 [DTC],+,354.0,358.0,43.0
64373,STARLINK-11748 [DTC],+,355.0,357.0,43.0
64374,STARLINK-11739 [DTC],+,356.0,357.0,43.0
64375,STARLINK-11738 [DTC],+,355.0,357.0,43.0
64376,STARLINK-11745 [DTC],+,355.0,357.0,43.0
64377,STARLINK-11742 [DTC],+,355.0,357.0,43.0
64378,STARLINK-11711 [DTC],+,356.0,357.0,43.0
64379,STARLINK-11743 [DTC],+,356.0,357.0,43.0
64380,STARLINK-11744 [DTC],+,355.0,358.0,43.0
64381,STARLINK-11692 [DTC],+,354.0,358.0,43.0
64382,STARLINK-11740 [DTC],+,356.0,357.0,43.0
64383,STARLINK-34299,+,482.0,484.0,43.0
64384,STARLINK-34271,+,482.0,484.0,43.01
64385,STARLINK-34100,+,482.0,484.0,43.01
64386,STARLINK-34269,+,482.0,484.0,43.0
64387,STARLINK-34351,+,482.0,484.0,43.0
64388,STARLINK-34198,+,482.0,484.0,43.0
64389,STARLINK-34279,+,482.0,484.0,43.0
64390,STARLINK-34292,+,482.0,484.0,43.0
64391,STARLINK-34278,+,482.0,484.0,43.0
64392,STARLINK-33802,+,482.0,484.0,43.0
64393,ZHANGHENG 1-02 (CSES-2),+,493.0,509.0,97.37
64412,STARLINK-34419,+,570.0,574.0,70.0
64413,STARLINK-34275,+,570.0,574.0,70.0
64414,STARLINK-34225,+,570.0,574.0,70.0
64415,STARLINK-34422,+,570.0,574.0,70.0
64416,STARLINK-34514,+,570.0,574.0,70.0
64417,STARLINK-34487,+,570.0,574.0,70.0
64418,STARLINK-34461,+,570.0,574.0,70.0
64419,STARLINK-34512,+,570.0,574.0,70.0
64420,STARLINK-34503,+,570.0,574.0,70.0
64421,STARLINK-34498,+,570.0,574.0,70.0
64422,STARLINK-34434,+,571.0,573.0,70.0
64423,STARLINK-34467,+,570.0,574.0,70.0
64424,STARLINK-34468,+,570.0,574.0,70.0
64425,STARLINK-34452,+,570.0,574.0,70.0
64426,STARLINK-34432,+,570.0,574.0,70.0
64427,STARLINK-34480,+,570.0,574.0,70.0
64428,STARLINK-34495,+,570.0,574.0,70.0
64429,STARLINK-34501,+,570.0,574.0,70.0
64430,STARLINK-34441,+,570.0,574.0,70.0
64431,STARLINK-34524,+,570.0,574.0,70.0
64432,STARLINK-34506,+,570.0,574.0,70.0
64433,STARLINK-34451,+,570.0,574.0,70.0
64434,STARLINK-34472,+,570.0,574.0,70.0
64435,STARLINK-34478,+,570.0,574.0,70.0
64436,STARLINK-34396,+,570.0,574.0,70.0
64437,STARLINK-34507,+,570.0,574.0,70.0
64438,STARLINK-34465,+,462.0,463.0,53.16
64439,STARLINK-34456,+,462.0,463.0,53.16
64440,STARLINK-34410,+,462.0,464.0,53.16
64441,STARLINK-34453,+,462.0,463.0,53.16
64442,STARLINK-34404,+,462.0,463.0,53.16
64443,STARLINK-34403,+,462.0,464.0,53.16
64444,STARLINK-34399,+,462.0,464.0,53.16
64445,STARLINK-34398,+,462.0,463.0,53.16
64446,STARLINK-34402,+,462.0,463.0,53.16
64447,STARLINK-34450,+,462.0,463.0,53.16
64448,STARLINK-34433,+,462.0,464.0,53.16
64449,STARLINK-34459,+,462.0,464.0,53.16
64450,STARLINK-34361,+,462.0,464.0,53.16
64451,STARLINK-34392,+,462.0,463.0,53.16
64452,STARLINK-34367,+,462.0,463.0,53.16
64453,STARLINK-34221,+,462.0,463.0,53.16
64454,STARLINK-34282,+,469.0,472.0,53.16
64455,STARLINK-34295,+,462.0,464.0,53.16
64456,STARLINK-34430,+,462.0,463.0,53.16
64457,STARLINK-34445,+,462.0,463.0,53.16
64458,STARLINK-34439,+,462.0,463.0,53.16
64459,STARLINK-34421,+,461.0,464.0,53.16
64460,STARLINK-34423,+,461.0,464.0,53.16
64461,STARLINK-34418,+,462.0,463.0,53.16
64462,STARLINK-34336,+,470.0,471.0,53.16
64463,STARLINK-34400,+,469.0,472.0,53.16
64464,STARLINK-34429,+,461.0,464.0,53.16
64465,STARLINK-34449,+,462.0,463.0,53.16
64472,STARLINK-34493,+,462.0,464.0,53.16
64473,STARLINK-34492,+,462.0,463.0,53.16
64474,STARLINK-34474,+,462.0,464.0,53.16
64475,STARLINK-34523,+,462.0,464.0,53.16
64476,STARLINK-34496,+,462.0,463.0,53.16
64477,STARLINK-34375,+,461.0,464.0,53.16
64478,STARLINK-34490,+,462.0,464.0,53.16
64479,STARLINK-34528,+,462.0,463.0,53.16
64480,STARLINK-34518,+,462.0,463.0,53.16
64481,STARLINK-34526,+,462.0,463.0,53.16
64482,STARLINK-34527,+,462.0,463.0,53.16
64483,STARLINK-34420,+,461.0,464.0,53.16
64484,STARLINK-34509,+,462.0,463.0,53.16
64485,STARLINK-34409,+,462.0,463.0,53.16
64486,STARLINK-34520,+,462.0,464.0,53.16
64487,STARLINK-34477,+,462.0,464.0,53.16
64488,STARLINK-34217,+,462.0,464.0,53.16
64489,STARLINK-34307,+,474.0,476.0,53.16
64490,STARLINK-34505,+,474.0,477.0,53.16
64491,STARLINK-34530,+,462.0,463.0,53.16
64492,STARLINK-34522,+,462.0,464.0,53.16
64493,STARLINK-34462,+,462.0,463.0,53.16
64494,STARLINK-34226,+,470.0,472.0,53.16
64495,STARLINK-34364,+,462.0,463.0,53.16
64497,STARLINK-34363,+,462.0,464.0,53.16
64498,STARLINK-34427,+,462.0,463.0,53.16
64500,KUIPER-00039,+,629.0,630.0,51.9
64501,KUIPER-00040,+,629.0,630.0,51.9
64502,KUIPER-00041,+,629.0,630.0,51.9
64503,KUIPER-00042,+,629.0,630.0,51.9
64504,KUIPER-00043,+,629.0,630.0,51.9
64505,KUIPER-00044,+,629.0,630.0,51.9
64506,KUIPER-00046,+,629.0,630.0,51.9
64507,KUIPER-00047,+,629.0,630.0,51.9
64508,KUIPER-00048,+,629.0,630.0,51.9
64509,KUIPER-00049,+,629.0,630.0,51.9
64510,KUIPER-00050,P,629.0,630.0,51.9
64511,KUIPER-00051,+,629.0,630.0,51.9
64513,KUIPER-00053,+,623.0,625.0,51.9
64514,KUIPER-00054,+,629.0,630.0,51.9
64515,KUIPER-00055,+,629.0,630.0,51.9
64516,KUIPER-00056,+,629.0,630.0,51.9
64517,KUIPER-00057,+,629.0,630.0,51.9
64518,KUIPER-00058,+,629.0,630.0,51.9
64519,KUIPER-00059,+,629.0,630.0,51.9
64520,KUIPER-00060,+,629.0,630.0,51.9
64521,KUIPER-00061,+,629.0,630.0,51.9
64522,KUIPER-00062,+,629.0,630.0,51.89
64523,KUIPER-00063,+,629.0,630.0,51.9
64524,KUIPER-00064,+,629.0,630.0,51.9
64525,KUIPER-00065,+,629.0,630.0,51.9
64526,KUIPER-00066,+,629.0,630.0,51.9
64528,GOOD ANCESTOR KILAKILA,+,488.0,493.0,97.47
64529,GHGSAT-C12,+,501.0,506.0,97.48
64530,DUTHSAT-2,+,479.0,483.0,97.47
64531,TRANSPORTER-14 OBJECT D,+,482.0,485.0,97.48
64532,TRANSPORTER-14 OBJECT E,+,482.0,485.0,97.48
64533,TPA-1,+,497.0,502.0,97.47
64534,CONNECTA IOT-9,+,502.0,507.0,97.48
64535,ROADS 1,+,494.0,499.0,97.47
64536,FOSSASAT-2E21,+,503.0,507.0,97.47
64537,OTTER PUP 2,+,494.0,497.0,97.48
64538,IOD-2,+,501.0,506.0,97.47
64539,ELARASAT MMS-1,+,494.0,497.0,97.48
64540,ARCSTONE,+,461.0,462.0,97.47
64541,PULSAR-0,+,503.0,505.0,97.47
64542,T1DES 1 (DRAGOON 1),+,484.0,486.0,97.47
64544,SKYBEE-A02,+,504.0,505.0,97.48
64545,ION SCV-020,+,503.0,511.0,97.47
64546,FORGESTAR-1,+,490.0,491.0,97.47
64547,TRANSPORTER-14 OBJECT V,+,487.0,489.0,97.47
64548,GHGSAT-C13,+,500.0,501.0,97.48
64549,ROADS 2,+,491.0,493.0,97.48
64550,BRO-18,+,497.0,500.0,97.47
64551,SATMAR,+,487.0,490.0,97.47
64552,HYPERFIELD-1B,+,496.0,499.0,97.47
64553,CONNECTA IOT-12,+,502.0,505.0,97.48
64554,TRANSPORTER-14 OBJECT AC,+,465.0,468.0,97.47
64555,CONNECTA IOT-10,+,502.0,505.0,97.47
64556,TRANSPORTER-14 OBJECT AE,+,484.0,487.0,97.48
64557,CONNECTA IOT-11,+,501.0,505.0,97.47
64558,QUICK3,+,477.0,482.0,97.48
64559,PADRE,+,587.0,592.0,97.78
64560,TRANSPORTER-14 OBJECT AJ,+,578.0,580.0,97.78
64561,LEMUR-2-KRISH,+,576.0,578.0,97.78
64562,HUBBLE 6,+,586.0,587.0,97.78
64563,AE3VA,+,571.0,576.0,97.77
64564,TIME FLIES,+,579.0,583.0,97.77
64565,LEMUR-2-HUBBLE-4,+,584.0,589.0,97.77
64566,ARVAKER-3,+,584.0,588.0,97.78
64567,ARVAKER-2,+,584.0,588.0,97.78
64568,IRIDE-MS2-HEO-3,+,590.0,593.0,97.78
64569,IRIDE-MS2-HEO-2,+,584.0,588.0,97.78
64570,ICEYE-X54,+,580.0,586.0,97.78
64571,IRIDE-MS2-HEO-5,+,590.0,594.0,97.78
64572,ICEYE-X52,+,584.0,589.0,97.78
64573,MUSAT-3ALPHA,+,553.0,558.0,97.71
64574,ICEYE-X56,+,577.0,582.0,97.78
64575,ION SCV-018,+,573.0,593.0,97.78
64576,IRIDE-MS2-HEO-6,+,590.0,594.0,97.78
64577,LYRA-3,+,631.0,662.0,97.78
64578,ICEYE-X57,+,563.0,566.0,97.81
64579,GRUS-3ALPHA,+,585.0,591.0,97.78
64580,YAM-10,+,589.0,595.0,97.78
64581,ICEYE-X55,+,577.0,584.0,97.78
64582,IRIDE-MS2-HEO-4,+,590.0,594.0,97.78
64583,CAPELLA-17 (ACADIA-7),+,587.0,596.0,97.77
64584,ICEYE-X53,+,563.0,566.0,97.73
64585,IRIDE-MS2-HEO-9,+,590.0,594.0,97.78
64586,LEMUR-2-SEJONG-2,+,571.0,580.0,97.77
64587,IRIDE-MS2-HEO-8,+,590.0,594.0,97.78
64588,BIFROST-DNK,+,579.0,587.0,97.78
64589,SATORO-T3,+,579.0,588.0,97.78
64590,TRANSPORTER-14 OBJECT BQ,+,580.0,589.0,97.78
64591,AE2A,+,570.0,579.0,97.77
64592,HUBBLE 7,+,584.0,590.0,97.78
64594,STARLINK-34280,+,461.0,464.0,53.16
64595,STARLINK-34517,+,462.0,463.0,53.16
64596,STARLINK-34510,+,462.0,463.0,53.16
64597,STARLINK-34486,+,461.0,464.0,53.16
64598,STARLINK-34463,+,462.0,464.0,53.16
64599,STARLINK-34294,+,461.0,464.0,53.16
64600,STARLINK-34504,+,462.0,463.0,53.16
64601,STARLINK-34508,+,473.0,477.0,53.15
64602,STARLINK-34435,+,462.0,463.0,53.16
64603,STARLINK-34475,+,464.0,466.0,53.16
64604,STARLINK-34488,+,474.0,476.0,53.16
64605,STARLINK-34516,+,470.0,471.0,53.16
64606,STARLINK-34073,+,474.0,476.0,53.16
64607,STARLINK-34532,+,462.0,463.0,53.16
64608,STARLINK-34519,+,462.0,463.0,53.16
64609,STARLINK-34513,+,461.0,464.0,53.16
64610,STARLINK-34569,+,462.0,463.0,53.16
64611,STARLINK-34494,+,462.0,463.0,53.16
64612,STARLINK-34521,+,465.0,466.0,53.16
64613,STARLINK-34500,+,462.0,463.0,53.16
64614,STARLINK-34440,+,462.0,463.0,53.16
64615,STARLINK-34469,+,474.0,476.0,53.16
64616,STARLINK-34413,+,462.0,464.0,53.16
64617,STARLINK-34417,+,462.0,463.0,53.16
64618,STARLINK-34415,+,462.0,463.0,53.16
64619,STARLINK-34416,+,461.0,464.0,53.15
64620,STARLINK-34414,+,462.0,464.0,53.16
64621,HAWK-12C,+,502.0,518.0,97.44
64622,HAWK-12B,+,502.0,517.0,97.45
64623,HAWK-12A,+,502.0,518.0,97.44
64624,KESTREL-0A,+,486.0,501.0,97.44
64664,STARLINK-34464,+,462.0,464.0,53.16
64665,STARLINK-34555,+,462.0,464.0,53.16
64666,STARLINK-34390,+,462.0,463.0,53.16
64667,STARLINK-34382,+,462.0,464.0,53.16
64668,STARLINK-34395,+,461.0,464.0,53.16
64669,STARLINK-34394,+,461.0,464.0,53.16
64670,STARLINK-34287,+,462.0,463.0,53.16
64671,STARLINK-34365,+,461.0,464.0,53.16
64672,STARLINK-34442,+,462.0,463.0,53.16
64673,STARLINK-34288,+,462.0,463.0,53.16
64674,STARLINK-34539,+,462.0,463.0,53.16
64675,STARLINK-34590,+,462.0,464.0,53.16
64676,STARLINK-34573,+,462.0,463.0,53.16
64677,STARLINK-34605,+,462.0,463.0,53.16
64678,STARLINK-34525,+,462.0,463.0,53.16
64679,STARLINK-34489,+,462.0,464.0,53.16
64680,STARLINK-34502,+,462.0,464.0,53.16
64681,STARLINK-34553,+,462.0,463.0,53.16
64682,STARLINK-34551,+,462.0,464.0,53.16
64683,STARLINK-34550,+,462.0,464.0,53.16
64684,STARLINK-34485,+,462.0,464.0,53.16
64685,STARLINK-34253,+,462.0,464.0,53.16
64686,STARLINK-34565,+,462.0,463.0,53.16
64687,STARLINK-34554,+,462.0,463.0,53.16
64688,STARLINK-34262,+,462.0,464.0,53.16
64689,STARLINK-34538,+,462.0,464.0,53.16
64690,STARLINK-34250,+,462.0,464.0,53.16
64691,LYRA-4,+,644.0,661.0,96.01
64694,GOSAT-GW (IBUKI GW),+,668.0,670.0,98.06
64696,STARLINK-34497,+,569.0,575.0,70.0
64697,STARLINK-34584,+,569.0,575.0,70.0
64698,STARLINK-34535,+,569.0,575.0,70.0
64699,STARLINK-34600,+,569.0,575.0,70.0
64700,STARLINK-34560,+,569.0,575.0,70.0
64701,STARLINK-34576,+,569.0,575.0,70.0
64702,STARLINK-34322,+,569.0,575.0,70.0
64703,STARLINK-34470,+,569.0,575.0,70.0
64704,STARLINK-34405,+,570.0,575.0,70.0
64705,STARLINK-34406,+,569.0,575.0,70.0
64706,STARLINK-34559,+,570.0,574.0,70.0
64707,STARLINK-34316,+,569.0,575.0,70.0
64708,STARLINK-34563,+,569.0,575.0,70.0
64709,STARLINK-34499,+,569.0,575.0,70.0
64710,STARLINK-34447,+,570.0,574.0,70.0
64711,STARLINK-34312,+,569.0,575.0,70.0
64712,STARLINK-34515,+,570.0,575.0,70.0
64713,STARLINK-34583,+,569.0,575.0,70.0
64714,STARLINK-34574,+,570.0,575.0,70.0
64715,STARLINK-34533,+,569.0,575.0,70.0
64716,STARLINK-34548,+,569.0,575.0,70.0
64717,STARLINK-34568,+,569.0,575.0,70.0
64718,STARLINK-34546,+,569.0,575.0,70.0
64719,STARLINK-34577,+,570.0,574.0,70.0
64720,STARLINK-34572,+,569.0,575.0,70.0
64721,STARLINK-34558,+,569.0,575.0,70.0
64724,STARLINK-34393,+,462.0,464.0,53.16
64725,STARLINK-34562,+,464.0,466.0,53.16
64726,STARLINK-34557,+,462.0,463.0,53.16
64727,STARLINK-34242,+,462.0,463.0,53.16
64728,STARLINK-34239,+,462.0,464.0,53.16
64729,STARLINK-34588,+,465.0,466.0,53.16
64730,STARLINK-34606,+,461.0,464.0,53.16
64731,STARLINK-34552,+,462.0,463.0,53.16
64732,STARLINK-34596,+,462.0,464.0,53.16
64733,STARLINK-34556,+,462.0,463.0,53.16
64734,STARLINK-34591,+,462.0,464.0,53.16
64735,STARLINK-34587,+,474.0,476.0,53.16
64736,STARLINK-34130,+,462.0,464.0,53.16
64737,STARLINK-34619,+,462.0,464.0,53.16
64738,STARLINK-34597,+,462.0,463.0,53.16
64739,STARLINK-34471,+,474.0,476.0,53.16
64740,STARLINK-34208,+,462.0,464.0,53.16
64741,STARLINK-34205,+,462.0,464.0,53.16
64742,STARLINK-34607,+,463.0,467.0,53.16
64743,STARLINK-34236,+,462.0,463.0,53.16
64744,STARLINK-34185,+,462.0,464.0,53.16
64745,STARLINK-34581,+,464.0,466.0,53.16
64746,STARLINK-34592,+,462.0,464.0,53.16
64747,STARLINK-34589,+,462.0,463.0,53.16
64748,STARLINK-34536,+,475.0,476.0,53.16
64749,STARLINK-34595,+,465.0,466.0,53.16
64750,STARLINK-34531,+,462.0,464.0,53.16
64753,SHIYAN-28B 01,+,791.0,796.0,11.0
64755,STARLINK-33965,+,462.0,464.0,53.16
64756,STARLINK-34371,+,470.0,471.0,53.16
64757,STARLINK-34401,+,462.0,464.0,53.16
64758,STARLINK-34593,+,462.0,464.0,53.16
64759,STARLINK-34598,+,462.0,464.0,53.16
64760,STARLINK-34235,+,462.0,464.0,53.16
64761,STARLINK-34635,+,462.0,463.0,53.16
64762,STARLINK-34638,+,462.0,464.0,53.16
64763,STARLINK-34534,+,462.0,464.0,53.16
64764,STARLINK-34261,+,462.0,464.0,53.16
64765,STARLINK-34566,+,462.0,463.0,53.16
64766,STARLINK-34645,+,468.0,472.0,53.16
64767,STARLINK-34639,+,462.0,464.0,53.16
64768,STARLINK-34609,+,462.0,463.0,53.16
64769,STARLINK-34246,+,462.0,463.0,53.16
64770,STARLINK-34618,+,462.0,464.0,53.16
64771,STARLINK-34541,+,462.0,464.0,53.16
64772,STARLINK-34652,+,462.0,464.0,53.16
64773,STARLINK-34612,+,462.0,464.0,53.16
64774,STARLINK-34621,+,474.0,476.0,53.16
64775,STARLINK-34657,+,462.0,463.0,53.16
64776,STARLINK-34637,+,462.0,463.0,53.16
64777,STARLINK-34547,+,462.0,464.0,53.16
64778,STARLINK-34537,+,462.0,464.0,53.16
64779,STARLINK-34585,+,462.0,464.0,53.16
64780,STARLINK-34491,+,462.0,464.0,53.16
64781,STARLINK-34582,+,462.0,464.0,53.16
64782,STARLINK-34482,+,462.0,463.0,53.16
64790,STARLINK-34629,+,570.0,574.0,70.0
64791,STARLINK-34697,+,570.0,574.0,70.0
64792,STARLINK-34632,+,570.0,574.0,70.0
64793,STARLINK-34693,+,570.0,574.0,70.0
64794,STARLINK-34666,+,571.0,574.0,70.0
64795,STARLINK-34567,+,570.0,574.0,70.0
64796,STARLINK-34646,+,570.0,574.0,70.0
64797,STARLINK-34641,+,570.0,574.0,70.0
64798,STARLINK-34649,+,570.0,574.0,70.0
64799,STARLINK-34662,+,570.0,574.0,70.0
64800,STARLINK-34660,+,570.0,574.0,70.0
64801,STARLINK-34604,+,570.0,574.0,70.0
64802,STARLINK-34658,+,570.0,574.0,70.0
64803,STARLINK-34620,+,570.0,574.0,70.0
64804,STARLINK-34633,+,570.0,574.0,70.0
64805,STARLINK-34624,+,570.0,574.0,70.0
64806,STARLINK-34664,+,570.0,574.0,69.99
64807,STARLINK-34663,+,570.0,574.0,70.0
64808,STARLINK-34696,+,570.0,574.0,70.0
64809,STARLINK-34675,+,570.0,574.0,70.0
64810,STARLINK-34608,+,570.0,574.0,70.0
64811,STARLINK-34669,+,570.0,574.0,70.0
64812,STARLINK-34644,+,570.0,574.0,70.0
64813,STARLINK-34685,+,570.0,574.0,70.0
64814,STARLINK-34668,+,570.0,574.0,70.0
64815,STARLINK-34667,+,570.0,574.0,70.0
64816,KUIPER-00069,+,629.0,630.0,51.9
64817,KUIPER-00070,+,629.0,630.0,51.9
64818,KUIPER-00071,+,629.0,630.0,51.9
64819,KUIPER-00072,+,629.0,630.0,51.9
64820,KUIPER-00073,+,629.0,630.0,51.9
64822,KUIPER-00075,+,449.0,454.0,51.86
64823,KUIPER-00076,+,629.0,630.0,51.9
64824,KUIPER-00077,+,629.0,630.0,51.9
64825,KUIPER-00078,+,629.0,630.0,51.9
64826,KUIPER-00079,+,629.0,630.0,51.9
64827,KUIPER-00080,+,629.0,630.0,51.9
64828,KUIPER-00082,+,629.0,630.0,51.9
64829,KUIPER-00083,+,629.0,630.0,51.9
64830,KUIPER-00084,+,629.0,630.0,51.9
64831,KUIPER-00085,+,629.0,630.0,51.9
64832,KUIPER-00086,+,628.0,631.0,51.9
64833,KUIPER-00087,+,629.0,630.0,51.9
64834,KUIPER-00089,+,629.0,630.0,51.9
64835,KUIPER-00090,+,629.0,630.0,51.9
64836,KUIPER-00091,+,629.0,630.0,51.9
64837,KUIPER-00092,+,629.0,630.0,51.9
64838,KUIPER-00093,+,629.0,630.0,51.9
64839,KUIPER-00094,+,629.0,630.0,51.9
64840,LEMUR-2-HUBBLE-5,+,580.0,589.0,97.78
64841,LEMUR-2-KARENDARRELL,+,555.0,573.0,97.78
64842,STARLINK-34723,+,464.0,467.0,97.29
64843,STARLINK-34725,+,464.0,468.0,97.28
64844,STARLINK-34709,+,464.0,467.0,97.28
64845,STARLINK-34706,+,464.0,467.0,97.28
64846,STARLINK-34736,+,464.0,467.0,97.29
64847,STARLINK-34746,+,464.0,467.0,97.29
64848,STARLINK-34748,+,465.0,466.0,97.29
64849,STARLINK-34756,+,464.0,467.0,97.29
64850,STARLINK-34757,+,465.0,467.0,97.29
64851,STARLINK-34722,+,464.0,467.0,97.29
64852,STARLINK-34564,+,464.0,467.0,97.29
64853,STARLINK-34676,+,464.0,467.0,97.28
64854,STARLINK-34682,+,465.0,466.0,97.29
64855,STARLINK-34631,+,465.0,467.0,97.29
64856,STARLINK-34578,+,464.0,467.0,97.29
64857,STARLINK-34683,+,465.0,467.0,97.29
64858,STARLINK-34654,+,479.0,482.0,97.29
64859,STARLINK-34575,+,491.0,492.0,97.28
64860,STARLINK-34570,+,465.0,467.0,97.28
64861,STARLINK-34651,+,470.0,473.0,97.29
64862,STARLINK-34684,+,464.0,467.0,97.29
64863,STARLINK-34690,+,472.0,474.0,97.29
64864,STARLINK-34628,+,476.0,479.0,97.29
64865,STARLINK-34544,+,465.0,467.0,97.29
64869,LIDE,+,579.0,587.0,97.67
64870,TRACERS 1,+,582.0,591.0,97.66
64871,ATHENA EPIC,+,579.0,590.0,97.66
64872,SKYCRAFT-4B,+,569.0,576.0,97.66
64873,TRACERS 2,+,583.0,590.0,97.66
64874,PEXT (BARD),+,501.0,506.0,97.39
64875,REAL,+,459.0,461.0,97.4
64876,IONOSFERA-M 3,+,819.0,822.0,98.61
64877,IONOSFERA-M 4,+,819.0,821.0,98.61
64878,INNOSAT 16 (RS92S7),+,481.0,494.0,97.46
64879,GEOSCAN 6 (RS92S6),+,468.0,476.0,97.46
64880,GEOSCAN 1 (RS92S1),+,466.0,474.0,97.46
64881,239ALFEROV (RS61S),+,459.0,466.0,97.46
64882,OBJECT G,+,471.0,478.0,97.46
64883,OBJECT H,+,471.0,478.0,97.46
64884,OBJECT J,+,471.0,478.0,97.46
64885,OBJECT K,+,433.0,437.0,97.46
64886,OBJECT L,+,428.0,431.0,97.45
64887,OBJECT M,+,439.0,444.0,97.46
64888,OBJECT N,+,427.0,431.0,97.45
64889,OBJECT P,+,481.0,489.0,97.47
64890,GEOSCAN 2 (RS92S2),+,466.0,472.0,97.46
64891,GEOSCAN 5 (RS92S5),+,458.0,464.0,97.46
64892,GEOSCAN 4 (RS92S4),+,458.0,463.0,97.46
64893,GEOSCAN 3 (RS92S3),+,451.0,456.0,97.46
64894,INNOSAT 3 (RS92S0),+,420.0,422.0,97.45
64895,OBJECT V,+,471.0,478.0,97.46
64896,SKYCRAFT-4C,+,576.0,585.0,97.66
64897,SKYCRAFT-4A,+,570.0,580.0,97.67
64898,SKYKRAFT-4D,+,573.0,580.0,97.66
64899,MICROCARB,+,639.0,665.0,98.0
64900,CO3D 3,+,505.0,506.0,97.43
64901,CO3D 4,+,504.0,507.0,97.43
64902,CO3D 2,+,504.0,506.0,97.43
64903,CO3D 1,+,504.0,506.0,97.43
64904,STARLINK-34647,+,462.0,464.0,53.16
64905,STARLINK-34273,+,461.0,464.0,53.16
64906,STARLINK-34713,+,461.0,465.0,53.16
64907,STARLINK-34712,+,462.0,464.0,53.16
64908,STARLINK-34702,+,470.0,472.0,53.16
64909,STARLINK-34687,+,462.0,464.0,53.16
64910,STARLINK-34642,+,470.0,471.0,53.16
64911,STARLINK-34718,+,462.0,464.0,53.16
64912,STARLINK-34711,+,462.0,463.0,53.16
64913,STARLINK-34659,+,470.0,471.0,53.16
64914,STARLINK-34571,+,461.0,464.0,53.16
64915,STARLINK-34636,+,462.0,463.0,53.16
64916,STARLINK-34695,+,462.0,464.0,53.16
64917,STARLINK-34653,+,470.0,471.0,53.16
64918,STARLINK-34611,+,462.0,463.0,53.16
64919,STARLINK-34599,+,462.0,463.0,53.16
64920,STARLINK-34069,+,462.0,463.0,53.16
64921,STARLINK-34699,+,462.0,463.0,53.16
64922,STARLINK-34700,+,462.0,464.0,53.16
64923,STARLINK-34643,+,462.0,463.0,53.16
64924,STARLINK-34199,+,470.0,471.0,53.16
64925,STARLINK-34579,+,462.0,463.0,53.16
64926,STARLINK-34543,+,470.0,472.0,53.16
64927,STARLINK-34661,+,462.0,463.0,53.16
64928,STARLINK-34248,+,462.0,463.0,53.16
64929,STARLINK-34290,+,462.0,463.0,53.16
64930,STARLINK-34220,+,470.0,471.0,53.16
64931,STARLINK-34715,+,462.0,463.0,53.16
64932,STARLINK-34705,+,548.0,551.0,97.28
64933,STARLINK-34737,+,548.0,551.0,97.28
64934,STARLINK-34775,+,548.0,551.0,97.29
64935,STARLINK-34726,+,548.0,551.0,97.29
64936,STARLINK-34529,+,548.0,551.0,97.28
64937,STARLINK-34743,+,548.0,551.0,97.28
64938,STARLINK-34730,+,548.0,551.0,97.28
64939,STARLINK-34714,+,548.0,551.0,97.28
64940,STARLINK-34755,+,550.0,554.0,97.29
64941,STARLINK-34740,+,548.0,551.0,97.28
64942,STARLINK-34742,+,548.0,551.0,97.28
64943,STARLINK-34719,+,548.0,551.0,97.28
64944,STARLINK-34373,+,548.0,551.0,97.28
64945,STARLINK-34758,+,548.0,551.0,97.29
64946,STARLINK-34753,+,548.0,551.0,97.29
64947,STARLINK-34747,+,548.0,551.0,97.29
64948,STARLINK-34630,+,548.0,551.0,97.28
64949,STARLINK-34689,+,548.0,551.0,97.28
64950,STARLINK-34586,+,548.0,551.0,97.28
64951,STARLINK-34738,+,549.0,550.0,97.28
64952,STARLINK-34744,+,548.0,551.0,97.28
64953,STARLINK-34701,+,548.0,551.0,97.28
64954,STARLINK-34761,+,548.0,551.0,97.28
64955,STARLINK-34732,+,548.0,551.0,97.29
64956,HULIANWANG DIGUI-35,+,1167.0,1169.0,86.49
64957,HULIANWANG DIGUI-36,+,1166.0,1169.0,86.49
64958,HULIANWANG DIGUI-37,+,1166.0,1169.0,86.49
64959,HULIANWANG DIGUI-38,+,1166.0,1169.0,86.49
64960,HULIANWANG DIGUI-39,+,1166.0,1169.0,86.49
64962,ENSHI XIDA SHANQUAN,+,424.0,430.0,97.36
65015,STARLINK-34617,+,343.0,345.0,53.16
65016,STARLINK-34627,+,461.0,464.0,53.16
65017,STARLINK-34549,+,462.0,463.0,53.16
65018,STARLINK-34623,+,462.0,464.0,53.16
65019,STARLINK-34232,+,462.0,464.0,53.16
65020,STARLINK-34772,+,462.0,464.0,53.16
65021,STARLINK-34778,+,462.0,463.0,53.16
65022,STARLINK-34789,+,460.0,465.0,53.15
65023,STARLINK-34858,+,462.0,463.0,53.16
65024,STARLINK-34773,+,462.0,464.0,53.16
65025,STARLINK-34727,+,462.0,464.0,53.16
65026,STARLINK-34804,+,463.0,463.0,53.16
65027,STARLINK-34655,+,462.0,463.0,53.16
65028,STARLINK-34807,+,462.0,464.0,53.16
65029,STARLINK-34731,+,462.0,463.0,53.15
65030,STARLINK-34614,+,461.0,464.0,53.16
65031,STARLINK-34677,+,462.0,464.0,53.15
65032,STARLINK-34656,+,462.0,464.0,53.16
65034,STARLINK-34610,+,462.0,464.0,53.16
65035,STARLINK-34286,+,462.0,464.0,53.16
65036,STARLINK-34770,+,462.0,463.0,53.16
65037,STARLINK-34776,+,462.0,464.0,53.17
65038,STARLINK-34827,+,462.0,464.0,53.16
65039,STARLINK-34721,+,462.0,463.0,53.16
65040,STARLINK-34819,+,462.0,464.0,53.16
65041,STARLINK-34820,+,462.0,464.0,53.15
65042,STARLINK-34824,+,461.0,464.0,53.16
65043,HULIANWANG DIGUI-40,+,1149.0,1150.0,50.0
65044,HULIANWANG DIGUI-41,+,1149.0,1150.0,50.0
65045,HULIANWANG DIGUI-42,+,1149.0,1150.0,50.0
65046,HULIANWANG DIGUI-43,+,1149.0,1150.0,50.0
65047,HULIANWANG DIGUI-44,+,1148.0,1150.0,50.0
65048,HULIANWANG DIGUI-45,+,1149.0,1150.0,50.01
65049,HULIANWANG DIGUI-46,+,1149.0,1150.0,50.01
65050,HULIANWANG DIGUI-47,+,1149.0,1150.0,50.0
65051,HULIANWANG DIGUI-48,+,1149.0,1150.0,50.01
65053,NISAR,+,749.0,751.0,98.41
65055,PRSC-S1,+,542.0,549.0,41.13
65056,STARLINK-34788,+,547.0,551.0,97.28
65057,STARLINK-34745,+,548.0,551.0,97.28
65058,STARLINK-34779,+,549.0,550.0,97.28
65059,STARLINK-34803,+,548.0,551.0,97.28
65060,STARLINK-34717,+,548.0,551.0,97.28
65061,STARLINK-34750,+,548.0,551.0,97.28
65062,STARLINK-34708,+,548.0,551.0,97.28
65063,STARLINK-34798,+,548.0,551.0,97.28
65064,STARLINK-34793,+,548.0,551.0,97.28
65065,STARLINK-34806,+,549.0,550.0,97.28
65066,STARLINK-34739,+,548.0,551.0,97.28
65067,STARLINK-34802,+,548.0,551.0,97.28
65068,STARLINK-34810,+,548.0,551.0,97.28
65069,STARLINK-34809,+,549.0,550.0,97.28
65070,STARLINK-34794,+,549.0,550.0,97.28
65071,STARLINK-34805,+,548.0,551.0,97.28
65072,STARLINK-34735,+,548.0,551.0,97.28
65073,STARLINK-34781,+,549.0,550.0,97.28
65074,STARLINK-34780,+,549.0,550.0,97.28
65075,USA 549,+,444.0,446.0,97.6
65076,USA 550,+,447.0,449.0,97.6
65078,STARLINK-34771,+,462.0,464.0,53.16
65079,STARLINK-34634,+,462.0,463.0,53.16
65080,STARLINK-34267,+,462.0,463.0,53.16
65081,STARLINK-34561,+,462.0,464.0,53.16
65082,STARLINK-34626,+,461.0,465.0,53.16
65083,STARLINK-34247,+,462.0,464.0,53.16
65084,STARLINK-34601,+,461.0,464.0,53.16
65086,STARLINK-34822,+,474.0,476.0,53.16
65087,STARLINK-34686,+,474.0,476.0,53.16
65088,STARLINK-34594,+,475.0,476.0,53.16
65089,STARLINK-34665,+,475.0,476.0,53.16
65090,STARLINK-34673,+,475.0,476.0,53.16
65091,STARLINK-34648,+,461.0,464.0,53.16
65092,STARLINK-34640,+,474.0,476.0,53.16
65093,STARLINK-34266,+,462.0,463.0,53.16
65094,STARLINK-34769,+,462.0,463.0,53.16
65095,STARLINK-34768,+,462.0,464.0,53.16
65096,STARLINK-34759,+,462.0,463.0,53.16
65097,STARLINK-34741,+,462.0,463.0,53.16
65098,STARLINK-34764,+,462.0,463.0,53.16
65099,STARLINK-34815,+,460.0,465.0,53.16
65100,STARLINK-34814,+,462.0,463.0,53.16
65101,STARLINK-34285,+,462.0,463.0,53.16
65102,STARLINK-34857,+,462.0,464.0,53.16
65103,STARLINK-34887,+,462.0,463.0,53.16
65104,STARLINK-34481,+,462.0,464.0,53.16
65105,STARLINK-34545,+,462.0,463.0,53.16
65106,HULIANWANG DIGUI-49,+,1144.0,1155.0,50.0
65107,HULIANWANG DIGUI-50,+,1143.0,1156.0,50.0
65108,HULIANWANG DIGUI-51,+,1142.0,1157.0,50.0
65109,HULIANWANG DIGUI-52,+,1142.0,1157.0,50.0
65110,HULIANWANG DIGUI-53,+,1143.0,1156.0,50.0
65111,HULIANWANG DIGUI-54,+,1142.0,1157.0,50.0
65112,HULIANWANG DIGUI-55,+,1141.0,1158.0,50.0
65113,HULIANWANG DIGUI-56,+,1141.0,1158.0,50.0
65114,HULIANWANG DIGUI-57,+,1143.0,1156.0,50.0
65116,QPS-SAR-12 (KUSHINADA-I),+,556.0,569.0,42.01
65119,GEESAT-4 01,+,609.0,624.0,49.99
65120,GEESAT-4 02,+,609.0,623.0,49.98
65121,GEESAT-4 03,+,602.0,631.0,49.99
65122,GEESAT-4 04,+,601.0,643.0,49.97
65123,GEESAT-4 05,+,617.0,627.0,49.99
65124,GEESAT-4 06,+,603.0,629.0,49.98
65125,GEESAT-4 07,+,603.0,629.0,49.99
65126,GEESAT-4 08,+,608.0,637.0,49.97
65127,GEESAT-4 09,+,609.0,640.0,49.99
65128,GEESAT-4 10,+,605.0,639.0,49.98
65129,GEESAT-4 11,+,611.0,621.0,49.98
65132,KUIPER-00081,+,629.0,630.0,51.9
65133,KUIPER-00088,+,629.0,630.0,51.9
65134,KUIPER-00095,+,629.0,630.0,51.9
65135,KUIPER-00096,+,629.0,630.0,51.9
65136,KUIPER-00097,+,629.0,630.0,51.9
65137,KUIPER-00098,+,629.0,630.0,51.9
65138,KUIPER-00099,+,629.0,630.0,51.9
65139,KUIPER-00100,+,629.0,630.0,51.9
65140,KUIPER-00102,+,629.0,630.0,51.9
65141,KUIPER-00103,+,629.0,630.0,51.9
65142,KUIPER-00104,+,629.0,630.0,51.9
65143,KUIPER-00105,+,629.0,630.0,51.9
65144,KUIPER-00106,+,629.0,630.0,51.9
65145,KUIPER-00107,+,629.0,630.0,51.9
65146,KUIPER-00108,+,629.0,630.0,51.9
65147,KUIPER-00109,+,629.0,630.0,51.9
65148,KUIPER-00110,+,629.0,630.0,51.9
65149,KUIPER-00111,+,629.0,630.0,51.9
65150,KUIPER-00112,+,629.0,630.0,51.91
65151,KUIPER-00114,+,629.0,630.0,51.9
65152,KUIPER-00115,+,629.0,630.0,51.9
65153,KUIPER-00116,+,629.0,630.0,51.9
65154,KUIPER-00118,+,629.0,630.0,51.9
65155,KUIPER-00119,+,629.0,630.0,51.9
65159,METOP-SGA1,+,819.0,821.0,98.66
65164,HULIANWANG DIGUI-58,+,1166.0,1170.0,86.49
65165,HULIANWANG DIGUI-59,+,1166.0,1170.0,86.49
65166,HULIANWANG DIGUI-60,+,1166.0,1170.0,86.49
65167,HULIANWANG DIGUI-61,+,1166.0,1170.0,86.49
65168,HULIANWANG DIGUI-62,+,1166.0,1170.0,86.49
65169,HULIANWANG DIGUI-63,+,1166.0,1170.0,86.49
65170,HULIANWANG DIGUI-64,+,1166.0,1170.0,86.49
65171,HULIANWANG DIGUI-65,+,1166.0,1170.0,86.49
65172,HULIANWANG DIGUI-66,+,1166.0,1170.0,86.49
65173,HULIANWANG DIGUI-67,+,1166.0,1170.0,86.49
65174,STARLINK-34956,+,464.0,467.0,97.29
65175,STARLINK-34949,+,464.0,467.0,97.29
65176,STARLINK-34707,+,464.0,467.0,97.28
65177,STARLINK-34967,+,464.0,467.0,97.28
65178,STARLINK-34929,+,464.0,467.0,97.28
65179,STARLINK-34932,+,464.0,467.0,97.28
65180,STARLINK-34862,+,465.0,466.0,97.28
65181,STARLINK-34942,+,464.0,467.0,97.28
65182,STARLINK-34944,+,464.0,467.0,97.28
65183,STARLINK-34939,+,464.0,467.0,97.28
65184,STARLINK-34947,+,464.0,467.0,97.28
65185,STARLINK-34945,+,464.0,467.0,97.28
65186,STARLINK-34965,+,464.0,467.0,97.28
65187,STARLINK-34915,+,464.0,467.0,97.28
65188,STARLINK-34972,+,463.0,468.0,97.28
65189,STARLINK-34866,+,464.0,467.0,97.28
65190,STARLINK-34917,+,464.0,467.0,97.28
65191,STARLINK-34948,+,464.0,467.0,97.28
65192,STARLINK-34955,+,463.0,468.0,97.28
65193,STARLINK-34950,+,464.0,467.0,97.28
65194,STARLINK-34926,P,463.0,468.0,97.28
65195,STARLINK-34928,+,464.0,467.0,97.28
65196,STARLINK-34927,+,464.0,467.0,97.28
65197,STARLINK-34952,+,464.0,467.0,97.29
65198,STARLINK-34981,+,462.0,464.0,53.16
65199,STARLINK-34821,+,462.0,464.0,53.16
65200,STARLINK-34865,+,462.0,464.0,53.16
65201,STARLINK-34843,+,462.0,464.0,53.16
65202,STARLINK-34905,+,462.0,463.0,53.16
65203,STARLINK-34914,+,462.0,463.0,53.16
65204,STARLINK-34787,+,462.0,464.0,53.16
65205,STARLINK-34796,+,462.0,463.0,53.16
65206,STARLINK-34763,+,462.0,463.0,53.16
65207,STARLINK-34901,+,462.0,463.0,53.16
65208,STARLINK-34841,+,462.0,463.0,53.16
65209,STARLINK-34976,+,462.0,463.0,53.16
65210,STARLINK-34941,+,462.0,463.0,53.16
65211,STARLINK-34847,+,462.0,463.0,53.16
65212,STARLINK-34897,+,462.0,463.0,53.16
65213,STARLINK-34907,+,462.0,464.0,53.16
65214,STARLINK-34511,+,462.0,464.0,53.16
65215,STARLINK-33913,+,462.0,464.0,53.16
65216,STARLINK-34302,+,462.0,464.0,53.16
65217,STARLINK-34871,+,462.0,464.0,53.16
65218,STARLINK-34833,+,462.0,463.0,53.16
65219,STARLINK-34960,+,462.0,464.0,53.16
65220,STARLINK-34603,+,461.0,464.0,53.16
65221,STARLINK-34974,+,462.0,464.0,53.16
65222,STARLINK-34999,+,462.0,464.0,53.16
65223,STARLINK-34996,+,461.0,465.0,53.16
65224,STARLINK-34975,+,462.0,464.0,53.16
65225,STARLINK-34257,+,462.0,463.0,53.16
65226,SHIYAN-28B 02,+,791.0,796.0,11.0
65227,SKYKRAFT-4E,+,568.0,575.0,97.66
65228,HULIANWANG DIGUI-68,+,1167.0,1169.0,86.5
65229,HULIANWANG DIGUI-69,+,1167.0,1169.0,86.51
65230,HULIANWANG DIGUI-70,+,1167.0,1169.0,86.5
65231,HULIANWANG DIGUI-71,+,1167.0,1169.0,86.51
65232,HULIANWANG DIGUI-72,+,1167.0,1169.0,86.5
65235,STARLINK-34842,+,465.0,466.0,97.28
65236,STARLINK-34938,+,465.0,466.0,97.28
65237,STARLINK-34958,+,465.0,466.0,97.28
65238,STARLINK-34818,+,465.0,466.0,97.28
65239,STARLINK-34964,+,465.0,467.0,97.28
65240,STARLINK-34953,+,465.0,467.0,97.28
65241,STARLINK-34969,+,465.0,466.0,97.28
65242,STARLINK-34963,+,464.0,467.0,97.28
65243,STARLINK-34982,+,465.0,466.0,97.28
65244,STARLINK-34990,+,465.0,467.0,97.28
65245,STARLINK-34977,+,465.0,466.0,97.28
65246,STARLINK-34959,+,465.0,466.0,97.28
65247,STARLINK-34923,+,465.0,466.0,97.28
65248,STARLINK-34962,+,465.0,466.0,97.28
65249,STARLINK-34925,+,464.0,467.0,97.28
65250,STARLINK-34973,+,465.0,467.0,97.28
65251,STARLINK-34989,+,465.0,466.0,97.28
65252,STARLINK-34961,+,465.0,466.0,97.28
65253,STARLINK-34933,+,465.0,466.0,97.28
65254,STARLINK-34979,+,465.0,466.0,97.29
65255,STARLINK-34987,+,465.0,466.0,97.29
65256,STARLINK-34971,+,465.0,466.0,97.28
65257,STARLINK-34966,+,464.0,467.0,97.29
65258,STARLINK-34980,+,465.0,466.0,97.28
65259,OBJECT A,+,483.0,501.0,97.53
65260,OBJECT B,+,508.0,529.0,97.53
65261,OBJECT C,+,508.0,529.0,97.53
65262,OBJECT D,+,508.0,529.0,97.53
65263,OBJECT E,+,516.0,518.0,97.48
65267,COSMOS 2591,+,283.0,286.0,96.58
65268,COSMOS 2592,+,283.0,286.0,96.58
65269,COSMOS 2593,+,283.0,286.0,96.58
65270,COSMOS 2594,+,283.0,286.0,96.58
65272,LIMASAT,+,318.0,319.0,49.52
65273,STARLINK-34922,+,465.0,466.0,97.28
65274,STARLINK-34904,+,464.0,467.0,97.28
65275,STARLINK-34954,+,465.0,466.0,97.28
65276,STARLINK-34968,+,465.0,466.0,97.28
65277,STARLINK-34935,+,465.0,466.0,97.28
65278,STARLINK-35000,+,464.0,467.0,97.28
65279,STARLINK-35023,+,465.0,466.0,97.28
65280,STARLINK-35001,+,465.0,467.0,97.28
65281,STARLINK-35010,+,465.0,466.0,97.29
65282,STARLINK-35021,+,465.0,466.0,97.28
65283,STARLINK-35015,+,465.0,466.0,97.28
65284,STARLINK-35006,+,465.0,467.0,97.28
65285,STARLINK-34995,+,465.0,466.0,97.28
65286,STARLINK-35048,+,465.0,466.0,97.29
65287,STARLINK-35007,+,465.0,466.0,97.28
65288,STARLINK-35018,+,464.0,467.0,97.29
65289,STARLINK-34845,+,464.0,467.0,97.29
65290,STARLINK-34984,+,464.0,467.0,97.28
65291,STARLINK-35002,+,465.0,466.0,97.29
65292,STARLINK-35017,+,465.0,466.0,97.28
65293,STARLINK-34951,+,464.0,467.0,97.28
65294,STARLINK-34613,+,465.0,466.0,97.28
65295,STARLINK-34834,+,465.0,466.0,97.28
65296,STARLINK-34872,+,465.0,466.0,97.28
65297,DRESDEN,+,619.0,637.0,97.96
65298,FOURIER,+,618.0,637.0,97.97
65299,STARK,+,613.0,629.0,97.96
65301,BASIL,+,618.0,637.0,97.97
65302,DOJO,+,618.0,638.0,97.96
65305,HULIANWANG DIGUI-73,+,1149.0,1150.0,50.01
65306,HULIANWANG DIGUI-74,+,1149.0,1150.0,50.01
65307,HULIANWANG DIGUI-75,+,1149.0,1150.0,50.01
65308,HULIANWANG DIGUI-76,+,1149.0,1150.0,50.0
65309,HULIANWANG DIGUI-77,+,1149.0,1150.0,50.01
65310,HULIANWANG DIGUI-78,+,1149.0,1150.0,50.01
65311,HULIANWANG DIGUI-79,+,1149.0,1150.0,50.01
65312,HULIANWANG DIGUI-80,+,1149.0,1150.0,50.01
65313,HULIANWANG DIGUI-81,+,1149.0,1150.0,50.01
65315,PELICAN-3,+,442.0,444.0,97.19
65316,PELICAN-4,+,443.0,445.0,97.2
65317,NAOS,+,450.0,451.0,97.2
65318,CAPELLA-16 (ACADIA-6),+,581.0,587.0,97.73
65319,FFLY03,+,585.0,594.0,97.73
65320,FFLY01,+,583.0,595.0,97.73
65321,LEAP-1,+,590.0,594.0,97.73
65322,FFLY02,+,582.0,597.0,97.73
65323,STARLINK-34899,+,470.0,472.0,53.16
65324,STARLINK-34196,+,470.0,472.0,53.16
65325,STARLINK-34911,+,462.0,464.0,53.16
65326,STARLINK-34902,+,462.0,464.0,53.16
65327,STARLINK-34880,+,462.0,463.0,53.16
65328,STARLINK-34885,+,470.0,472.0,53.16
65329,STARLINK-34908,+,462.0,464.0,53.16
65330,STARLINK-34864,+,470.0,471.0,53.16
65331,STARLINK-34918,+,470.0,471.0,53.16
65332,STARLINK-33890,+,470.0,472.0,53.16
65333,STARLINK-34602,+,470.0,472.0,53.16
65334,STARLINK-34878,+,470.0,471.0,53.16
65335,STARLINK-34874,+,462.0,464.0,53.16
65336,STARLINK-34835,+,462.0,464.0,53.16
65337,STARLINK-34854,+,470.0,471.0,53.16
65338,STARLINK-34751,+,452.0,471.0,53.16
65339,STARLINK-34777,+,470.0,471.0,53.16
65340,STARLINK-35020,+,470.0,471.0,53.16
65341,STARLINK-35016,+,462.0,464.0,53.16
65342,STARLINK-35092,+,470.0,471.0,53.16
65343,STARLINK-34838,+,462.0,464.0,53.16
65344,STARLINK-35088,+,462.0,463.0,53.16
65345,STARLINK-34831,+,470.0,471.0,53.16
65346,STARLINK-34873,+,462.0,463.0,53.16
65347,STARLINK-34881,+,470.0,471.0,53.16
65348,STARLINK-34859,+,462.0,464.0,53.16
65349,STARLINK-34895,+,470.0,471.0,53.16
65350,STARLINK-34892,+,470.0,471.0,53.16
65351,STARLINK-34244,+,462.0,463.0,53.16
65352,STARLINK-34716,+,462.0,464.0,53.16
65353,STARLINK-34828,+,462.0,464.0,53.16
65354,STARLINK-34785,+,462.0,464.0,53.16
65355,STARLINK-34823,+,462.0,464.0,53.16
65356,STARLINK-34680,+,461.0,464.0,53.16
65357,STARLINK-34860,+,462.0,463.0,53.16
65358,STARLINK-34782,+,462.0,463.0,53.16
65359,STARLINK-34760,+,462.0,463.0,53.16
65360,STARLINK-34826,+,461.0,465.0,53.16
65361,STARLINK-34800,+,462.0,463.0,53.16
65362,STARLINK-34817,+,462.0,463.0,53.16
65363,STARLINK-34797,+,462.0,464.0,53.16
65364,STARLINK-34729,+,462.0,463.0,53.16
65365,STARLINK-34710,+,462.0,463.0,53.16
65366,STARLINK-34943,+,462.0,464.0,53.16
65367,STARLINK-34946,+,462.0,463.0,53.16
65368,STARLINK-34259,+,462.0,464.0,53.16
65369,STARLINK-34913,+,462.0,463.0,53.16
65370,STARLINK-34870,+,462.0,464.0,53.16
65371,STARLINK-34869,+,458.0,471.0,53.16
65372,STARLINK-34903,+,462.0,464.0,53.16
65373,STARLINK-34891,+,462.0,464.0,53.16
65374,STARLINK-34900,+,461.0,464.0,53.16
65375,STARLINK-34305,+,462.0,463.0,53.16
65376,STARLINK-34249,+,462.0,464.0,53.16
65377,STARLINK-34879,+,461.0,464.0,53.16
65378,STARLINK-34912,+,464.0,466.0,53.16
65379,STARLINK-34985,+,548.0,551.0,97.28
65380,STARLINK-35051,+,548.0,551.0,97.29
65381,STARLINK-35028,+,548.0,551.0,97.29
65382,STARLINK-35032,+,548.0,551.0,97.28
65383,STARLINK-35054,+,548.0,551.0,97.29
65384,STARLINK-35012,+,546.0,551.0,97.28
65385,STARLINK-35073,+,548.0,551.0,97.28
65386,STARLINK-35066,+,548.0,551.0,97.29
65387,STARLINK-34703,+,548.0,551.0,97.28
65388,STARLINK-34957,+,548.0,551.0,97.29
65389,STARLINK-34993,+,548.0,551.0,97.28
65390,STARLINK-35083,+,548.0,551.0,97.29
65391,STARLINK-34786,+,548.0,551.0,97.28
65392,STARLINK-35082,+,548.0,551.0,97.28
65393,STARLINK-35097,+,548.0,551.0,97.28
65394,STARLINK-35058,+,548.0,551.0,97.28
65395,STARLINK-35094,+,547.0,551.0,97.28
65396,STARLINK-34811,+,548.0,551.0,97.28
65397,STARLINK-34940,+,548.0,551.0,97.28
65398,STARLINK-34931,+,534.0,536.0,97.28
65399,STARLINK-34836,+,548.0,551.0,97.28
65400,STARLINK-34876,+,548.0,551.0,97.29
65401,STARLINK-34909,+,548.0,551.0,97.28
65402,STARLINK-34848,+,548.0,551.0,97.29
65403,LEMUR-2-LUCILLE-ROSE,+,554.0,574.0,97.77
65404,STARLINK-35031,+,462.0,464.0,53.16
65405,STARLINK-34830,+,470.0,472.0,53.16
65406,STARLINK-35036,+,462.0,464.0,53.16
65407,STARLINK-35035,+,462.0,464.0,53.16
65408,STARLINK-35008,+,443.0,469.0,53.16
65409,STARLINK-35022,+,470.0,471.0,53.16
65410,STARLINK-35024,+,470.0,471.0,53.16
65411,STARLINK-34983,+,470.0,472.0,53.16
65412,STARLINK-34992,+,470.0,472.0,53.16
65413,STARLINK-35003,+,462.0,464.0,53.16
65415,STARLINK-34238,+,461.0,464.0,53.16
65416,STARLINK-34855,+,470.0,472.0,53.16
65417,STARLINK-34255,+,462.0,463.0,53.16
65418,STARLINK-34997,+,462.0,464.0,53.16
65419,STARLINK-35085,+,470.0,472.0,53.16
65420,STARLINK-35138,+,470.0,472.0,53.16
65421,STARLINK-35146,+,470.0,472.0,53.16
65422,STARLINK-35074,+,457.0,471.0,53.16
65423,STARLINK-34837,+,470.0,471.0,53.16
65424,STARLINK-34670,+,470.0,471.0,53.16
65425,STARLINK-35095,+,470.0,472.0,53.16
65426,STARLINK-34883,+,470.0,471.0,53.16
65427,STARLINK-34916,+,470.0,472.0,53.16
65428,STARLINK-35004,+,462.0,464.0,53.16
65429,STARLINK-35014,+,462.0,464.0,53.16
65430,STARLINK-35025,+,462.0,463.0,53.16
65431,STARLINK-35034,+,462.0,463.0,53.16
65434,STARLINK-35142,+,465.0,466.0,97.28
65435,STARLINK-34978,+,464.0,467.0,97.28
65436,STARLINK-35043,+,551.0,553.0,97.33
65437,STARLINK-35080,+,464.0,467.0,97.28
65438,STARLINK-35068,+,464.0,467.0,97.28
65439,STARLINK-35045,+,464.0,467.0,97.29
65440,STARLINK-35050,+,465.0,467.0,97.28
65441,STARLINK-35065,+,465.0,466.0,97.29
65442,STARLINK-34679,+,464.0,467.0,97.29
65443,STARLINK-34678,+,465.0,467.0,97.29
65444,STARLINK-35049,+,464.0,467.0,97.28
65445,STARLINK-35029,+,464.0,467.0,97.29
65446,STARLINK-34991,+,464.0,467.0,97.28
65447,STARLINK-34920,+,464.0,467.0,97.28
65448,STARLINK-35030,+,465.0,466.0,97.28
65449,STARLINK-35009,+,465.0,466.0,97.29
65450,STARLINK-34970,+,464.0,467.0,97.29
65451,STARLINK-35039,+,464.0,467.0,97.29
65452,STARLINK-35084,+,465.0,467.0,97.28
65453,STARLINK-34988,+,551.0,553.0,97.32
65454,STARLINK-35059,+,551.0,553.0,97.32
65455,STARLINK-34728,+,464.0,467.0,97.29
65456,STARLINK-35005,+,464.0,467.0,97.29
65457,STARLINK-35076,+,465.0,467.0,97.28
65458,STARLINK-34784,+,469.0,472.0,53.16
65459,STARLINK-34867,+,461.0,464.0,53.16
65460,STARLINK-34850,+,462.0,464.0,53.16
65461,STARLINK-35159,+,462.0,464.0,53.16
65462,STARLINK-35180,+,462.0,463.0,53.16
65463,STARLINK-35111,+,470.0,471.0,53.16
65464,STARLINK-35107,+,470.0,472.0,53.16
65465,STARLINK-35169,+,462.0,463.0,53.16
65466,STARLINK-35027,+,462.0,463.0,53.16
65467,STARLINK-34816,+,470.0,472.0,53.16
65468,STARLINK-35033,+,470.0,472.0,53.16
65469,STARLINK-34924,+,462.0,464.0,53.16
65470,STARLINK-34829,+,470.0,471.0,53.16
65471,STARLINK-34888,+,462.0,464.0,53.16
65472,STARLINK-34799,+,462.0,464.0,53.16
65473,STARLINK-34762,+,462.0,464.0,53.16
65474,STARLINK-34998,+,474.0,476.0,53.16
65475,STARLINK-34832,+,462.0,464.0,53.16
65476,STARLINK-35098,+,470.0,472.0,53.16
65477,STARLINK-35071,+,462.0,463.0,53.16
65478,STARLINK-35093,+,470.0,472.0,53.16
65479,STARLINK-35096,+,470.0,471.0,53.16
65480,STARLINK-35040,+,462.0,464.0,53.16
65481,STARLINK-35042,+,462.0,463.0,53.16
65482,STARLINK-35038,+,462.0,464.0,53.16
65483,STARLINK-35037,+,462.0,463.0,53.16
65484,STARLINK-35089,+,462.0,464.0,53.16
65485,STARLINK-35143,+,470.0,471.0,53.16
65488,OBJECT A,+,524.0,543.0,97.42
65489,OBJECT B,+,496.0,516.0,97.41
65490,OBJECT C,+,480.0,502.0,97.41
65492,STARLINK-35226,+,461.0,464.0,53.16
65493,STARLINK-35242,+,461.0,464.0,53.15
65494,STARLINK-35223,+,462.0,464.0,53.16
65495,STARLINK-34446,+,462.0,464.0,53.16
65496,STARLINK-35212,+,462.0,463.0,53.16
65497,STARLINK-34455,+,462.0,463.0,53.16
65498,STARLINK-35203,+,462.0,464.0,53.16
65499,STARLINK-35166,+,462.0,463.0,53.16
65500,STARLINK-35207,+,462.0,464.0,53.16
65501,STARLINK-35140,+,461.0,464.0,53.16
65502,STARLINK-35114,+,462.0,464.0,53.16
65503,STARLINK-35126,+,462.0,464.0,53.16
65504,STARLINK-35182,+,462.0,463.0,53.16
65505,STARLINK-35072,+,462.0,463.0,53.16
65506,STARLINK-35184,+,462.0,464.0,53.16
65507,STARLINK-35163,+,462.0,464.0,53.16
65508,STARLINK-35119,+,462.0,463.0,53.15
65509,STARLINK-35168,+,462.0,464.0,53.16
65510,STARLINK-35122,+,462.0,464.0,53.16
65511,STARLINK-35124,+,462.0,464.0,53.16
65512,STARLINK-35149,+,462.0,464.0,53.16
65513,STARLINK-35019,+,462.0,464.0,53.16
65514,STARLINK-35026,+,462.0,463.0,53.16
65515,STARLINK-35241,+,462.0,464.0,53.16
65516,STARLINK-35216,+,462.0,464.0,53.16
65517,STARLINK-35228,+,462.0,464.0,53.16
65518,STARLINK-35232,+,462.0,463.0,53.16
65519,STARLINK-35164,+,462.0,463.0,53.16
65520,STARLINK-35112,+,465.0,466.0,97.28
65521,STARLINK-35187,+,465.0,466.0,97.28
65522,STARLINK-35188,+,465.0,466.0,97.28
65523,STARLINK-35078,+,465.0,466.0,97.28
65524,STARLINK-35055,+,465.0,466.0,97.28
65525,STARLINK-35057,+,464.0,467.0,97.28
65526,STARLINK-34674,+,465.0,466.0,97.28
65527,STARLINK-35067,+,465.0,466.0,97.28
65528,STARLINK-35063,+,465.0,466.0,97.28
65529,STARLINK-35077,+,465.0,466.0,97.28
65530,STARLINK-35152,+,465.0,466.0,97.28
65531,STARLINK-35064,+,465.0,466.0,97.29
65532,STARLINK-35170,+,465.0,466.0,97.28
65533,STARLINK-35172,+,465.0,467.0,97.28
65534,STARLINK-35125,+,465.0,467.0,97.28
65535,STARLINK-35133,+,465.0,466.0,97.29
65536,STARLINK-35044,+,465.0,467.0,97.28
65537,STARLINK-35136,+,465.0,466.0,97.28
65538,STARLINK-35144,+,465.0,466.0,97.28
65539,STARLINK-35110,+,465.0,466.0,97.28
65540,STARLINK-35052,+,464.0,467.0,97.28
65541,STARLINK-35087,+,465.0,466.0,97.28
65542,STARLINK-35100,+,465.0,466.0,97.28
65543,STARLINK-35105,+,465.0,466.0,97.28
65544,YAOGAN-40 03A,+,794.0,812.0,85.99
65545,YAOGAN-40 03B,+,850.0,852.0,85.99
65546,YAOGAN-40 03C,+,850.0,852.0,85.99
65550,GEESAT-5 01,+,614.0,618.0,49.99
65551,GEESAT-5 02,+,610.0,621.0,49.99
65552,GEESAT-5 03,+,608.0,623.0,49.99
65553,GEESAT-5 04,+,610.0,621.0,49.99
65554,GEESAT-5 05,+,608.0,623.0,49.98
65555,GEESAT-5 06,+,606.0,625.0,49.99
65556,GEESAT-5 07,+,607.0,625.0,49.99
65557,GEESAT-5 08,+,611.0,621.0,49.98
65558,GEESAT-5 09,+,610.0,622.0,49.98
65559,GEESAT-5 10,+,611.0,621.0,49.98
65560,GEESAT-5 11,+,610.0,622.0,49.99
65565,PRAETORIAN SDA_602,+,946.0,955.0,81.3
65566,PRAETORIAN SDA_603,+,943.0,957.0,81.31
65567,PRAETORIAN SDA_604,+,949.0,957.0,81.31
65568,PRAETORIAN SDA_605,+,946.0,959.0,81.3
65569,PRAETORIAN SDA_606,+,948.0,957.0,81.31
65570,PRAETORIAN SDA_607,+,944.0,957.0,81.31
65571,PRAETORIAN SDA_608,+,946.0,955.0,81.3
65572,PRAETORIAN SDA_609,+,944.0,954.0,81.31
65573,PRAETORIAN SDA_610,+,946.0,957.0,81.3
65574,PRAETORIAN SDA_611,+,948.0,957.0,81.3
65575,PRAETORIAN SDA_612,+,939.0,953.0,81.31
65576,PRAETORIAN SDA_613,+,950.0,958.0,81.3
65577,PRAETORIAN SDA_614,+,942.0,952.0,81.3
65578,PRAETORIAN SDA_615,+,941.0,955.0,81.3
65579,PRAETORIAN SDA_616,+,948.0,957.0,81.31
65580,PRAETORIAN SDA_617,+,947.0,958.0,81.31
65581,PRAETORIAN SDA_618,+,942.0,956.0,81.3
65582,PRAETORIAN SDA_619,+,945.0,957.0,81.31
65583,PRAETORIAN SDA_620,+,947.0,958.0,81.31
65584,PRAETORIAN SDA_621,+,945.0,956.0,81.3
65585,PRAETORIAN SDA_601,+,948.0,957.0,81.31
65592,STARLINK-35267,+,549.0,550.0,97.28
65593,STARLINK-35269,+,548.0,551.0,97.28
65594,STARLINK-35191,+,549.0,550.0,97.28
65595,STARLINK-35261,+,548.0,551.0,97.28
65596,STARLINK-35253,+,549.0,550.0,97.28
65597,STARLINK-35263,+,548.0,551.0,97.28
65598,STARLINK-35248,+,549.0,551.0,97.28
65599,STARLINK-35245,+,548.0,551.0,97.28
65600,STARLINK-35229,+,549.0,550.0,97.28
65601,STARLINK-35234,+,548.0,551.0,97.28
65602,STARLINK-35255,+,548.0,551.0,97.28
65603,STARLINK-35250,+,548.0,551.0,97.28
65604,STARLINK-35251,+,548.0,551.0,97.28
65605,STARLINK-35171,+,548.0,551.0,97.28
65606,STARLINK-35195,+,548.0,551.0,97.28
65607,STARLINK-35156,+,548.0,551.0,97.28
65608,STARLINK-35185,+,548.0,551.0,97.28
65609,STARLINK-35053,+,548.0,551.0,97.28
65610,STARLINK-35178,+,549.0,550.0,97.28
65611,STARLINK-35186,+,548.0,551.0,97.28
65612,STARLINK-35154,+,548.0,551.0,97.28
65613,STARLINK-35162,+,548.0,551.0,97.28
65614,STARLINK-35206,+,549.0,550.0,97.28
65615,STARLINK-35174,+,548.0,551.0,97.28
65617,HJS-7A,+,1103.0,1104.0,50.0
65618,HJS-7B,+,1102.0,1105.0,50.0
65619,HJS-7C,+,1102.0,1106.0,50.0
65620,HJS-7D,+,1101.0,1106.0,50.0
65622,STARLINK-35247,+,474.0,476.0,53.16
65623,STARLINK-35239,+,461.0,464.0,53.16
65624,STARLINK-35151,+,462.0,464.0,53.16
65625,STARLINK-35153,+,462.0,464.0,53.16
65626,STARLINK-35225,+,462.0,463.0,53.16
65627,STARLINK-35217,+,465.0,466.0,53.16
65628,STARLINK-35128,+,462.0,463.0,53.16
65629,STARLINK-35135,+,462.0,463.0,53.16
65630,STARLINK-34877,+,462.0,464.0,53.16
65631,STARLINK-35104,+,462.0,463.0,53.16
65632,STARLINK-35117,+,474.0,476.0,53.15
65633,STARLINK-35103,+,462.0,463.0,53.16
65634,STARLINK-35123,+,470.0,472.0,53.16
65635,STARLINK-35150,+,464.0,466.0,53.16
65636,STARLINK-35209,+,462.0,464.0,53.16
65637,STARLINK-35147,+,462.0,463.0,53.16
65638,STARLINK-35213,+,460.0,466.0,53.16
65639,STARLINK-35127,+,462.0,464.0,53.16
65640,STARLINK-35091,+,462.0,464.0,53.16
65641,STARLINK-35134,+,462.0,463.0,53.16
65642,STARLINK-35109,+,461.0,464.0,53.16
65643,STARLINK-35062,+,461.0,464.0,53.16
65644,STARLINK-35141,+,469.0,472.0,53.15
65645,STARLINK-35237,+,464.0,466.0,53.16
65646,STARLINK-35183,+,475.0,476.0,53.16
65647,STARLINK-35202,+,462.0,463.0,53.16
65648,STARLINK-34868,+,462.0,464.0,53.16
65649,STARLINK-35079,+,462.0,464.0,53.16
65652,STARLINK-35328,+,464.0,467.0,97.28
65653,STARLINK-34210,+,465.0,466.0,97.28
65654,STARLINK-35227,+,465.0,466.0,97.28
65655,STARLINK-35240,+,465.0,466.0,97.28
65656,STARLINK-35344,+,465.0,466.0,97.28
65657,STARLINK-34540,+,465.0,466.0,97.28
65658,STARLINK-35282,+,465.0,466.0,97.29
65659,STARLINK-35120,+,465.0,466.0,97.28
65660,STARLINK-35246,+,465.0,466.0,97.28
65661,STARLINK-35220,+,465.0,466.0,97.28
65662,STARLINK-35176,+,465.0,466.0,97.28
65663,STARLINK-35190,+,465.0,466.0,97.28
65664,STARLINK-35201,+,465.0,466.0,97.28
65665,STARLINK-35115,+,465.0,466.0,97.28
65666,STARLINK-35181,+,465.0,467.0,97.28
65667,STARLINK-35361,+,465.0,466.0,97.28
65668,STARLINK-35351,+,465.0,466.0,97.29
65669,STARLINK-35353,+,465.0,466.0,97.28
65670,STARLINK-35359,+,465.0,466.0,97.28
65671,STARLINK-35194,+,464.0,466.0,97.28
65672,STARLINK-35198,+,465.0,466.0,97.28
65673,STARLINK-35177,+,465.0,466.0,97.28
65674,STARLINK-35254,+,465.0,466.0,97.28
65675,STARLINK-34749,+,465.0,466.0,97.28
65676,STARLINK-35189,+,470.0,471.0,53.16
65677,STARLINK-35222,+,462.0,464.0,53.16
65678,STARLINK-35233,+,470.0,472.0,53.16
65679,STARLINK-35205,+,462.0,464.0,53.16
65680,STARLINK-35070,+,470.0,471.0,53.16
65681,STARLINK-35230,+,462.0,463.0,53.16
65682,STARLINK-35235,+,461.0,464.0,53.16
65683,STARLINK-34886,+,470.0,471.0,53.16
65684,STARLINK-34795,+,462.0,464.0,53.16
65685,STARLINK-35145,+,461.0,464.0,53.16
65686,STARLINK-35137,+,462.0,463.0,53.16
65687,STARLINK-34856,+,469.0,472.0,53.16
65688,STARLINK-34930,+,470.0,471.0,53.16
65689,STARLINK-34875,+,462.0,463.0,53.16
65690,STARLINK-34790,+,462.0,463.0,53.16
65691,STARLINK-34691,+,462.0,463.0,53.16
65692,STARLINK-34825,+,462.0,463.0,53.16
65693,STARLINK-35060,+,462.0,464.0,53.16
65694,STARLINK-35204,+,461.0,465.0,53.15
65695,STARLINK-35221,+,470.0,471.0,53.16
65696,STARLINK-34734,+,469.0,472.0,53.16
65697,STARLINK-35113,+,459.0,466.0,53.16
65698,STARLINK-35090,+,462.0,463.0,53.16
65699,STARLINK-35086,+,470.0,471.0,53.16
65700,STARLINK-35101,+,461.0,464.0,53.15
65701,STARLINK-35046,+,462.0,463.0,53.16
65702,STARLINK-35075,+,470.0,471.0,53.16
65703,STARLINK-34839,+,470.0,472.0,53.16
65704,USA 558,+,575.0,579.0,70.04
65705,USA 559,+,575.0,579.0,70.03
65706,USA 560,+,575.0,579.0,70.04
65707,USA 561,+,575.0,579.0,70.03
65708,USA 562,+,575.0,579.0,70.03
65709,USA 563,+,575.0,580.0,70.02
65710,USA 564,+,575.0,579.0,70.04
65711,USA 565,+,575.0,579.0,70.04
65712,SHIKONGXING 01,+,579.0,598.0,49.99
65713,GEESAT-6 01,+,610.0,627.0,49.99
65714,GEESAT-6 02,+,611.0,625.0,49.99
65715,GEESAT-6 03,+,609.0,627.0,49.98
65716,GEESAT-6 04,+,612.0,625.0,49.99
65717,GEESAT-6 05,+,609.0,627.0,49.98
65718,GEESAT-6 06,+,612.0,626.0,49.99
65719,GEESAT-6 07,+,611.0,625.0,49.98
65720,GEESAT-6 08,+,611.0,625.0,49.99
65721,GEESAT-6 09,+,612.0,624.0,49.99
65722,GEESAT-6 10,+,610.0,626.0,49.99
65723,GEESAT-6 11,+,611.0,625.0,49.99
65734,STARLINK-34086,+,461.0,464.0,53.16
65735,STARLINK-35099,+,462.0,463.0,53.16
65736,STARLINK-35167,+,462.0,463.0,53.16
65737,STARLINK-35121,+,462.0,464.0,53.16
65738,STARLINK-35108,+,462.0,464.0,53.16
65739,STARLINK-35106,+,460.0,465.0,53.16
65740,STARLINK-35130,+,462.0,463.0,53.16
65741,STARLINK-35284,+,462.0,464.0,53.16
65742,STARLINK-35316,+,462.0,464.0,53.16
65743,STARLINK-35319,+,462.0,464.0,53.16
65744,STARLINK-35173,+,462.0,463.0,53.16
65745,STARLINK-34808,+,462.0,464.0,53.16
65746,STARLINK-34704,+,462.0,463.0,53.16
65747,STARLINK-35214,+,461.0,464.0,53.16
65748,STARLINK-35265,+,462.0,464.0,53.16
65749,STARLINK-35288,+,462.0,463.0,53.16
65750,STARLINK-35165,+,462.0,463.0,53.16
65751,STARLINK-35260,+,462.0,463.0,53.16
65752,STARLINK-34893,+,462.0,464.0,53.16
65753,STARLINK-34894,+,462.0,463.0,53.16
65754,STARLINK-35287,+,462.0,463.0,53.16
65755,STARLINK-35294,+,462.0,464.0,53.16
65756,STARLINK-35275,+,461.0,464.0,53.16
65757,STARLINK-35211,+,462.0,463.0,53.16
65758,STARLINK-35313,+,462.0,464.0,53.16
65759,STARLINK-34692,+,462.0,464.0,53.16
65760,STARLINK-34890,+,462.0,463.0,53.16
65761,STARLINK-34889,+,462.0,463.0,53.16
65762,KUIPER-00120,+,629.0,630.0,51.9
65763,KUIPER-00132,+,445.0,453.0,51.85
65764,KUIPER-00133,+,629.0,630.0,51.9
65765,KUIPER-00139,+,629.0,630.0,51.9
65766,KUIPER-00142,+,629.0,630.0,51.9
65767,KUIPER-00145,+,629.0,630.0,51.9
65768,KUIPER-00147,+,629.0,630.0,51.9
65769,KUIPER-00148,+,629.0,630.0,51.91
65770,KUIPER-00150,+,629.0,630.0,51.9
65771,KUIPER-00151,+,629.0,630.0,51.9
65772,KUIPER-00152,+,629.0,630.0,51.9
65773,KUIPER-00153,+,629.0,630.0,51.9
65774,KUIPER-00155,+,629.0,630.0,51.9
65775,KUIPER-00156,+,629.0,630.0,51.9
65776,KUIPER-00158,-,623.0,624.0,51.9
65778,KUIPER-00165,+,629.0,630.0,51.9
65779,KUIPER-00166,+,629.0,630.0,51.9
65780,KUIPER-00167,+,629.0,630.0,51.9
65781,KUIPER-00168,+,629.0,630.0,51.9
65782,KUIPER-00169,+,629.0,630.0,51.9
65783,KUIPER-00170,+,629.0,630.0,51.9
65785,KUIPER-00172,+,629.0,630.0,51.9
65786,KUIPER-00173,+,629.0,630.0,51.9
65787,KUIPER-00174,+,629.0,630.0,51.9
65788,KUIPER-00176,+,629.0,630.0,51.9
65791,STARLINK-35330,+,547.0,552.0,97.28
65792,STARLINK-35373,+,548.0,551.0,97.28
65793,STARLINK-35383,+,548.0,551.0,97.28
65794,STARLINK-35378,+,548.0,551.0,97.28
65795,STARLINK-35406,+,548.0,551.0,97.29
65796,STARLINK-35390,+,548.0,551.0,97.28
65797,STARLINK-35412,+,548.0,551.0,97.28
65798,STARLINK-35414,+,548.0,551.0,97.29
65799,STARLINK-35357,+,548.0,551.0,97.29
65800,STARLINK-35300,+,548.0,551.0,97.28
65801,STARLINK-35296,+,548.0,551.0,97.28
65802,STARLINK-34919,+,548.0,551.0,97.28
65803,STARLINK-35286,+,548.0,551.0,97.29
65804,STARLINK-35266,+,548.0,551.0,97.29
65805,STARLINK-35273,+,548.0,551.0,97.29
65806,STARLINK-35047,+,548.0,551.0,97.28
65807,STARLINK-35285,+,548.0,551.0,97.29
65808,STARLINK-34580,+,548.0,551.0,97.28
65809,STARLINK-35289,+,547.0,551.0,97.28
65810,STARLINK-35268,+,548.0,551.0,97.28
65811,STARLINK-35224,+,548.0,551.0,97.28
65812,STARLINK-35271,+,548.0,551.0,97.28
65813,STARLINK-35215,+,548.0,551.0,97.28
65814,STARLINK-35157,+,548.0,551.0,97.28
65815,FENGYUN 3H,+,825.0,826.0,98.68
65817,HULIANWANG DIGUI-82,+,1166.0,1169.0,86.5
65818,HULIANWANG DIGUI-83,+,1166.0,1169.0,86.5
65819,HULIANWANG DIGUI-84,+,1166.0,1169.0,86.5
65820,HULIANWANG DIGUI-85,+,1166.0,1170.0,86.5
65821,HULIANWANG DIGUI-86,+,1167.0,1169.0,86.5
65823,STARLINK-35392,+,462.0,464.0,53.16
65824,STARLINK-35281,+,462.0,464.0,53.16
65825,STARLINK-35397,+,461.0,464.0,53.16
65826,STARLINK-35381,+,462.0,463.0,53.16
65827,STARLINK-35393,+,462.0,464.0,53.16
65828,STARLINK-35396,+,462.0,463.0,53.16
65829,STARLINK-35244,+,469.0,472.0,53.16
65830,STARLINK-35368,+,462.0,464.0,53.16
65831,STARLINK-35337,+,462.0,464.0,53.16
65832,STARLINK-35277,+,462.0,464.0,53.16
65833,STARLINK-35345,+,462.0,463.0,53.16
65834,STARLINK-35320,+,462.0,464.0,53.16
65835,STARLINK-35349,+,462.0,463.0,53.16
65836,STARLINK-35356,+,462.0,463.0,53.16
65837,STARLINK-35314,+,462.0,463.0,53.16
65838,STARLINK-35324,+,462.0,463.0,53.16
65839,STARLINK-35102,+,462.0,464.0,53.16
65840,STARLINK-35364,+,462.0,464.0,53.16
65842,STARLINK-35298,+,462.0,463.0,53.16
65843,STARLINK-35301,+,462.0,464.0,53.16
65844,STARLINK-35148,+,462.0,464.0,53.16
65845,STARLINK-35302,+,462.0,463.0,53.16
65846,STARLINK-35290,+,462.0,463.0,53.16
65847,STARLINK-35262,+,462.0,463.0,53.16
65848,STARLINK-35308,+,462.0,463.0,53.16
65849,STARLINK-35231,+,462.0,464.0,53.16
65850,STARLINK-35252,+,462.0,464.0,53.16
65851,SHIYAN-30 01,+,591.0,593.0,34.99
65852,SHIYAN-30 02,+,590.0,594.0,35.0
65854,STARLINK-35208,+,462.0,463.0,53.16
65855,STARLINK-35200,+,462.0,464.0,53.15
65856,STARLINK-35459,+,462.0,463.0,53.16
65857,STARLINK-35489,+,462.0,463.0,53.15
65858,STARLINK-35199,+,462.0,463.0,53.16
65859,STARLINK-35408,+,461.0,464.0,53.16
65860,STARLINK-35303,+,462.0,464.0,53.16
65861,STARLINK-35258,+,461.0,464.0,53.16
65862,STARLINK-35386,+,461.0,464.0,53.16
65863,STARLINK-35469,+,462.0,463.0,53.16
65864,STARLINK-35471,+,462.0,464.0,53.16
65865,STARLINK-35475,+,462.0,463.0,53.16
65866,STARLINK-35312,+,462.0,463.0,53.16
65867,STARLINK-35456,+,462.0,463.0,53.16
65868,STARLINK-35450,+,462.0,464.0,53.16
65869,STARLINK-35441,+,462.0,464.0,53.16
65870,STARLINK-35433,+,462.0,463.0,53.16
65871,STARLINK-35465,+,462.0,464.0,53.16
65872,STARLINK-34108,+,462.0,463.0,53.16
65873,STARLINK-35423,+,462.0,463.0,53.16
65874,STARLINK-35425,+,462.0,463.0,53.16
65875,STARLINK-34688,+,462.0,463.0,53.16
65876,STARLINK-34438,+,461.0,464.0,53.16
65877,STARLINK-35462,+,462.0,464.0,53.16
65878,STARLINK-35453,+,462.0,463.0,53.16
65879,STARLINK-35418,+,462.0,463.0,53.16
65880,STARLINK-35445,+,462.0,463.0,53.15
65881,STARLINK-35464,+,462.0,463.0,53.16
65882,STARLINK-35270,+,462.0,463.0,53.16
65883,STARLINK-35367,+,462.0,463.0,53.16
65884,STARLINK-35384,+,474.0,476.0,53.16
65885,STARLINK-35415,+,462.0,464.0,53.16
65886,STARLINK-35413,+,462.0,463.0,53.16
65887,STARLINK-35332,+,462.0,464.0,53.16
65888,STARLINK-35362,+,464.0,466.0,53.16
65889,STARLINK-35193,+,462.0,464.0,53.16
65890,STARLINK-34542,+,462.0,464.0,53.16
65891,STARLINK-34791,+,462.0,463.0,53.16
65892,STARLINK-34853,+,462.0,464.0,53.16
65893,STARLINK-34921,+,462.0,464.0,53.16
65894,STARLINK-34672,+,474.0,477.0,53.16
65895,STARLINK-34898,+,462.0,463.0,53.16
65896,STARLINK-34906,+,470.0,471.0,53.16
65897,STARLINK-34934,+,462.0,463.0,53.16
65898,STARLINK-34936,+,462.0,463.0,53.16
65899,STARLINK-35272,+,462.0,464.0,53.16
65900,STARLINK-35264,+,462.0,464.0,53.16
65901,STARLINK-35249,+,475.0,477.0,53.16
65902,STARLINK-35278,+,462.0,463.0,53.16
65903,STARLINK-35210,+,462.0,463.0,53.16
65904,STARLINK-35348,+,462.0,464.0,53.16
65905,STARLINK-35380,+,461.0,464.0,53.16
65906,STARLINK-35385,+,462.0,463.0,53.16
65907,STARLINK-35347,+,462.0,464.0,53.16
65908,STARLINK-35329,+,462.0,463.0,53.16
65909,STARLINK-35387,+,462.0,463.0,53.16
65910,STARLINK-35523,+,462.0,463.0,53.16
65911,STARLINK-35160,+,461.0,464.0,53.16
65912,STARLINK-35508,+,462.0,464.0,53.16
65913,STARLINK-35472,+,462.0,463.0,53.16
65914,STARLINK-35524,+,462.0,463.0,53.16
65915,STARLINK-35539,+,462.0,464.0,53.16
65916,STARLINK-35521,+,462.0,464.0,53.16
65917,STARLINK-35478,+,462.0,463.0,53.16
65918,STARLINK-35516,+,474.0,476.0,53.16
65919,STARLINK-35519,+,462.0,464.0,53.16
65920,STARLINK-33902,+,462.0,463.0,53.16
65921,STARLINK-35530,+,462.0,464.0,53.16
65922,STARLINK-35544,+,462.0,464.0,53.16
65923,STARLINK-35484,+,462.0,463.0,53.16
65924,STARLINK-34994,+,462.0,464.0,53.16
65925,STARLINK-35458,+,462.0,464.0,53.16
65926,STARLINK-35492,+,462.0,464.0,53.16
65927,STARLINK-35494,+,462.0,463.0,53.16
65928,STARLINK-35493,+,462.0,464.0,53.16
65929,STARLINK-35175,+,462.0,463.0,53.16
65930,STARLINK-35513,+,462.0,464.0,53.16
65931,STARLINK-35526,+,462.0,463.0,53.16
65932,STARLINK-35436,+,465.0,466.0,53.16
65933,STARLINK-35192,+,461.0,464.0,53.16
65934,STARLINK-33921,+,461.0,464.0,53.16
65935,STARLINK-35155,+,462.0,463.0,53.16
65936,STARLINK-35161,+,462.0,464.0,53.16
65937,STARLINK-35473,+,461.0,464.0,53.16
65938,OBJECT A,+,506.0,522.0,97.64
65939,OBJECT B,+,531.0,546.0,97.64
65940,OBJECT C,+,508.0,523.0,97.63
65945,SHIYAN-31,+,488.0,501.0,80.0
65947,KUIPER-00101,+,629.0,630.0,51.9
65948,KUIPER-00113,+,629.0,630.0,51.9
65949,KUIPER-00117,+,629.0,630.0,51.9
65950,KUIPER-00121,+,629.0,630.0,51.9
65951,KUIPER-00122,+,629.0,630.0,51.9
65952,KUIPER-00123,+,629.0,630.0,51.9
65953,KUIPER-00124,+,629.0,630.0,51.9
65954,KUIPER-00125,+,629.0,630.0,51.9
65955,KUIPER-00126,+,629.0,630.0,51.9
65956,KUIPER-00127,+,629.0,630.0,51.9
65957,KUIPER-00128,+,629.0,630.0,51.9
65958,KUIPER-00129,+,629.0,630.0,51.9
65959,KUIPER-00130,+,629.0,630.0,51.9
65960,KUIPER-00134,+,450.0,457.0,51.87
65961,KUIPER-00135,+,629.0,630.0,51.9
65962,KUIPER-00136,+,629.0,630.0,51.9
65963,KUIPER-00137,+,629.0,630.0,51.9
65964,KUIPER-00138,+,629.0,630.0,51.9
65965,KUIPER-00140,+,629.0,630.0,51.9
65966,KUIPER-00141,+,629.0,630.0,51.9
65967,KUIPER-00146,+,629.0,630.0,51.9
65968,KUIPER-00149,+,629.0,630.0,51.9
65969,KUIPER-00154,+,629.0,630.0,51.9
65970,KUIPER-00157,+,625.0,626.0,51.9
65971,STRIX-5,+,528.0,576.0,41.93
65974,SDA_1664,+,969.0,972.0,81.3
65975,SDA_1665,+,956.0,958.0,81.3
65976,SDA_1666,+,956.0,958.0,81.3
65977,SDA_1667,+,958.0,960.0,81.3
65978,SDA_1668,+,946.0,952.0,81.3
65979,SDA_1669,+,955.0,961.0,81.3
65980,SDA_1670,+,970.0,972.0,81.3
65981,SDA_1671,+,968.0,973.0,81.3
65982,SDA_1672,+,955.0,957.0,81.3
65983,SDA_1673,+,955.0,957.0,81.3
65984,SDA_1674,+,955.0,958.0,81.3
65985,SDA_1675,+,945.0,949.0,81.3
65986,SDA_1676,+,970.0,972.0,81.3
65987,SDA_1677,+,970.0,972.0,81.3
65988,SDA_1678,+,944.0,948.0,81.3
65989,SDA_1679,+,944.0,950.0,81.31
65990,SDA_1680,+,942.0,949.0,81.3
65991,SDA_1681,+,941.0,949.0,81.3
65992,SDA_1682,+,969.0,972.0,81.3
65993,SDA_1683,+,970.0,972.0,81.3
65994,SDA_1684,+,969.0,972.0,81.3
65995,HULIANWANG DIGUI-87,+,1149.0,1149.0,50.0
65996,HULIANWANG DIGUI-88,+,1149.0,1149.0,50.0
65997,HULIANWANG DIGUI-89,+,1149.0,1149.0,50.0
65998,HULIANWANG DIGUI-90,+,1149.0,1149.0,50.0
65999,HULIANWANG DIGUI-91,+,1149.0,1149.0,50.0
66000,HULIANWANG DIGUI-92,+,1149.0,1149.0,50.01
66001,HULIANWANG DIGUI-93,+,1149.0,1149.0,50.0
66002,HULIANWANG DIGUI-94,+,1149.0,1149.0,50.01
66003,HULIANWANG DIGUI-95,+,1149.0,1149.0,50.0
66005,STARLINK-34849,+,462.0,463.0,53.16
66006,STARLINK-35336,+,462.0,464.0,53.16
66007,STARLINK-35196,+,462.0,463.0,53.16
66008,STARLINK-35236,+,462.0,464.0,53.16
66009,STARLINK-35276,+,462.0,463.0,53.16
66010,STARLINK-35297,+,462.0,464.0,53.16
66011,STARLINK-35256,+,462.0,464.0,53.16
66012,STARLINK-35293,+,462.0,463.0,53.16
66013,STARLINK-35307,+,462.0,464.0,53.16
66014,STARLINK-35395,+,461.0,465.0,53.16
66015,STARLINK-34622,+,462.0,464.0,53.16
66016,STARLINK-35243,+,462.0,464.0,53.16
66017,STARLINK-35398,+,462.0,464.0,53.16
66018,STARLINK-35376,+,462.0,464.0,53.16
66019,STARLINK-35382,+,462.0,464.0,53.16
66020,STARLINK-35430,+,462.0,464.0,53.16
66021,STARLINK-35432,+,462.0,463.0,53.16
66022,STARLINK-35340,+,464.0,466.0,53.16
66023,STARLINK-35394,+,462.0,464.0,53.16
66024,STARLINK-35410,+,462.0,464.0,53.16
66025,STARLINK-35280,+,465.0,466.0,53.16
66026,STARLINK-34812,+,462.0,464.0,53.16
66027,STARLINK-35341,+,462.0,463.0,53.16
66028,STARLINK-35339,+,462.0,464.0,53.16
66029,STARLINK-35399,+,462.0,463.0,53.16
66030,STARLINK-35431,+,461.0,464.0,53.16
66031,STARLINK-35326,+,462.0,464.0,53.16
66032,STARLINK-35311,+,462.0,464.0,53.16
66033,QIANFAN-91,+,1067.0,1070.0,89.0
66034,QIANFAN-92,+,1067.0,1070.0,89.0
66035,QIANFAN-93,+,1067.0,1070.0,89.0
66036,QIANFAN-94,+,1067.0,1070.0,89.0
66037,QIANFAN-95,+,1067.0,1070.0,89.0
66038,QIANFAN-96,+,1067.0,1070.0,89.0
66039,QIANFAN-97,+,1067.0,1070.0,89.0
66040,QIANFAN-98,+,1067.0,1070.0,89.0
66041,QIANFAN-99,+,1067.0,1070.0,89.0
66042,QIANFAN-100,+,1067.0,1070.0,89.0
66043,QIANFAN-101,P,793.0,812.0,89.0
66044,QIANFAN-102,+,1067.0,1070.0,89.0
66045,QIANFAN-103,+,1067.0,1070.0,89.0
66046,QIANFAN-104,+,1067.0,1070.0,89.0
66047,QIANFAN-105,+,1067.0,1070.0,89.0
66048,QIANFAN-106,+,1067.0,1070.0,89.0
66049,QIANFAN-107,+,1067.0,1070.0,89.0
66050,QIANFAN-108,+,1067.0,1070.0,89.0
66054,OBJECT B,+,494.0,508.0,97.47
66055,OBJECT C,+,483.0,501.0,97.42
66056,OBJECT D,+,501.0,507.0,97.42
66058,STARLINK-35552,+,462.0,464.0,53.16
66059,STARLINK-35560,+,462.0,464.0,53.16
66060,STARLINK-35558,+,462.0,464.0,53.16
66061,STARLINK-35566,+,474.0,476.0,53.16
66062,STARLINK-35421,+,462.0,464.0,53.16
66063,STARLINK-35562,+,462.0,464.0,53.16
66064,STARLINK-35542,+,474.0,476.0,53.16
66065,STARLINK-35375,+,462.0,464.0,53.16
66066,STARLINK-35179,+,462.0,464.0,53.16
66067,STARLINK-35401,+,462.0,463.0,53.16
66068,STARLINK-35422,+,462.0,464.0,53.16
66069,STARLINK-35279,+,464.0,466.0,53.16
66070,STARLINK-35295,+,474.0,476.0,53.16
66071,STARLINK-35323,+,474.0,476.0,53.16
66072,STARLINK-35299,+,462.0,464.0,53.16
66073,STARLINK-35274,+,464.0,466.0,53.16
66074,STARLINK-35321,+,462.0,464.0,53.16
66075,STARLINK-35131,+,462.0,464.0,53.16
66076,STARLINK-34801,+,474.0,476.0,53.16
66077,STARLINK-35129,+,462.0,463.0,53.16
66078,STARLINK-35116,+,462.0,463.0,53.16
66079,STARLINK-35402,+,474.0,476.0,53.16
66080,STARLINK-35325,+,462.0,464.0,53.16
66081,STARLINK-35403,+,469.0,472.0,53.16
66082,STARLINK-35011,+,470.0,472.0,53.16
66083,STARLINK-35291,+,462.0,464.0,53.16
66084,STARLINK-35379,+,464.0,466.0,53.16
66085,STARLINK-35370,+,462.0,463.0,53.16
66086,STARLINK-35596,+,462.0,463.0,53.16
66087,STARLINK-35563,+,462.0,463.0,53.16
66088,STARLINK-35461,+,462.0,464.0,53.16
66089,STARLINK-35571,+,462.0,463.0,53.16
66090,STARLINK-35570,+,462.0,464.0,53.16
66091,STARLINK-35532,+,466.0,481.0,53.16
66092,STARLINK-35527,+,462.0,464.0,53.16
66093,STARLINK-35500,+,462.0,464.0,53.16
66094,STARLINK-35528,+,462.0,463.0,53.16
66095,STARLINK-35559,+,462.0,464.0,53.16
66096,STARLINK-34386,+,462.0,463.0,53.16
66097,STARLINK-35613,+,462.0,464.0,53.16
66098,STARLINK-34206,+,462.0,463.0,53.16
66099,STARLINK-34460,+,464.0,466.0,53.16
66100,STARLINK-35609,+,462.0,464.0,53.16
66101,STARLINK-35595,+,462.0,463.0,53.16
66102,STARLINK-35599,+,462.0,464.0,53.16
66103,STARLINK-35622,+,461.0,464.0,53.16
66104,STARLINK-35452,+,462.0,464.0,53.16
66105,STARLINK-35561,+,461.0,464.0,53.16
66106,STARLINK-35584,+,462.0,463.0,53.16
66107,STARLINK-35593,+,461.0,464.0,53.16
66108,STARLINK-35590,+,462.0,464.0,53.16
66109,STARLINK-35545,+,462.0,464.0,53.16
66110,STARLINK-35427,+,462.0,464.0,53.16
66111,STARLINK-35574,+,462.0,464.0,53.16
66112,STARLINK-35531,+,462.0,463.0,53.16
66113,STARLINK-35491,+,462.0,463.0,53.16
66114,STARLINK-35496,+,462.0,464.0,53.16
66115,STARLINK-35428,+,462.0,463.0,53.16
66116,STARLINK-35573,+,462.0,463.0,53.16
66117,STARLINK-35572,+,462.0,463.0,53.16
66118,STARLINK-35468,+,462.0,464.0,53.16
66119,STARLINK-35547,+,462.0,463.0,53.16
66120,STARLINK-35553,+,462.0,463.0,53.16
66121,STARLINK-35631,+,462.0,463.0,53.16
66122,STARLINK-35653,+,462.0,464.0,53.16
66123,STARLINK-35628,+,462.0,463.0,53.16
66124,STARLINK-35645,+,462.0,463.0,53.16
66125,STARLINK-35649,+,462.0,464.0,53.16
66126,STARLINK-35658,+,462.0,464.0,53.16
66127,STARLINK-35629,+,462.0,463.0,53.16
66128,STARLINK-35612,+,462.0,464.0,53.16
66129,STARLINK-35632,+,462.0,463.0,53.16
66130,STARLINK-35637,+,462.0,463.0,53.16
66131,STARLINK-35630,+,462.0,463.0,53.16
66132,STARLINK-34412,+,462.0,463.0,53.16
66133,STARLINK-35520,+,461.0,464.0,53.16
66134,STARLINK-35525,+,462.0,463.0,53.16
66135,STARLINK-34852,+,462.0,463.0,53.16
66136,STARLINK-35592,+,462.0,464.0,53.16
66137,STARLINK-35576,+,462.0,463.0,53.16
66138,STARLINK-35623,+,462.0,463.0,53.16
66139,STARLINK-35549,+,462.0,463.0,53.16
66140,STARLINK-35625,+,462.0,463.0,53.16
66141,STARLINK-35603,+,462.0,463.0,53.15
66146,STARLINK-35318,+,462.0,464.0,53.16
66147,STARLINK-33948,+,462.0,463.0,53.16
66148,STARLINK-35081,+,461.0,464.0,53.16
66149,STARLINK-35601,+,462.0,463.0,53.16
66150,STARLINK-35605,+,462.0,463.0,53.16
66151,STARLINK-35540,+,462.0,463.0,53.16
66152,STARLINK-35455,+,462.0,463.0,53.16
66153,STARLINK-34752,+,462.0,464.0,53.16
66154,STARLINK-34625,+,462.0,463.0,53.16
66155,STARLINK-35580,+,462.0,463.0,53.16
66156,STARLINK-35621,+,462.0,463.0,53.16
66157,STARLINK-35594,+,462.0,463.0,53.16
66158,STARLINK-35587,+,462.0,463.0,53.16
66159,STARLINK-35586,+,462.0,464.0,53.16
66160,STARLINK-35636,+,462.0,464.0,53.16
66161,STARLINK-35635,+,462.0,464.0,53.16
66162,STARLINK-35633,+,462.0,463.0,53.16
66163,STARLINK-35607,+,462.0,464.0,53.16
66164,STARLINK-35614,+,462.0,463.0,53.16
66165,STARLINK-35575,+,462.0,464.0,53.16
66166,STARLINK-35624,+,462.0,464.0,53.16
66167,STARLINK-35641,+,462.0,463.0,53.16
66168,STARLINK-35578,+,462.0,463.0,53.16
66169,STARLINK-35638,+,462.0,464.0,53.16
66170,STARLINK-35585,+,462.0,463.0,53.16
66171,STARLINK-35606,+,462.0,464.0,53.16
66172,STARLINK-35627,+,462.0,463.0,53.16
66173,STARLINK-35634,+,461.0,464.0,53.16
66175,GAOFEN-14 02,+,488.0,489.0,97.41
66177,STARLINK-35352,-,462.0,463.0,53.16
66178,STARLINK-35363,+,462.0,463.0,53.16
66179,STARLINK-35346,+,462.0,464.0,53.16
66180,STARLINK-35335,+,462.0,463.0,53.16
66181,STARLINK-35342,+,462.0,464.0,53.16
66182,STARLINK-35333,+,461.0,464.0,53.16
66183,STARLINK-35310,+,462.0,463.0,53.16
66184,STARLINK-35317,+,462.0,464.0,53.16
66185,STARLINK-35377,+,462.0,464.0,53.16
66186,STARLINK-35365,+,462.0,464.0,53.16
66187,STARLINK-35350,+,462.0,464.0,53.16
66188,STARLINK-35041,+,462.0,464.0,53.16
66189,STARLINK-34694,+,462.0,463.0,53.16
66190,STARLINK-34863,+,462.0,464.0,53.16
66191,STARLINK-35061,+,462.0,464.0,53.16
66192,STARLINK-34937,+,462.0,464.0,53.16
66193,STARLINK-35197,+,474.0,476.0,53.16
66194,STARLINK-35374,+,469.0,472.0,53.16
66195,STARLINK-34813,+,462.0,464.0,53.16
66196,STARLINK-35409,+,464.0,466.0,53.16
66197,STARLINK-35259,+,462.0,464.0,53.16
66198,STARLINK-35518,+,462.0,464.0,53.16
66199,STARLINK-35509,+,474.0,476.0,53.16
66200,STARLINK-35551,+,464.0,466.0,53.16
66201,STARLINK-35543,+,461.0,485.0,53.16
66202,STARLINK-35534,+,474.0,476.0,53.16
66203,STARLINK-35548,+,465.0,466.0,53.16
66204,STARLINK-35490,+,462.0,464.0,53.16
66206,STARLINK-35748,+,462.0,463.0,53.16
66207,STARLINK-35747,+,462.0,464.0,53.16
66208,STARLINK-35751,+,462.0,464.0,53.16
66209,STARLINK-35750,+,462.0,464.0,53.16
66210,STARLINK-35740,+,462.0,463.0,53.16
66211,STARLINK-35723,+,462.0,464.0,53.16
66212,STARLINK-35710,+,462.0,463.0,53.16
66213,STARLINK-34204,+,461.0,464.0,53.16
66214,STARLINK-35714,+,462.0,463.0,53.16
66215,STARLINK-35712,+,462.0,464.0,53.16
66216,STARLINK-35709,+,462.0,464.0,53.16
66217,STARLINK-35700,+,462.0,464.0,53.16
66218,STARLINK-35722,+,462.0,464.0,53.16
66219,STARLINK-35737,+,462.0,464.0,53.16
66220,STARLINK-35677,+,462.0,464.0,53.16
66221,STARLINK-35704,+,438.0,464.0,53.16
66222,STARLINK-35666,+,461.0,464.0,53.15
66223,STARLINK-35664,+,462.0,463.0,53.16
66224,STARLINK-35733,+,462.0,464.0,53.16
66225,STARLINK-35734,+,462.0,464.0,53.16
66226,STARLINK-34466,+,462.0,464.0,53.16
66227,STARLINK-34882,+,462.0,464.0,53.16
66228,STARLINK-35731,+,462.0,464.0,53.16
66229,STARLINK-35758,+,462.0,464.0,53.16
66230,STARLINK-35736,+,462.0,464.0,53.16
66231,STARLINK-35735,+,462.0,464.0,53.16
66232,STARLINK-35753,+,462.0,464.0,53.16
66233,STARLINK-35626,+,462.0,463.0,53.16
66234,STARLINK-35537,+,470.0,471.0,53.16
66235,STARLINK-35541,+,470.0,471.0,53.16
66236,STARLINK-35454,+,462.0,463.0,53.16
66237,STARLINK-35557,+,462.0,464.0,53.16
66238,STARLINK-35556,+,462.0,463.0,53.16
66239,STARLINK-35554,+,469.0,472.0,53.16
66240,STARLINK-35546,+,461.0,464.0,53.16
66241,STARLINK-35497,+,462.0,464.0,53.16
66242,STARLINK-35480,+,462.0,463.0,53.16
66243,STARLINK-35495,+,465.0,466.0,53.16
66244,STARLINK-35517,+,462.0,463.0,53.15
66245,STARLINK-35503,+,461.0,464.0,53.15
66246,STARLINK-35434,+,470.0,471.0,53.16
66247,STARLINK-35481,+,469.0,472.0,53.16
66248,STARLINK-35416,+,470.0,471.0,53.16
66249,STARLINK-35304,+,470.0,471.0,53.16
66250,STARLINK-35338,+,470.0,472.0,53.16
66251,STARLINK-35485,+,470.0,471.0,53.16
66252,STARLINK-35483,+,462.0,463.0,53.16
66253,STARLINK-35486,+,470.0,471.0,53.16
66254,STARLINK-35488,+,470.0,472.0,53.16
66255,STARLINK-35616,+,462.0,464.0,53.16
66256,STARLINK-35619,+,461.0,464.0,53.16
66257,STARLINK-35615,+,462.0,464.0,53.16
66258,STARLINK-34650,+,462.0,463.0,53.16
66259,STARLINK-35529,+,470.0,471.0,53.16
66260,STARLINK-35420,+,470.0,472.0,53.16
66261,STARLINK-35536,+,469.0,473.0,53.16
66262,STARLINK-35487,+,470.0,471.0,53.16
66265,STARLINK-35801,+,462.0,463.0,53.16
66266,STARLINK-35056,+,461.0,464.0,53.16
66267,STARLINK-35550,+,462.0,463.0,53.16
66268,STARLINK-35069,+,462.0,464.0,53.16
66269,STARLINK-34910,+,462.0,464.0,53.16
66270,STARLINK-35757,+,462.0,463.0,53.16
66271,STARLINK-35745,+,462.0,464.0,53.16
66272,STARLINK-35741,+,462.0,463.0,53.16
66273,STARLINK-35730,+,462.0,463.0,53.16
66274,STARLINK-35760,+,462.0,464.0,53.16
66275,STARLINK-35752,+,462.0,464.0,53.16
66276,STARLINK-35742,+,462.0,463.0,53.16
66277,STARLINK-35708,+,462.0,464.0,53.16
66278,STARLINK-35713,+,462.0,463.0,53.16
66279,STARLINK-35724,+,462.0,463.0,53.16
66280,STARLINK-35726,+,462.0,463.0,53.16
66281,STARLINK-35727,+,462.0,463.0,53.16
66282,STARLINK-35776,+,462.0,464.0,53.16
66283,STARLINK-35774,+,462.0,464.0,53.16
66284,STARLINK-35830,+,462.0,463.0,53.16
66285,STARLINK-35819,+,462.0,463.0,53.16
66286,STARLINK-35783,+,462.0,463.0,53.16
66287,STARLINK-34884,+,462.0,464.0,53.16
66288,STARLINK-34896,+,462.0,463.0,53.16
66289,STARLINK-35802,+,462.0,463.0,53.16
66290,STARLINK-35799,+,462.0,464.0,53.16
66291,STARLINK-35800,+,462.0,464.0,53.16
66292,STARLINK-35798,+,462.0,463.0,53.16
66293,KORSAT-4,+,570.0,571.0,45.41
66294,SEMI-1L,+,500.0,502.0,45.41
66295,LEMUR-2-AFFIE-WAUWIE,+,473.0,482.0,45.39
66296,BANDWAGON-4 OBJECT D,+,496.0,501.0,45.41
66297,SEMI-1N,+,495.0,507.0,45.41
66298,SEMI-1P,+,493.0,509.0,45.4
66299,FGN-100-D2,+,500.0,506.0,45.4
66300,ICEYE-X65,+,539.0,545.0,45.4
66301,ICEYE-X66,+,535.0,541.0,45.4
66302,ICEYE-X67,+,534.0,542.0,45.4
66303,STARCLOUD-1,+,497.0,503.0,45.4
66304,BANDWAGON-4 OBJECT M,+,472.0,482.0,45.42
66305,BANDWAGON-4 OBJECT N,+,471.0,482.0,45.42
66306,BANDWAGON-4 OBJECT P,+,471.0,485.0,45.4
66307,BANDWAGON-4 OBJECT Q,+,473.0,485.0,45.39
66308,TOMORROW-S8,+,500.0,505.0,45.4
66309,TOMORROW-S9,+,501.0,505.0,45.4
66315,SENTINEL-1D,+,695.0,697.0,98.18
66316,QPS-SAR-14 (YACHIHOKO-I),+,563.0,571.0,42.0
66319,STARLINK-35442,+,482.0,484.0,43.0
66320,STARLINK-34616,+,482.0,484.0,43.0
66321,STARLINK-34615,+,482.0,484.0,43.0
66322,STARLINK-35292,+,482.0,484.0,43.0
66323,STARLINK-35309,+,482.0,484.0,43.0
66324,STARLINK-35506,+,482.0,484.0,43.0
66325,STARLINK-35504,+,482.0,484.0,43.0
66326,STARLINK-35479,+,482.0,484.0,43.0
66327,STARLINK-35507,+,482.0,484.0,43.0
66328,STARLINK-35460,+,482.0,484.0,43.0
66329,STARLINK-35505,+,482.0,484.0,43.0
66330,STARLINK-35512,+,482.0,484.0,43.0
66331,STARLINK-35257,+,482.0,484.0,43.0
66332,STARLINK-35322,+,482.0,484.0,43.0
66333,STARLINK-35400,+,482.0,484.0,43.01
66334,STARLINK-35407,+,482.0,484.0,43.0
66335,STARLINK-35417,+,482.0,484.0,43.0
66336,STARLINK-35404,+,481.0,485.0,43.0
66337,STARLINK-34783,+,482.0,484.0,43.0
66338,STARLINK-35477,+,482.0,484.0,43.0
66339,STARLINK-35443,+,482.0,484.0,43.0
66340,STARLINK-35218,+,482.0,484.0,43.0
66341,STARLINK-35522,+,482.0,484.0,43.0
66342,STARLINK-35535,+,482.0,484.0,43.0
66343,STARLINK-35467,+,482.0,484.0,43.0
66344,STARLINK-35511,+,482.0,484.0,43.0
66345,STARLINK-35440,+,482.0,484.0,43.01
66346,STARLINK-35482,+,482.0,484.0,43.0
66347,STARLINK-35438,+,482.0,484.0,43.0
66348,STARLINK-35849,+,462.0,464.0,53.16
66349,STARLINK-35848,+,470.0,472.0,53.16
66350,STARLINK-35829,+,470.0,472.0,53.16
66351,STARLINK-35828,+,470.0,472.0,53.16
66352,STARLINK-35850,+,462.0,464.0,53.16
66353,STARLINK-35869,+,462.0,464.0,53.16
66354,STARLINK-35895,+,465.0,466.0,53.16
66355,STARLINK-35861,+,462.0,463.0,53.16
66356,STARLINK-35851,+,462.0,463.0,53.16
66357,STARLINK-35817,+,462.0,464.0,53.16
66358,STARLINK-35807,+,470.0,471.0,53.16
66359,STARLINK-35805,+,470.0,472.0,53.16
66360,STARLINK-35823,+,462.0,463.0,53.16
66361,STARLINK-35813,+,462.0,470.0,53.16
66362,STARLINK-35822,+,462.0,463.0,53.16
66363,STARLINK-35806,+,462.0,464.0,53.16
66364,STARLINK-35797,+,462.0,464.0,53.16
66365,STARLINK-35827,+,470.0,472.0,53.16
66366,STARLINK-35845,+,470.0,472.0,53.16
66367,STARLINK-35846,+,462.0,463.0,53.16
66368,STARLINK-34861,+,462.0,464.0,53.16
66369,STARLINK-35795,+,462.0,463.0,53.16
66370,STARLINK-35824,+,462.0,463.0,53.16
66371,STARLINK-35804,+,462.0,463.0,53.16
66372,STARLINK-35821,+,462.0,464.0,53.16
66373,STARLINK-35809,+,462.0,463.0,53.15
66374,STARLINK-35831,+,462.0,464.0,53.16
66375,STARLINK-35826,+,461.0,464.0,53.16
66376,SHIYAN-32 01,-,396.0,411.0,52.99
66378,SHIYAN-32 02,+,431.0,454.0,52.99
66379,SHIYAN-32 03,+,437.0,448.0,52.99
66380,STARLINK-35139,+,462.0,464.0,53.16
66381,STARLINK-35158,+,462.0,463.0,53.16
66382,STARLINK-35639,+,462.0,463.0,53.16
66383,STARLINK-35690,+,461.0,464.0,53.16
66384,STARLINK-35662,+,462.0,463.0,53.16
66385,STARLINK-35659,+,462.0,463.0,53.16
66386,STARLINK-35651,+,462.0,463.0,53.16
66387,STARLINK-35661,+,462.0,463.0,53.16
66388,STARLINK-35647,+,462.0,463.0,53.16
66389,STARLINK-35694,+,462.0,464.0,53.16
66390,STARLINK-35665,+,462.0,464.0,53.16
66391,STARLINK-35656,+,462.0,464.0,53.16
66392,STARLINK-35671,+,462.0,463.0,53.16
66393,STARLINK-35652,+,462.0,464.0,53.16
66394,STARLINK-35672,+,462.0,463.0,53.16
66395,STARLINK-35681,+,462.0,463.0,53.16
66396,STARLINK-35669,+,462.0,464.0,53.16
66397,STARLINK-35510,+,462.0,463.0,53.16
66398,STARLINK-35642,+,462.0,463.0,53.16
66399,STARLINK-35657,+,462.0,463.0,53.16
66400,STARLINK-35667,+,462.0,464.0,53.16
66401,STARLINK-35668,+,462.0,464.0,53.16
66403,STARLINK-35602,+,462.0,463.0,53.16
66404,STARLINK-35691,+,462.0,463.0,53.16
66405,STARLINK-35683,+,462.0,463.0,53.16
66406,STARLINK-34840,+,462.0,464.0,53.16
66407,STARLINK-35686,+,462.0,463.0,53.16
66408,STARLINK-35679,+,462.0,464.0,53.16
66409,CHUTIAN-2 A,+,714.0,735.0,98.25
66410,CHUTIAN-2 B,+,714.0,735.0,98.25
66412,HULIANWANG DIGUI-96,+,1149.0,1150.0,50.0
66413,HULIANWANG DIGUI-97,+,1149.0,1150.0,50.0
66414,HULIANWANG DIGUI-98,+,1149.0,1150.0,50.0
66415,HULIANWANG DIGUI-99,+,1149.0,1150.0,50.01
66416,HULIANWANG DIGUI-100,+,1149.0,1150.0,50.0
66417,HULIANWANG DIGUI-101,+,1149.0,1150.0,50.0
66418,HULIANWANG DIGUI-102,+,1149.0,1150.0,50.0
66419,HULIANWANG DIGUI-103,+,1149.0,1150.0,50.0
66420,HULIANWANG DIGUI-104,+,1149.0,1150.0,50.0
66422,STARLINK-35617,+,483.0,483.0,43.0
66423,STARLINK-35618,+,482.0,484.0,43.0
66424,STARLINK-35588,+,483.0,483.0,43.0
66425,STARLINK-35555,+,482.0,484.0,43.0
66426,STARLINK-35589,+,481.0,485.0,43.0
66427,STARLINK-35611,+,482.0,484.0,43.0
66428,STARLINK-35610,+,482.0,484.0,43.0
66429,STARLINK-35533,+,482.0,484.0,43.0
66430,STARLINK-35470,+,482.0,484.0,43.0
66431,STARLINK-35439,+,482.0,484.0,43.0
66432,STARLINK-35446,+,482.0,484.0,43.0
66433,STARLINK-35457,+,482.0,484.0,43.0
66434,STARLINK-35389,+,482.0,484.0,43.0
66435,STARLINK-35502,+,482.0,484.0,43.01
66436,STARLINK-35501,+,482.0,484.0,43.0
66437,STARLINK-35474,+,482.0,484.0,43.0
66438,STARLINK-34681,+,482.0,484.0,43.0
66439,STARLINK-35327,+,483.0,483.0,43.0
66440,STARLINK-35405,+,482.0,484.0,43.0
66441,STARLINK-35426,+,482.0,484.0,43.0
66442,STARLINK-34724,+,482.0,484.0,43.0
66443,STARLINK-35219,+,482.0,484.0,43.0
66444,STARLINK-35360,+,482.0,484.0,43.0
66445,STARLINK-34698,+,482.0,484.0,43.0
66446,STARLINK-34986,+,483.0,483.0,43.0
66447,STARLINK-34851,+,482.0,484.0,43.0
66448,STARLINK-35355,+,482.0,484.0,43.0
66449,STARLINK-34720,+,483.0,483.0,43.0
66450,STARLINK-35334,+,482.0,484.0,42.99
66456,STARLINK-35643,+,482.0,484.0,43.0
66457,STARLINK-35466,+,483.0,483.0,43.0
66458,STARLINK-35684,+,481.0,485.0,43.0
66459,STARLINK-35449,+,482.0,484.0,43.0
66460,STARLINK-35424,+,482.0,484.0,43.0
66461,STARLINK-35132,+,482.0,484.0,43.0
66462,STARLINK-35499,+,482.0,484.0,43.0
66463,STARLINK-35463,+,482.0,484.0,43.0
66464,STARLINK-35435,+,482.0,484.0,43.0
66465,STARLINK-35448,+,482.0,484.0,43.0
66466,STARLINK-35388,+,483.0,483.0,43.0
66467,STARLINK-35682,+,482.0,484.0,43.0
66468,STARLINK-35331,+,482.0,484.0,43.0
66469,STARLINK-35451,+,482.0,484.0,43.0
66470,STARLINK-35655,+,482.0,484.0,43.0
66471,STARLINK-35569,+,482.0,484.0,43.0
66472,STARLINK-35567,+,483.0,483.0,43.0
66473,STARLINK-35568,+,482.0,484.0,43.0
66474,STARLINK-35620,+,482.0,484.0,43.0
66475,STARLINK-35538,+,482.0,484.0,43.0
66476,STARLINK-35372,+,482.0,484.0,43.0
66477,STARLINK-35354,+,482.0,484.0,43.0
66478,STARLINK-35283,+,482.0,484.0,43.0
66479,STARLINK-35581,+,483.0,483.0,43.0
66480,STARLINK-35670,+,481.0,485.0,43.01
66481,STARLINK-35698,+,482.0,484.0,43.0
66482,STARLINK-35648,+,482.0,484.0,43.0
66483,STARLINK-35654,+,482.0,484.0,43.0
66484,STARLINK-35371,+,482.0,484.0,43.0
66485,STARLINK-34774,+,482.0,484.0,43.0
66486,STARLINK-34844,+,482.0,484.0,43.0
66487,STARLINK-34733,+,482.0,484.0,43.01
66488,STARLINK-35515,+,482.0,484.0,43.0
66489,STARLINK-35696,+,482.0,484.0,43.0
66490,STARLINK-35693,+,481.0,485.0,43.0
66491,STARLINK-35663,+,481.0,485.0,43.0
66492,STARLINK-35673,+,481.0,485.0,43.0
66493,STARLINK-35597,+,481.0,485.0,43.0
66494,STARLINK-35689,+,482.0,484.0,43.0
66495,STARLINK-35832,+,482.0,484.0,43.0
66496,STARLINK-35909,+,482.0,484.0,43.0
66497,STARLINK-35899,+,482.0,484.0,43.0
66498,STARLINK-35907,+,481.0,485.0,43.0
66499,STARLINK-35816,+,482.0,484.0,43.0
66500,STARLINK-35894,+,482.0,484.0,43.0
66501,STARLINK-35897,+,482.0,484.0,43.0
66502,STARLINK-35922,+,483.0,483.0,43.0
66503,STARLINK-35917,+,483.0,484.0,43.0
66504,STARLINK-35916,+,481.0,485.0,43.0
66505,STARLINK-34766,+,482.0,484.0,43.01
66506,STARLINK-34765,+,482.0,484.0,43.0
66507,STARLINK-34767,+,482.0,484.0,43.0
66508,STARLINK-35608,+,481.0,485.0,43.0
66509,STARLINK-35598,+,482.0,484.0,43.0
66510,STARLINK-35600,+,481.0,485.0,43.01
66511,STARLINK-35444,+,482.0,484.0,43.0
66512,STARLINK-35366,+,482.0,484.0,43.0
66513,STARLINK-35692,+,483.0,483.0,43.0
66514,SENTINEL-6B,+,1332.0,1344.0,66.04
66515,SZ-21 MODULE,+,318.0,329.0,41.47
66516,STARLINK-35924,+,482.0,484.0,43.0
66517,STARLINK-35937,+,481.0,485.0,43.0
66518,STARLINK-35962,+,482.0,484.0,43.0
66519,STARLINK-35931,+,482.0,484.0,43.0
66520,STARLINK-35952,+,482.0,484.0,43.0
66521,STARLINK-35915,+,482.0,484.0,43.0
66522,STARLINK-35946,+,482.0,484.0,43.0
66523,STARLINK-35969,+,482.0,484.0,43.0
66524,STARLINK-35687,+,482.0,484.0,43.0
66525,STARLINK-35975,+,482.0,484.0,43.0
66526,STARLINK-35932,+,480.0,486.0,43.01
66527,STARLINK-35935,+,482.0,484.0,43.0
66528,STARLINK-35928,+,482.0,484.0,43.0
66529,STARLINK-35933,+,483.0,483.0,43.0
66530,STARLINK-35961,+,482.0,484.0,43.0
66531,STARLINK-35960,+,481.0,485.0,43.0
66532,STARLINK-35914,+,482.0,484.0,43.0
66533,STARLINK-35707,+,482.0,484.0,43.0
66534,STARLINK-35976,+,482.0,484.0,43.0
66535,STARLINK-35514,+,482.0,484.0,43.0
66536,STARLINK-35640,+,482.0,484.0,43.0
66537,STARLINK-35582,+,482.0,484.0,43.0
66538,STARLINK-35577,+,482.0,484.0,43.0
66539,STARLINK-35697,+,482.0,484.0,43.0
66540,STARLINK-35818,+,483.0,483.0,42.99
66541,STARLINK-35796,+,482.0,484.0,43.0
66542,STARLINK-35833,+,482.0,484.0,43.0
66543,STARLINK-35315,+,482.0,484.0,43.0
66544,STARLINK-35728,+,482.0,484.0,43.0
66545,SHIJIAN-30A (SJ-30A),+,514.0,524.0,51.8
66546,SHIJIAN-30B (SJ-30B),+,514.0,524.0,51.79
66547,SHIJIAN-30C (SJ-30C),+,514.0,524.0,51.79
66554,GLOBAL-33,+,445.0,459.0,42.02
66557,STARLINK-35699,+,482.0,484.0,43.0
66558,STARLINK-35695,+,482.0,484.0,43.0
66559,STARLINK-35419,+,483.0,484.0,43.0
66560,STARLINK-35411,+,482.0,484.0,43.0
66561,STARLINK-35305,+,483.0,484.0,43.0
66562,STARLINK-35579,+,483.0,484.0,43.0
66563,STARLINK-35437,+,482.0,484.0,43.0
66564,STARLINK-35358,+,482.0,484.0,43.0
66565,STARLINK-35893,+,482.0,484.0,43.0
66566,STARLINK-35871,+,482.0,484.0,43.0
66567,STARLINK-35825,+,482.0,484.0,43.0
66568,STARLINK-35803,+,482.0,484.0,43.0
66569,STARLINK-35835,+,482.0,484.0,43.0
66570,STARLINK-35834,+,482.0,484.0,43.0
66571,STARLINK-35836,+,482.0,484.0,43.0
66572,STARLINK-35870,+,482.0,484.0,43.0
66573,STARLINK-35650,+,482.0,484.0,43.0
66574,STARLINK-35812,+,483.0,483.0,43.0
66575,STARLINK-35810,+,482.0,484.0,43.0
66576,STARLINK-35814,+,482.0,484.0,43.0
66577,STARLINK-35815,+,482.0,484.0,43.0
66578,STARLINK-35743,+,482.0,484.0,43.0
66579,STARLINK-35868,+,482.0,484.0,43.0
66580,STARLINK-35872,+,482.0,484.0,43.0
66581,STARLINK-35744,+,482.0,484.0,43.0
66582,STARLINK-35746,+,482.0,484.0,43.0
66583,STARLINK-35941,+,482.0,484.0,43.0
66584,STARLINK-35939,+,482.0,484.0,43.0
66585,STARLINK-35963,+,482.0,484.0,43.0
66588,STARLINK-36076,+,482.0,484.0,43.0
66589,STARLINK-35447,+,482.0,484.0,43.0
6659,METEOR 1-15,,838.0,877.0,81.19
66590,STARLINK-35429,+,482.0,484.0,43.0
66591,STARLINK-36058,+,482.0,484.0,43.0
66592,STARLINK-36066,+,482.0,484.0,43.0
66593,STARLINK-36031,+,482.0,484.0,43.0
66594,STARLINK-36032,+,482.0,484.0,43.0
66595,STARLINK-35711,+,482.0,484.0,43.0
66596,STARLINK-35811,+,482.0,484.0,43.0
66597,STARLINK-35820,+,482.0,484.0,43.0
66598,STARLINK-35981,+,483.0,483.0,43.0
66599,STARLINK-35930,+,482.0,484.0,43.0
66600,STARLINK-35980,+,482.0,484.0,43.0
66601,STARLINK-35978,+,482.0,484.0,43.0
66602,STARLINK-36050,+,482.0,484.0,43.0
66603,STARLINK-36048,+,482.0,484.0,43.0
66604,STARLINK-35977,+,483.0,483.0,43.0
66605,STARLINK-36052,+,482.0,484.0,43.0
66606,STARLINK-36063,+,482.0,484.0,43.0
66607,STARLINK-35993,+,482.0,484.0,43.0
66608,STARLINK-36036,+,483.0,483.0,43.0
66609,STARLINK-36034,+,482.0,484.0,43.0
66610,STARLINK-35680,+,482.0,484.0,43.0
66611,STARLINK-35583,+,482.0,484.0,43.0
66612,STARLINK-36039,+,482.0,484.0,43.0
66613,STARLINK-36037,+,482.0,484.0,43.0
66614,STARLINK-36040,+,482.0,484.0,43.0
66615,STARLINK-35988,+,483.0,483.0,43.0
66616,STARLINK-35391,+,482.0,484.0,43.0
66617,STARLINK-35940,+,462.0,463.0,53.16
66618,STARLINK-35970,+,462.0,463.0,53.16
66619,STARLINK-35951,+,462.0,463.0,53.16
66620,STARLINK-35936,+,462.0,464.0,53.16
66621,STARLINK-35847,+,462.0,463.0,53.16
66622,STARLINK-35950,+,462.0,463.0,53.16
66623,STARLINK-35920,+,462.0,464.0,53.16
66624,STARLINK-35927,+,462.0,464.0,53.16
66625,STARLINK-35929,+,462.0,464.0,53.16
66626,STARLINK-35902,+,462.0,463.0,53.16
66627,STARLINK-35904,+,462.0,464.0,53.16
66628,STARLINK-35862,+,462.0,464.0,53.16
66630,STARLINK-35949,+,462.0,464.0,53.16
66631,STARLINK-35965,+,461.0,465.0,53.16
66632,STARLINK-35973,+,462.0,463.0,53.16
66633,STARLINK-35948,+,462.0,463.0,53.16
66634,STARLINK-35967,+,462.0,464.0,53.16
66635,STARLINK-35955,+,462.0,463.0,53.16
66636,STARLINK-35968,+,462.0,464.0,53.16
66637,STARLINK-35953,+,462.0,463.0,53.16
66638,STARLINK-35972,+,462.0,463.0,53.16
66639,STARLINK-35908,+,462.0,464.0,53.16
66640,STARLINK-35921,+,462.0,464.0,53.16
66641,STARLINK-35923,+,462.0,463.0,53.16
66642,STARLINK-35926,+,462.0,463.0,53.16
66643,STARLINK-35918,+,462.0,464.0,53.16
66644,STARLINK-35938,+,462.0,464.0,53.16
66647,COSMOS 2597 (RODNIK-S 22),+,1484.0,1505.0,82.5
66648,COSMOS 2598 (RODNIK-S 23),+,1485.0,1504.0,82.5
66649,COSMOS 2599 (RODNIK-S 24),+,1481.0,1508.0,82.5
66650,BEE-1000,+,579.0,597.0,97.75
66651,OBJECT B,+,578.0,596.0,97.75
66652,OBJECT C,+,579.0,596.0,97.75
66653,OBJECT D,+,579.0,598.0,97.75
66654,JACK E,+,578.0,598.0,97.75
66655,CAS500-3,+,600.0,607.0,97.74
66656,OBJECT G,+,577.0,597.0,97.75
66657,SPIRONE,+,577.0,595.0,97.75
66658,COSMIC,+,574.0,593.0,97.75
66659,JACK K,+,576.0,595.0,97.75
66660,K-HERO,+,575.0,595.0,97.75
66661,SNUGLITE-III,+,574.0,595.0,97.75
66662,E3T-1 (E3TESTER-1),+,574.0,595.0,97.75
66666,FORMOSAT-8A,+,558.0,569.0,97.65
66667,PELICAN-5,+,461.0,462.0,97.41
66668,SARI-1,+,466.0,477.0,97.4
66669,SARI-2,+,469.0,479.0,97.4
66670,HUNITY,+,470.0,481.0,97.4
66671,ANISCSAT-1,+,493.0,502.0,97.42
66672,BRO-17,+,505.0,517.0,97.41
66673,TRANSPORTER-15 OBJECT H,+,487.0,497.0,97.41
66674,BRO-20,+,505.0,516.0,97.41
66675,VEERY-0G,+,495.0,505.0,97.41
66676,TRANSPORTER-15 OBJECT L,+,502.0,512.0,97.41
66677,AE5RC,+,489.0,497.0,97.41
66678,OTTER SDM,+,500.0,509.0,97.42
66679,LILIUM-2,+,506.0,516.0,97.41
66680,LEMUR-2-DEANANDMAEVE,+,501.0,512.0,97.42
66681,TRANSPORTER-15 OBJECT R,+,484.0,493.0,97.41
66682,ION SCV-022,+,570.0,576.0,97.52
66683,6GSTARLAB,+,505.0,515.0,97.42
66684,MICE-1,+,502.0,512.0,97.42
66685,AE5RA,+,489.0,497.0,97.42
66686,LEMUR-2-STAS-GORBUK,+,501.0,511.0,97.42
66687,LEO EXPRESS 3,+,498.0,500.0,97.42
66688,WISDOM A,+,502.0,511.0,97.42
66689,AC1-003,+,508.0,513.0,97.42
66690,TRANSPORTER-15 OBJECT AA,+,503.0,512.0,97.41
66691,TRANSPORTER-15 OBJECT AB,+,496.0,504.0,97.42
66692,NUSAT-52,+,502.0,508.0,97.42
66693,AE5RB,+,489.0,497.0,97.41
66694,YAM-9,+,512.0,527.0,97.42
66695,IRIDE FM1,+,499.0,503.0,97.42
66696,IRIDE FM2,+,499.0,506.0,97.41
66697,IRIDE FM3,+,498.0,503.0,97.41
66698,IRIDE FM4,+,501.0,509.0,97.41
66699,IRIDE FM5,+,499.0,507.0,97.42
66700,IRIDE FM6,+,498.0,503.0,97.42
66701,IRIDE FM7,+,499.0,507.0,97.42
66702,IRIDE FM8,+,500.0,507.0,97.41
66703,PELICAN-6,+,465.0,467.0,97.36
66704,FLOCK 4H-1,+,500.0,505.0,97.41
66705,FLOCK 4H-2,+,499.0,503.0,97.41
66706,FLOCK 4H-3,P,500.0,508.0,97.42
66707,FLOCK 4H-4,+,500.0,509.0,97.42
66708,FLOCK 4H-5,+,500.0,504.0,97.41
66709,FLOCK 4H-6,+,499.0,506.0,97.42
66710,FLOCK 4H-7,+,501.0,506.0,97.41
66711,FLOCK 4H-8,+,500.0,506.0,97.42
66712,FLOCK 4H-9,P,499.0,506.0,97.42
66713,FLOCK 4H-10,+,500.0,508.0,97.41
66714,FLOCK 4H-11,P,490.0,496.0,97.42
66715,FLOCK 4H-12,P,499.0,505.0,97.41
66716,FLOCK 4H-13,P,500.0,504.0,97.42
66717,FLOCK 4H-14,+,499.0,502.0,97.42
66718,FLOCK 4H-15,+,501.0,508.0,97.42
66719,FLOCK 4H-16,+,500.0,508.0,97.42
66720,FLOCK 4H-17,-,489.0,496.0,97.42
66721,FLOCK 4H-18,+,501.0,508.0,97.41
66722,FLOCK 4H-19,+,499.0,503.0,97.41
66723,FLOCK 4H-20,P,497.0,503.0,97.42
66724,FLOCK 4H-21,+,499.0,504.0,97.41
66725,FLOCK 4H-22,+,500.0,506.0,97.41
66726,FLOCK 4H-23,+,500.0,509.0,97.42
66727,FLOCK 4H-24,+,500.0,508.0,97.42
66728,FLOCK 4H-25,+,500.0,503.0,97.41
66729,FLOCK 4H-26,+,501.0,509.0,97.41
66730,FLOCK 4H-27,P,501.0,504.0,97.41
66731,FLOCK 4H-28,-,500.0,508.0,97.41
66732,FLOCK 4H-29,+,501.0,508.0,97.41
66733,FLOCK 4H-30,+,500.0,508.0,97.42
66734,FLOCK 4H-31,+,501.0,508.0,97.41
66735,FLOCK 4H-32,+,500.0,509.0,97.42
66736,FLOCK 4H-33,+,498.0,504.0,97.42
66737,FLOCK 4H-34,+,499.0,505.0,97.42
66738,FLOCK 4H-35,+,499.0,504.0,97.42
66739,FLOCK 4H-36,+,499.0,505.0,97.42
66740,NUSAT-51 (YVONNE BRILL),+,500.0,506.0,97.42
66741,BLACK KITE-1,+,497.0,506.0,97.42
66742,MERCURY ONE (M1),+,503.0,508.0,97.41
66743,NUSAT-47,+,501.0,505.0,97.41
66744,AC1-001,+,507.0,513.0,97.42
66745,AC1-002,+,507.0,512.0,97.41
66746,TRANSPORTER-15 OBJECT CJ,+,513.0,514.0,97.44
66748,UMBRA-11,+,476.0,481.0,97.42
66749,PIAST-S1,+,500.0,506.0,97.41
6675,COSMOS 564,,1395.0,1479.0,74.02
66750,TRANSPORTER-15 OBJECT CN,+,503.0,507.0,97.42
66751,ICEYE-X58,+,510.0,517.0,97.42
66752,ICEYE-X59,+,562.0,565.0,97.45
66753,ICEYE-X60,+,533.0,538.0,97.41
66754,ICEYE-X61,+,506.0,513.0,97.42
66755,ICEYE-X62,+,532.0,538.0,97.42
66756,MAUVE,+,499.0,504.0,97.42
66757,PIAST-S2,+,500.0,505.0,97.42
66758,PIAST-M,+,501.0,505.0,97.41
66759,TRANSPORTER-15 OBJECT CX,+,499.0,503.0,97.41
6676,COSMOS 565,,1448.0,1489.0,74.02
66760,TRANSPORTER-15 OBJECT CY,+,502.0,505.0,97.41
66761,TRANSPORTER-15 OBJECT CZ,+,494.0,498.0,97.41
66762,HYDROGNSS-1,+,523.0,538.0,97.42
66763,HYDROGNSS-2,+,522.0,540.0,97.42
66764,NAHLA,+,505.0,511.0,97.42
66765,TRANSPORTER-15 OBJECT DD,+,489.0,492.0,97.42
66766,T.MICROSAT-1,+,501.0,502.0,97.41
66767,ACCENTURE-1,+,504.0,506.0,97.41
66768,LEMUR-2-TEODOR,+,500.0,502.0,97.41
66769,SPEQTRE,+,501.0,504.0,97.42
6677,COSMOS 566,,1433.0,1482.0,74.02
66770,LILIUM-3,+,504.0,509.0,97.42
66771,GYEONGGISAT-1,+,500.0,503.0,97.42
66772,IHI-SAT2,+,498.0,500.0,97.42
66773,TRANSPORTER-15 OBJECT DM,+,501.0,504.0,97.42
66774,GENA-OT,+,499.0,502.0,97.42
66775,PHI 1,+,500.0,500.0,97.41
66776,LEMUR-2-LAILA,+,499.0,501.0,97.41
66777,LUNA-1,+,493.0,496.0,97.42
66778,FORESAIL-1 PRIME,+,507.0,509.0,97.42
66779,FOSSASAT-2E22,+,506.0,511.0,97.41
6678,COSMOS 567,,1412.0,1483.0,74.02
66780,FOSSASAT-2E24,+,506.0,510.0,97.41
66781,LEMUR-2-CELIJO-SB-PK,+,562.0,567.0,97.52
66782,LEMUR-2-FINNIAN,+,558.0,571.0,97.53
66783,LEMUR-2-STARLIGHT,+,558.0,578.0,97.52
66784,LEMUR-2-TARTIFLETTE,+,559.0,577.0,97.52
66785,LEMUR-2-VUKASIN,+,562.0,567.0,97.51
66786,LEMUR-2-HOTSPUR-TOM,+,559.0,577.0,97.52
66787,LEMUR-2-MYRA,+,553.0,575.0,97.53
66788,FOSSASA-2E23,+,495.0,501.0,97.42
6679,COSMOS 568,,1374.0,1480.0,74.02
66791,STARLINK-35867,+,482.0,484.0,43.0
66792,STARLINK-35990,+,482.0,484.0,43.0
66793,STARLINK-36051,+,482.0,484.0,43.0
66794,STARLINK-36062,+,483.0,483.0,43.0
66795,STARLINK-36047,+,482.0,484.0,43.0
66796,STARLINK-35964,+,482.0,484.0,43.0
66797,STARLINK-36099,+,482.0,484.0,43.0
66798,STARLINK-36041,+,483.0,483.0,43.0
66799,STARLINK-36044,+,482.0,484.0,43.0
6680,COSMOS 569,,1356.0,1480.0,74.02
66800,STARLINK-35996,+,482.0,484.0,43.0
66801,STARLINK-36080,+,482.0,484.0,43.0
66802,STARLINK-35604,+,482.0,484.0,43.0
66803,STARLINK-35565,+,482.0,484.0,43.0
66804,STARLINK-36038,+,482.0,484.0,43.0
66805,STARLINK-36049,+,482.0,484.0,43.0
66806,STARLINK-36069,+,482.0,484.0,43.0
66807,STARLINK-36000,+,481.0,485.0,43.0
66808,STARLINK-36071,+,482.0,484.0,43.0
66809,STARLINK-35979,+,482.0,484.0,43.0
6681,COSMOS 570,,1337.0,1480.0,74.02
66810,STARLINK-36046,+,482.0,484.0,43.0
66811,STARLINK-36045,+,482.0,484.0,43.0
66812,STARLINK-36054,+,482.0,484.0,43.0
66813,STARLINK-36042,+,482.0,484.0,43.0
66814,STARLINK-35984,+,480.0,486.0,42.99
66815,STARLINK-35985,+,481.0,485.0,43.0
66816,STARLINK-36098,+,482.0,484.0,43.0
66817,STARLINK-35995,+,482.0,484.0,43.0
66818,STARLINK-35994,+,482.0,484.0,43.0
66819,STARLINK-35989,+,482.0,484.0,43.0
6682,COSMOS 571,,1318.0,1479.0,74.02
66820,KOMPSAT-7,+,554.0,572.0,97.73
66821,STARLINK-35966,+,569.0,575.0,70.0
66822,STARLINK-35958,+,569.0,575.0,70.0
66823,STARLINK-35957,+,569.0,575.0,70.0
66824,STARLINK-35896,+,569.0,575.0,70.0
66825,STARLINK-35476,+,569.0,575.0,70.0
66826,STARLINK-35898,+,570.0,574.0,70.0
66827,STARLINK-35959,+,569.0,575.0,70.0
66828,STARLINK-35982,+,569.0,575.0,70.0
66829,STARLINK-36084,+,569.0,575.0,70.0
66830,STARLINK-35881,+,569.0,575.0,70.0
66831,STARLINK-35788,+,569.0,575.0,70.0
66832,STARLINK-35768,+,569.0,575.0,70.0
66833,STARLINK-35858,+,569.0,575.0,70.0
66834,STARLINK-35840,+,569.0,575.0,70.0
66835,STARLINK-35890,+,569.0,575.0,70.0
66836,STARLINK-35838,+,569.0,575.0,70.0
66837,STARLINK-35729,+,569.0,575.0,70.0
66838,STARLINK-35886,+,570.0,574.0,70.0
66839,STARLINK-35717,+,569.0,575.0,70.0
66840,STARLINK-35837,+,569.0,575.0,70.0
66841,STARLINK-35715,+,569.0,575.0,70.0
66842,STARLINK-35769,+,569.0,575.0,70.0
66843,STARLINK-35997,+,569.0,575.0,70.0
66844,STARLINK-36073,+,569.0,575.0,70.0
66845,STARLINK-36068,+,569.0,575.0,70.0
66846,STARLINK-36055,+,569.0,575.0,70.0
66847,STARLINK-36061,+,569.0,575.0,70.0
66848,STARLINK-36091,+,482.0,484.0,43.0
66849,STARLINK-36102,+,482.0,484.0,43.0
66850,STARLINK-36105,+,482.0,484.0,43.0
66851,STARLINK-36094,+,482.0,484.0,43.0
66852,STARLINK-35992,+,482.0,484.0,43.0
66853,STARLINK-35986,+,483.0,483.0,43.0
66854,STARLINK-36087,+,482.0,484.0,43.0
66855,STARLINK-36090,+,482.0,484.0,43.0
66856,STARLINK-36072,+,483.0,484.0,43.0
66857,STARLINK-36083,+,481.0,485.0,43.0
66858,STARLINK-35118,+,482.0,484.0,43.0
66859,STARLINK-35646,+,482.0,484.0,43.0
66860,STARLINK-35987,+,482.0,484.0,43.0
66861,STARLINK-35991,+,483.0,483.0,43.0
66862,STARLINK-35974,+,482.0,484.0,43.0
66863,STARLINK-36134,+,482.0,484.0,43.0
66864,STARLINK-36070,+,483.0,484.0,43.0
66865,STARLINK-36117,+,483.0,484.0,43.0
66866,STARLINK-36126,+,482.0,484.0,43.0
66867,STARLINK-36101,+,482.0,484.0,43.0
66868,STARLINK-36108,+,481.0,485.0,43.0
66869,STARLINK-36092,+,482.0,484.0,43.0
66870,STARLINK-36114,+,482.0,484.0,43.0
66871,STARLINK-36095,+,482.0,484.0,43.01
66872,STARLINK-36082,+,482.0,484.0,43.0
66873,STARLINK-36128,+,482.0,484.0,43.0
66874,STARLINK-36129,+,482.0,484.0,43.0
66875,STARLINK-36053,+,482.0,484.0,43.0
66876,STARLINK-35702,+,482.0,484.0,43.0
66878,STARLINK-35866,+,462.0,463.0,53.16
66879,STARLINK-35749,+,462.0,463.0,53.16
66880,STARLINK-35844,+,462.0,464.0,53.16
66881,STARLINK-35860,+,462.0,463.0,53.16
66882,STARLINK-35912,+,462.0,463.0,53.16
66883,STARLINK-35947,+,462.0,463.0,53.16
66884,STARLINK-36057,+,462.0,463.0,53.16
66885,STARLINK-35954,+,462.0,464.0,53.16
66886,STARLINK-35900,+,462.0,463.0,53.16
66887,STARLINK-35925,+,462.0,463.0,53.16
66888,STARLINK-35919,+,462.0,463.0,53.16
66889,STARLINK-35852,+,462.0,463.0,53.16
66890,STARLINK-35885,+,462.0,463.0,53.16
66891,STARLINK-35855,+,462.0,463.0,53.16
66892,STARLINK-35883,+,462.0,464.0,53.16
66893,STARLINK-36033,+,462.0,463.0,53.16
66894,STARLINK-35718,+,461.0,464.0,53.16
66895,STARLINK-35971,+,462.0,463.0,53.16
66896,STARLINK-35791,+,462.0,463.0,53.16
66897,STARLINK-36079,+,462.0,463.0,53.16
66898,STARLINK-36065,+,462.0,463.0,53.16
66899,STARLINK-36064,+,462.0,463.0,53.16
66900,STARLINK-36074,+,462.0,463.0,53.16
66901,STARLINK-36043,+,462.0,464.0,53.16
66902,STARLINK-35983,+,462.0,463.0,53.15
66903,STARLINK-36077,+,462.0,463.0,53.16
66904,STARLINK-36059,+,462.0,463.0,53.16
66905,STARLINK-36075,+,462.0,463.0,53.16
66906,DUPLEX,+,363.0,369.0,51.63
66913,OBJECT A,+,899.0,907.0,80.4
66914,OBJECT B,+,894.0,912.0,80.4
66915,HULIANWANG DIGUI-105,+,1149.0,1150.0,50.0
66916,HULIANWANG DIGUI-106,+,1149.0,1150.0,50.01
66917,HULIANWANG DIGUI-107,+,1149.0,1150.0,50.0
66918,HULIANWANG DIGUI-108,+,1149.0,1150.0,50.0
66919,HULIANWANG DIGUI-109,+,1149.0,1150.0,50.01
66920,HULIANWANG DIGUI-110,+,1149.0,1150.0,50.01
66921,HULIANWANG DIGUI-111,+,1149.0,1150.0,50.01
66922,HULIANWANG DIGUI-112,+,1149.0,1150.0,50.01
66923,HULIANWANG DIGUI-113,+,1149.0,1150.0,50.01
66925,STARLINK-35945,+,462.0,463.0,53.16
66926,STARLINK-35942,+,462.0,463.0,53.16
66927,STARLINK-35943,+,462.0,463.0,53.16
66928,STARLINK-35944,+,461.0,464.0,53.16
66929,STARLINK-36169,+,462.0,463.0,53.16
66930,STARLINK-36206,+,462.0,463.0,53.16
66931,STARLINK-36130,+,462.0,463.0,53.16
66932,STARLINK-36177,+,462.0,463.0,53.16
66933,STARLINK-36157,+,461.0,464.0,53.16
66934,STARLINK-36153,+,462.0,464.0,53.16
66935,STARLINK-36127,+,462.0,463.0,53.16
66936,STARLINK-36160,+,462.0,463.0,53.16
66937,STARLINK-36165,+,462.0,463.0,53.16
66938,STARLINK-36155,+,462.0,463.0,53.16
66939,STARLINK-36154,+,462.0,463.0,53.16
66940,STARLINK-36121,+,462.0,464.0,53.16
66941,STARLINK-36088,+,462.0,464.0,53.16
66942,STARLINK-36100,+,462.0,464.0,53.16
66943,STARLINK-36109,+,462.0,463.0,53.16
66944,STARLINK-36112,+,462.0,463.0,53.16
66945,STARLINK-36110,+,460.0,465.0,53.16
66946,STARLINK-36115,+,463.0,463.0,53.16
66947,STARLINK-36089,+,462.0,463.0,53.16
66948,STARLINK-36116,+,462.0,463.0,53.16
66949,STARLINK-36096,+,462.0,463.0,53.16
66950,STARLINK-36111,+,462.0,463.0,53.16
66951,STARLINK-35999,+,460.0,465.0,53.16
66952,STARLINK-36122,+,461.0,464.0,53.16
66953,HULIANWANG DIGUI-114,+,1166.0,1169.0,86.49
66954,HULIANWANG DIGUI-115,+,1167.0,1169.0,86.49
66955,HULIANWANG DIGUI-116,+,1167.0,1169.0,86.48
66956,HULIANWANG DIGUI-117,+,1166.0,1169.0,86.49
66957,HULIANWANG DIGUI-118,+,1166.0,1169.0,86.49
66959,STARLINK-35887,+,483.0,483.0,43.0
66960,STARLINK-35879,+,482.0,484.0,43.0
66961,STARLINK-35761,+,482.0,484.0,43.0
66962,STARLINK-35874,+,483.0,483.0,43.0
66963,STARLINK-36133,+,482.0,484.0,43.0
66964,STARLINK-36104,+,483.0,484.0,43.0
66965,STARLINK-36067,+,482.0,484.0,43.0
66966,STARLINK-36139,+,482.0,484.0,43.0
66967,STARLINK-36136,+,482.0,484.0,43.0
66968,STARLINK-36152,+,482.0,484.0,43.0
66969,STARLINK-36149,+,482.0,484.0,43.0
66970,STARLINK-35703,+,483.0,483.0,43.0
66971,STARLINK-35678,+,482.0,484.0,43.0
66972,STARLINK-34846,+,481.0,484.0,43.0
66973,STARLINK-35778,+,482.0,484.0,43.0
66974,STARLINK-35780,+,482.0,484.0,43.0
66975,STARLINK-35777,+,482.0,484.0,43.0
66976,STARLINK-35772,+,482.0,484.0,43.0
66977,STARLINK-35770,+,482.0,484.0,43.0
66978,STARLINK-35787,+,483.0,483.0,43.0
66979,STARLINK-36107,+,483.0,484.0,43.0
66980,STARLINK-36086,+,482.0,484.0,43.0
66981,STARLINK-36142,+,482.0,484.0,43.0
66982,STARLINK-36113,+,483.0,484.0,43.0
66983,STARLINK-36145,+,482.0,484.0,43.0
66984,STARLINK-35591,+,482.0,484.0,43.0
66985,STARLINK-36103,+,482.0,484.0,43.0
66986,STARLINK-36135,+,482.0,484.0,43.0
66987,STARLINK-36147,+,482.0,484.0,43.0
66988,YAOGAN-47,+,494.0,499.0,97.5
66992,USA 570,+,1017.0,1194.0,63.44
66993,OBJECT A,+,535.0,558.0,97.63
66994,THE ARAB SATELLITE 813,+,535.0,556.0,97.63
66995,OBJECT C,+,534.0,556.0,97.63
66996,OBJECT D,+,537.0,558.0,97.63
66997,OBJECT E,+,535.0,557.0,97.63
66998,OBJECT F,+,534.0,556.0,97.63
66999,OBJECT G,+,534.0,556.0,97.63
670,TRANSIT 5B-1,,1061.0,1122.0,89.97
67000,OBJECT H,+,531.0,553.0,97.63
67001,OBJECT J,+,534.0,557.0,97.63
67003,STARLINK-35660,+,570.0,574.0,70.0
67004,STARLINK-35913,+,570.0,574.0,70.0
67005,STARLINK-36148,+,570.0,574.0,70.0
67006,STARLINK-36156,+,570.0,574.0,70.0
67007,STARLINK-36123,+,570.0,574.0,70.0
67008,STARLINK-36163,+,570.0,574.0,70.0
67009,STARLINK-36118,+,570.0,574.0,70.0
67010,STARLINK-36189,+,570.0,574.0,70.01
67011,STARLINK-36167,+,570.0,574.0,70.0
67012,STARLINK-36175,+,570.0,574.0,70.0
67013,STARLINK-35856,+,570.0,574.0,70.0
67014,STARLINK-36207,+,570.0,574.0,70.0
67015,STARLINK-36093,+,570.0,574.0,70.0
67016,STARLINK-36120,+,570.0,574.0,70.0
67017,STARLINK-35498,+,570.0,574.0,70.0
67018,STARLINK-36106,+,570.0,574.0,70.0
67019,STARLINK-35688,+,570.0,574.0,70.0
67020,STARLINK-36172,+,570.0,574.0,70.0
67021,STARLINK-36184,+,570.0,574.0,70.0
67022,STARLINK-36209,+,571.0,573.0,70.0
67023,STARLINK-36191,+,570.0,574.0,70.0
67024,STARLINK-36192,+,570.0,574.0,70.0
67025,STARLINK-36178,+,570.0,574.0,70.0
67026,STARLINK-36176,+,570.0,574.0,70.0
67027,STARLINK-36171,+,570.0,574.0,70.0
67028,STARLINK-36132,+,570.0,574.0,70.0
67029,STARLINK-36190,+,570.0,574.0,70.0
67030,STARLINK-36138,+,483.0,483.0,43.0
67031,STARLINK-36150,+,482.0,484.0,43.0
67032,STARLINK-36131,+,482.0,485.0,43.0
67033,STARLINK-36137,+,482.0,484.0,43.0
67034,STARLINK-36140,+,482.0,484.0,43.0
67035,STARLINK-36085,+,482.0,484.0,43.0
67036,STARLINK-36125,+,482.0,484.0,43.0
67037,STARLINK-35732,+,482.0,484.0,43.0
67038,STARLINK-35775,+,482.0,484.0,43.0
67039,STARLINK-35705,+,482.0,484.0,43.0
67040,STARLINK-35786,+,482.0,484.0,43.0
67041,STARLINK-35765,+,482.0,484.0,43.0
67042,STARLINK-35773,+,482.0,484.0,43.0
67043,STARLINK-35901,+,482.0,484.0,43.0
67044,STARLINK-35884,+,482.0,484.0,43.0
67045,STARLINK-35891,+,482.0,484.0,43.0
67046,STARLINK-35721,+,483.0,484.0,43.0
67047,STARLINK-35779,+,482.0,484.0,43.0
67048,STARLINK-35905,+,483.0,483.0,43.0
67049,STARLINK-35877,+,482.0,484.0,43.0
67050,STARLINK-36078,+,482.0,484.0,43.0
67051,STARLINK-35706,+,482.0,484.0,43.0
67052,STARLINK-35720,+,482.0,484.0,43.0
67053,STARLINK-35739,+,482.0,484.0,43.0
67054,STARLINK-35754,+,482.0,484.0,43.0
67055,STARLINK-35790,+,482.0,484.0,43.0
67056,STARLINK-36143,+,482.0,484.0,43.0
67057,STARLINK-36141,+,482.0,484.0,43.0
67058,STARLINK-35767,+,483.0,484.0,43.0
67059,HULIANWANG DIGUI-119,+,1149.0,1150.0,50.0
67060,HULIANWANG DIGUI-120,+,1149.0,1150.0,50.0
67061,HULIANWANG DIGUI-121,+,1149.0,1150.0,50.0
67062,HULIANWANG DIGUI-122,+,1149.0,1150.0,50.0
67063,HULIANWANG DIGUI-123,+,1149.0,1150.0,50.0
67064,HULIANWANG DIGUI-124,+,1149.0,1150.0,50.0
67065,HULIANWANG DIGUI-125,+,1149.0,1150.0,50.0
67066,HULIANWANG DIGUI-126,+,1149.0,1150.0,50.0
67067,HULIANWANG DIGUI-127,+,1149.0,1150.0,50.0
67069,XIWANG-5 02,+,509.0,518.0,41.35
6707,COSMOS 574,,974.0,1008.0,82.95
67070,DEAR-5,+,501.0,524.0,41.36
67073,RAISE-4,+,529.0,547.0,97.52
67075,STARLINK-36230,+,569.0,575.0,70.0
67076,STARLINK-36240,+,569.0,575.0,70.0
67077,STARLINK-36243,+,569.0,575.0,70.0
67078,STARLINK-36236,+,570.0,575.0,70.0
67079,STARLINK-36159,+,570.0,575.0,70.0
67080,STARLINK-36158,+,569.0,575.0,70.0
67081,STARLINK-35864,+,570.0,574.0,70.0
67082,STARLINK-36035,+,570.0,574.0,70.0
67083,STARLINK-36170,+,570.0,574.0,70.0
67084,STARLINK-36166,+,570.0,574.0,70.0
67085,STARLINK-35794,+,570.0,574.0,70.0
67086,STARLINK-35841,+,570.0,574.0,70.0
67087,STARLINK-35842,+,570.0,575.0,70.0
67088,STARLINK-35882,+,570.0,575.0,70.0
67089,STARLINK-35763,+,570.0,574.0,70.0
67090,STARLINK-36060,+,570.0,574.0,70.0
67091,STARLINK-36097,+,405.0,413.0,69.99
67092,STARLINK-35792,+,570.0,574.0,70.0
67093,STARLINK-35784,+,570.0,575.0,70.0
67094,STARLINK-36202,+,570.0,575.0,70.0
67095,STARLINK-36227,+,569.0,575.0,70.0
67096,STARLINK-36228,+,570.0,574.0,70.0
67097,STARLINK-36222,+,569.0,575.0,70.0
67098,STARLINK-36205,+,569.0,575.0,70.0
67099,STARLINK-36193,+,570.0,574.0,70.0
671,RADIATION SAT (5E-1),,1059.0,1121.0,89.97
67100,STARLINK-36215,+,570.0,574.0,70.0
67101,STARLINK-36200,+,570.0,574.0,70.0
67102,STARLINK-36255,+,482.0,484.0,43.0
67103,STARLINK-36256,+,482.0,484.0,43.0
67104,STARLINK-36258,+,481.0,484.0,43.0
67105,STARLINK-36261,+,482.0,484.0,43.0
67106,STARLINK-36259,+,482.0,484.0,43.0
67107,STARLINK-36196,+,482.0,484.0,43.0
67108,STARLINK-36208,+,481.0,485.0,43.01
67109,STARLINK-35764,+,482.0,484.0,43.0
67110,STARLINK-35781,+,482.0,484.0,43.0
67111,STARLINK-35875,+,482.0,484.0,43.0
67112,STARLINK-35906,+,482.0,484.0,43.0
67113,STARLINK-35789,+,482.0,484.0,43.0
67114,STARLINK-36180,+,481.0,485.0,43.0
67115,STARLINK-35892,+,482.0,484.0,43.0
67116,STARLINK-35738,+,483.0,484.0,43.0
67117,STARLINK-35674,+,482.0,484.0,43.0
67118,STARLINK-35701,+,482.0,484.0,43.0
67119,STARLINK-36179,+,482.0,484.0,43.0
67120,STARLINK-36217,+,482.0,484.0,43.0
67121,STARLINK-36124,+,482.0,484.0,43.0
67122,STARLINK-36188,+,482.0,484.0,43.0
67123,STARLINK-36151,+,482.0,484.0,43.0
67124,STARLINK-36195,+,480.0,486.0,43.01
67125,STARLINK-36219,+,482.0,484.0,43.0
67126,STARLINK-36223,+,482.0,484.0,43.0
67127,STARLINK-36164,+,482.0,484.0,43.0
67128,STARLINK-35685,+,482.0,484.0,43.0
67129,STARLINK-36214,+,482.0,484.0,43.0
67130,STARLINK-36194,+,482.0,484.0,43.0
67131,ZIYUAN 3-04 (ZY 3-04),+,496.0,507.0,97.47
67133,KUIPER-00144,+,629.0,630.0,51.9
67134,KUIPER-00164,+,629.0,630.0,51.9
67135,KUIPER-00175,+,629.0,630.0,51.9
67136,KUIPER-00179,+,629.0,630.0,51.9
67137,KUIPER-00181,+,629.0,630.0,51.9
67138,KUIPER-00183,+,629.0,630.0,51.9
67139,KUIPER-00184,+,629.0,630.0,51.9
67140,KUIPER-00186,+,629.0,630.0,51.9
67141,KUIPER-00187,+,629.0,630.0,51.9
67142,KUIPER-00188,+,629.0,630.0,51.9
67143,KUIPER-00191,+,629.0,630.0,51.9
67144,KUIPER-00196,+,639.0,642.0,51.9
67145,KUIPER-00204,+,629.0,630.0,51.9
67146,KUIPER-00210,+,629.0,630.0,51.9
67147,KUIPER-00221,+,629.0,630.0,51.9
67148,KUIPER-00232,+,629.0,630.0,51.9
67149,KUIPER-00241,+,629.0,630.0,51.9
67150,KUIPER-00245,+,629.0,630.0,51.9
67151,KUIPER-00246,+,629.0,630.0,51.9
67152,KUIPER-00247,+,629.0,630.0,51.9
67153,KUIPER-00248,+,629.0,630.0,51.9
67154,KUIPER-00249,+,629.0,630.0,51.9
67155,KUIPER-00250,+,629.0,630.0,51.9
67156,KUIPER-00251,+,629.0,630.0,51.9
67157,KUIPER-00252,+,629.0,630.0,51.9
67158,KUIPER-00261,+,629.0,630.0,51.91
67159,KUIPER-00265,+,629.0,630.0,51.9
67163,STARLINK-35755,+,483.0,483.0,43.0
67164,STARLINK-36201,+,481.0,485.0,43.01
67165,STARLINK-36186,+,482.0,484.0,43.0
67166,STARLINK-36174,+,482.0,484.0,43.0
67167,STARLINK-36198,+,482.0,484.0,43.0
67168,STARLINK-35903,+,482.0,484.0,43.0
67169,STARLINK-35839,+,482.0,484.0,43.0
67170,STARLINK-35863,+,482.0,484.0,43.0
67171,STARLINK-35771,+,483.0,483.0,43.0
67172,STARLINK-35762,+,483.0,483.0,43.0
67173,STARLINK-36183,+,483.0,483.0,43.0
67174,STARLINK-36210,+,483.0,483.0,43.0
67175,STARLINK-35756,+,482.0,484.0,43.0
67176,STARLINK-35785,+,483.0,484.0,43.0
67177,STARLINK-35853,+,482.0,484.0,43.0
67178,STARLINK-35878,+,483.0,484.0,43.0
67179,STARLINK-35793,+,482.0,484.0,43.0
67180,STARLINK-35876,+,482.0,484.0,43.0
67181,STARLINK-35766,+,482.0,484.0,43.0
67182,STARLINK-35782,+,482.0,484.0,43.0
67183,STARLINK-35719,+,482.0,484.0,43.0
67184,STARLINK-35910,+,482.0,484.0,43.0
67185,STARLINK-35859,+,482.0,484.0,43.0
67186,STARLINK-35857,+,482.0,484.0,43.0
67187,STARLINK-35880,+,482.0,485.0,43.0
67188,STARLINK-35675,+,482.0,484.0,43.0
67189,STARLINK-35889,+,481.0,485.0,43.01
67190,STARLINK-35888,+,482.0,484.0,43.0
67191,STARLINK-35716,+,483.0,483.0,43.0
67192,STARLINK-36182,+,570.0,574.0,70.0
67193,STARLINK-36279,+,570.0,574.0,70.0
67194,STARLINK-36284,+,570.0,574.0,70.0
67195,STARLINK-36291,+,570.0,574.0,70.0
67196,STARLINK-36239,+,570.0,574.0,70.0
67197,STARLINK-36283,+,570.0,574.0,70.0
67198,STARLINK-36267,+,570.0,574.0,70.0
67199,STARLINK-36268,+,570.0,574.0,70.0
67200,STARLINK-36270,+,570.0,574.0,70.0
67201,STARLINK-36262,+,570.0,574.0,70.0
67202,STARLINK-36263,+,570.0,574.0,70.0
67203,STARLINK-36224,+,570.0,574.0,70.0
67204,STARLINK-36185,+,570.0,574.0,70.0
67205,STARLINK-36197,+,570.0,574.0,70.0
67206,STARLINK-36056,+,570.0,574.0,70.0
67207,STARLINK-36225,+,570.0,574.0,70.0
67208,STARLINK-36265,+,570.0,574.0,70.0
67209,STARLINK-36226,+,570.0,574.0,70.0
67210,STARLINK-36173,+,570.0,574.0,70.0
67211,STARLINK-36280,+,570.0,574.0,70.0
67212,STARLINK-36213,+,570.0,574.0,70.0
67213,STARLINK-36199,+,570.0,574.0,70.0
67214,STARLINK-36203,+,570.0,574.0,70.0
67215,STARLINK-36221,+,571.0,574.0,70.0
67216,STARLINK-36212,+,570.0,574.0,70.0
67217,STARLINK-36216,+,571.0,573.0,70.0
67218,STARLINK-36211,+,570.0,574.0,70.0
67219,DISKSAT C,+,529.0,539.0,45.0
67220,DISKSAT B,+,536.0,542.0,45.0
67221,DISKSAT D,+,534.0,542.0,45.0
67222,DISKSAT A,+,531.0,540.0,45.0
67228,QPS-SAR-15 (SUKUNAMI-I),+,562.0,575.0,42.01
67232,SPACEMOBILE-006,+,502.0,517.0,53.0
67234,OBZOR-R 1,+,641.0,643.0,97.97
67236,HULIANWANG DIGUI-128,+,1149.0,1150.0,50.01
67237,HULIANWANG DIGUI-129,+,1149.0,1150.0,50.01
67238,HULIANWANG DIGUI-130,+,1149.0,1150.0,50.0
67239,HULIANWANG DIGUI-131,+,1149.0,1150.0,50.0
67240,HULIANWANG DIGUI-132,+,1149.0,1150.0,50.0
67241,HULIANWANG DIGUI-133,+,1149.0,1150.0,50.01
67242,HULIANWANG DIGUI-134,+,1149.0,1150.0,50.0
67243,HULIANWANG DIGUI-135,+,1149.0,1150.0,50.0
67244,HULIANWANG DIGUI-136,+,1149.0,1150.0,50.01
67248,OBJECT A,+,473.0,866.0,97.54
67249,OBJECT B,+,441.0,852.0,97.51
67250,OBJECT C,+,494.0,703.0,97.61
67251,OBJECT D,+,494.0,703.0,97.56
67252,ZORKIY-2M-VPE,+,483.0,499.0,97.39
67253,AIST-2T 1,+,383.0,388.0,97.08
67254,AIST-2T 2,+,383.0,388.0,97.08
67255,OBJECT H,+,496.0,593.0,97.28
67256,SITRO-AIS-57,+,482.0,505.0,97.39
67257,SITRO-AIS-59,+,482.0,505.0,97.39
67258,SITRO-AIS-58,+,482.0,505.0,97.39
67259,OBJECT M,+,478.0,499.0,97.39
67260,SITRO-AIS-60,+,487.0,507.0,97.39
67261,OBJECT P,+,471.0,491.0,97.39
67262,OBJECT Q,+,479.0,499.0,97.39
67263,DCS-1,+,482.0,503.0,97.39
67264,KOWSAR 1.5,+,486.0,508.0,97.4
67265,SITRO-TD-4,+,482.0,504.0,97.39
67266,SITRO-AIS-65,+,482.0,503.0,97.39
67267,OBJECT V,+,480.0,500.0,97.39
67268,ZORKY-2M 7,+,485.0,507.0,97.39
67269,OBJECT X,+,477.0,497.0,97.39
67270,SITRO-TD-3,+,482.0,503.0,97.39
67271,OBJECT Z,+,489.0,511.0,97.39
67272,OBJECT AA,+,480.0,502.0,97.39
67273,OBJECT AB,+,491.0,512.0,97.39
67274,OBJECT AC,+,485.0,507.0,97.39
67275,OBJECT AD,+,485.0,506.0,97.39
67276,OBJECT AE,+,485.0,506.0,97.39
67277,OBJECT AF,+,486.0,506.0,97.39
67278,OBJECT AG,+,485.0,507.0,97.39
67279,GALAPAGOS-UTE-SWSU,+,485.0,506.0,97.39
67280,OBJECT AJ,+,487.0,507.0,97.4
67281,OBJECT AK,+,487.0,506.0,97.38
67282,OBJECT AL,+,486.0,503.0,97.39
67283,HORS 5,+,484.0,500.0,97.39
67284,LOBACHEVSKY (RS83S),+,487.0,504.0,97.39
67285,NASBSAT-2,+,485.0,500.0,97.39
67286,MULE 4T,+,483.0,498.0,97.39
67287,LUCA (RS90S),+,482.0,497.0,97.39
67288,OBJECT AS,+,486.0,504.0,97.39
67289,NASBSAT-1,+,476.0,491.0,97.39
67290,SAKHACUBE-CHOLBON (RS18S),+,481.0,495.0,97.39
67291,QMR-KWT-2 (RS95S),+,475.0,489.0,97.39
67292,SITRO-AIS-64,+,481.0,495.0,97.39
67293,SCORPION (RS89S),+,488.0,505.0,97.39
67294,SITRO-AIS-63,+,480.0,494.0,97.39
67295,ZORKIY-2M-5,+,483.0,499.0,97.39
67296,SITRO-AIS-62,+,480.0,494.0,97.39
67297,SITRO-AIS-61,+,480.0,493.0,97.39
67300,TIANHUI 7,+,486.0,494.0,97.4
67304,CSG-3,+,622.0,624.0,97.89
67305,STARLINK-36490,+,482.0,484.0,43.0
67306,STARLINK-36488,+,482.0,484.0,43.0
67307,STARLINK-36481,+,483.0,483.0,43.0
67308,STARLINK-36449,+,482.0,484.0,43.0
67309,STARLINK-36482,+,482.0,484.0,43.0
67310,STARLINK-36491,+,481.0,485.0,43.0
67311,STARLINK-36495,+,482.0,484.0,43.0
67312,STARLINK-36485,+,482.0,484.0,43.0
67313,STARLINK-36445,+,482.0,484.0,43.0
67314,STARLINK-36476,+,482.0,484.0,43.0
67315,STARLINK-36463,+,482.0,484.0,43.0
67316,STARLINK-36461,+,481.0,485.0,43.0
67317,STARLINK-36450,+,482.0,484.0,43.0
67318,STARLINK-36498,+,482.0,484.0,43.0
67319,STARLINK-36470,+,481.0,485.0,43.0
67320,STARLINK-36500,+,482.0,484.0,43.0
67321,STARLINK-36462,+,482.0,484.0,43.0
67322,STARLINK-36434,+,482.0,484.0,43.0
67323,STARLINK-36497,+,482.0,484.0,43.0
67324,STARLINK-36471,+,482.0,484.0,43.0
67325,STARLINK-36473,+,482.0,484.0,43.0
67326,STARLINK-36430,+,482.0,484.0,43.0
67327,STARLINK-36501,+,482.0,484.0,43.0
67328,STARLINK-36489,+,483.0,484.0,43.0
67329,STARLINK-36496,+,482.0,484.0,43.0
67330,STARLINK-36483,+,482.0,484.0,43.0
67331,STARLINK-36494,+,482.0,484.0,43.0
67332,STARLINK-36492,+,482.0,484.0,43.0
67333,STARLINK-36427,+,483.0,484.0,43.0
67334,STARLINK-35343,+,482.0,484.0,43.0
67335,STARLINK-36486,+,482.0,484.0,43.0
67336,STARLINK-36480,+,482.0,484.0,43.0
67337,STARLINK-36410,+,483.0,484.0,43.0
67338,STARLINK-36413,+,482.0,484.0,43.0
67339,STARLINK-36451,+,482.0,484.0,43.0
67340,STARLINK-36339,+,482.0,484.0,43.0
67341,STARLINK-36453,+,482.0,484.0,43.0
67342,STARLINK-36432,+,482.0,484.0,43.0
67343,STARLINK-36458,+,482.0,484.0,43.0
67344,STARLINK-36422,+,482.0,484.0,43.01
67345,STARLINK-35676,+,482.0,484.0,43.0
67346,STARLINK-36472,+,482.0,484.0,43.0
67347,STARLINK-36420,+,482.0,484.0,43.0
67348,STARLINK-36467,+,482.0,484.0,43.0
67349,STARLINK-36457,+,482.0,484.0,43.0
67350,STARLINK-36475,+,482.0,484.0,43.0
67351,STARLINK-36478,+,482.0,484.0,43.0
67352,STARLINK-36479,+,482.0,484.0,43.0
67353,STARLINK-36474,+,482.0,484.0,43.0
67354,STARLINK-36448,+,482.0,484.0,43.0
67355,STARLINK-36477,+,482.0,484.0,43.0
67356,STARLINK-36429,+,482.0,484.0,43.0
67357,STARLINK-36456,+,482.0,484.0,43.0
67358,STARLINK-36466,+,482.0,484.0,43.0
67359,STARLINK-36499,+,482.0,484.0,43.0
67360,STARLINK-36469,+,483.0,483.0,43.0
67361,STARLINK-35306,+,482.0,484.0,43.0
67362,STARLINK-36428,+,482.0,484.0,43.0
67363,LEMUR-2 FIKRETDENGIZ,+,597.0,607.0,97.81
67364,TWILIGHT-1 OBJECT B,+,600.0,609.0,97.81
67365,LEMUR-2-MARIO-SOUSA,+,597.0,606.0,97.8
67366,LEMUR-2 CALLUM-K-J,+,597.0,607.0,97.81
67367,LEMUR-2-SONNENBLUME,+,598.0,607.0,97.8
67368,LEMUR-2-WOBLER,+,597.0,606.0,97.81
67369,BLACKCAT,+,601.0,609.0,97.8
67370,LEMUR-2-GRAM-E-SUE,+,598.0,606.0,97.8
67371,UMBRA-12,+,596.0,601.0,97.81
67372,ICEYE-X63,+,601.0,605.0,97.8
67373,ICEYE-X64,+,601.0,607.0,97.81
67374,AETHER-3,+,604.0,606.0,97.81
67375,AETHER-4,+,608.0,611.0,97.81
67376,AETHER-5,+,609.0,610.0,97.81
67377,AETHER-6,+,609.0,610.0,97.81
67378,AETHER-7,+,608.0,610.0,97.81
67379,AETHER-8,+,608.0,611.0,97.81
67380,AETHER-9,+,608.0,611.0,97.81
67381,AETHER-10,+,609.0,610.0,97.81
67382,AETHER-11,+,608.0,611.0,97.81
67383,AETHER-12,+,608.0,611.0,97.8
67384,CAPELLA-19 (ACADIA-9),+,607.0,609.0,97.8
67385,CAPELLA-18 (ACADIA-8),+,607.0,609.0,97.8
67386,TWILIGHT-1 OBJECT Z,+,600.0,602.0,97.8
67387,LEMUR-2-KATIE,+,595.0,598.0,97.81
67388,LEMUR-2-HCS-BAZUS,+,595.0,597.0,97.81
67389,HYDRA-2,+,505.0,512.0,97.46
67390,CONNECTA IOT-16,+,507.0,515.0,97.46
67391,FLAMINGO-1,+,507.0,518.0,97.46
67392,HAWK-13A,+,502.0,512.0,97.45
67393,HAWK-13C,+,502.0,512.0,97.46
67394,TWILIGHT-1 OBJECT AH,+,499.0,513.0,97.45
67395,PANDORA,+,601.0,606.0,97.81
67396,HAWK-13B,+,501.0,513.0,97.46
67397,CARBSAR,+,500.0,510.0,97.46
67398,TOMORROW-S10,+,500.0,511.0,97.46
67399,TOMORROW-S11,+,500.0,512.0,97.46
67400,CONNECTA IOT-13,+,504.0,518.0,97.46
67401,CONNECTA IOT-14,+,501.0,517.0,97.45
67402,CONNECTA IOT-15,+,508.0,515.0,97.46
67404,STARLINK-36484,+,482.0,484.0,43.01
67405,STARLINK-36452,+,482.0,484.0,43.0
67406,STARLINK-36409,+,482.0,484.0,43.0
67407,STARLINK-36510,+,482.0,484.0,43.0
67408,STARLINK-36509,+,482.0,484.0,43.0
67409,STARLINK-36507,+,482.0,484.0,43.0
67410,STARLINK-36508,+,480.0,486.0,43.0
67411,STARLINK-36503,+,482.0,484.0,43.0
67412,STARLINK-36446,+,482.0,484.0,43.0
67413,STARLINK-36442,+,482.0,484.0,43.0
67414,STARLINK-36506,+,482.0,484.0,43.0
67415,STARLINK-36468,+,482.0,484.0,43.0
67416,STARLINK-36487,+,482.0,484.0,43.0
67417,STARLINK-36374,+,482.0,484.0,43.0
67418,STARLINK-36455,+,481.0,485.0,43.0
67419,STARLINK-36424,+,482.0,484.0,43.0
67420,STARLINK-35564,+,482.0,484.0,43.0
67421,STARLINK-36431,+,482.0,484.0,43.0
67422,STARLINK-36418,+,482.0,484.0,43.0
67423,STARLINK-36465,+,482.0,484.0,43.0
67424,STARLINK-36362,+,482.0,484.0,43.0
67425,STARLINK-36447,+,482.0,484.0,43.0
67426,STARLINK-36146,+,482.0,484.0,43.0
67427,STARLINK-36459,+,482.0,484.0,43.0
67428,STARLINK-36464,+,482.0,484.0,43.0
67429,STARLINK-36513,+,482.0,484.0,43.0
67430,STARLINK-36515,+,482.0,484.0,43.0
67431,STARLINK-36443,+,482.0,484.0,43.0
67432,STARLINK-36460,+,482.0,484.0,43.0
67433,YAOGAN-50 01,+,952.0,953.0,142.04
67435,HULIANWANG DIGUI-137,+,1149.0,1150.0,50.01
67436,HULIANWANG DIGUI-138,+,1149.0,1150.0,50.0
67437,HULIANWANG DIGUI-139,+,1149.0,1150.0,50.0
67438,HULIANWANG DIGUI-140,+,1149.0,1150.0,50.0
67439,HULIANWANG DIGUI-141,+,1149.0,1150.0,50.0
67440,HULIANWANG DIGUI-142,+,1149.0,1150.0,50.01
67441,HULIANWANG DIGUI-143,+,1149.0,1150.0,50.01
67442,HULIANWANG DIGUI-144,+,1149.0,1150.0,50.01
67443,HULIANWANG DIGUI-145,+,1149.0,1150.0,50.01
67445,STARLINK-36542,+,482.0,484.0,43.0
67446,STARLINK-36539,+,482.0,484.0,43.0
67447,STARLINK-36440,+,482.0,484.0,43.0
67448,STARLINK-36423,+,482.0,484.0,43.0
67449,STARLINK-36519,+,482.0,484.0,43.0
67450,STARLINK-36525,+,482.0,484.0,43.0
67451,STARLINK-36511,+,481.0,485.0,43.01
67452,STARLINK-36524,+,483.0,483.0,43.0
67453,STARLINK-36518,+,482.0,484.0,43.0
67454,STARLINK-36517,+,482.0,484.0,43.0
67455,STARLINK-36516,+,483.0,483.0,43.0
67456,STARLINK-36493,+,482.0,484.0,43.01
67457,STARLINK-36529,+,482.0,484.0,43.0
67458,STARLINK-36528,+,482.0,484.0,43.0
67459,STARLINK-36546,+,482.0,484.0,43.0
67460,STARLINK-36523,+,482.0,483.0,43.0
67461,STARLINK-36522,+,482.0,484.0,43.0
67462,STARLINK-36504,+,482.0,484.0,43.0
67463,STARLINK-36505,+,482.0,484.0,43.0
67464,STARLINK-36421,+,482.0,484.0,43.0
67465,STARLINK-36437,+,482.0,484.0,43.0
67466,STARLINK-36520,+,482.0,484.0,43.0
67467,STARLINK-36425,+,482.0,484.0,43.0
67468,STARLINK-36414,+,483.0,483.0,43.0
67469,STARLINK-36441,+,482.0,484.0,43.0
67470,STARLINK-36454,+,482.0,484.0,43.0
67471,STARLINK-36334,+,481.0,485.0,43.01
67472,STARLINK-36269,+,481.0,485.0,43.0
67473,STARLINK-36408,+,482.0,484.0,43.0
67474,ALSAT-3A,+,489.0,502.0,97.45
67476,TIANQI-37,+,888.0,906.0,44.98
67477,TIANQI-38,+,889.0,905.0,44.98
67478,TIANQI-39,+,886.0,907.0,44.98
67479,TIANQI-40,+,889.0,905.0,44.98
67481,SZ-20 MODULE,+,344.0,360.0,41.48
67482,TRISAT-4,+,268.0,282.0,97.37
67483,ION SCV-021,+,567.0,579.0,97.52
67484,USA 572,+,575.0,579.0,70.03
67485,USA 573,+,575.0,579.0,70.03
67486,USA 574,+,575.0,579.0,70.01
67487,USA 575,+,575.0,579.0,70.02
67488,USA 576,+,575.0,579.0,70.02
67489,USA 577,+,575.0,580.0,70.03
67490,USA 578,+,575.0,579.0,70.03
67491,USA 579,+,575.0,579.0,70.03
67492,USA 580,+,575.0,579.0,70.03
67493,STARLINK-36551,+,482.0,484.0,43.01
67494,STARLINK-36396,+,482.0,484.0,43.0
67495,STARLINK-36550,+,482.0,484.0,43.0
67496,STARLINK-36534,+,483.0,483.0,43.0
67497,STARLINK-36555,+,482.0,483.0,43.0
67498,STARLINK-36081,+,482.0,484.0,43.0
67499,STARLINK-36558,+,482.0,484.0,43.0
67500,STARLINK-36557,+,482.0,484.0,43.0
67501,STARLINK-36433,+,483.0,483.0,43.0
67502,STARLINK-36554,P,482.0,484.0,43.0
67503,STARLINK-36552,+,482.0,484.0,43.0
67504,STARLINK-36512,+,481.0,485.0,43.01
67505,STARLINK-36545,+,482.0,484.0,43.0
67506,STARLINK-36553,+,482.0,484.0,43.0
67507,STARLINK-36521,+,482.0,484.0,43.0
67508,STARLINK-36526,+,482.0,484.0,43.0
67509,STARLINK-36541,+,482.0,484.0,43.0
67510,STARLINK-36549,+,482.0,484.0,43.0
67511,STARLINK-36540,+,483.0,484.0,43.0
67512,STARLINK-36538,+,482.0,484.0,43.0
67513,STARLINK-36531,+,482.0,484.0,43.0
67514,STARLINK-36530,+,482.0,484.0,43.0
67515,STARLINK-36543,+,482.0,484.0,43.0
67516,STARLINK-36537,+,482.0,484.0,43.0
67517,STARLINK-36544,+,483.0,483.0,43.0
67518,STARLINK-36412,+,482.0,484.0,43.0
67519,STARLINK-36415,+,482.0,484.0,43.0
67520,STARLINK-36547,+,482.0,484.0,43.0
67521,STARLINK-36444,+,483.0,483.0,43.0
67522,HULIANWANG DIGUI-146,+,1148.0,1150.0,50.01
67523,HULIANWANG DIGUI-147,+,1149.0,1150.0,50.0
67524,HULIANWANG DIGUI-148,+,1148.0,1150.0,50.01
67525,HULIANWANG DIGUI-149,+,1148.0,1150.0,50.01
67526,HULIANWANG DIGUI-150,+,1148.0,1150.0,50.0
67527,HULIANWANG DIGUI-151,+,1148.0,1150.0,50.01
67528,HULIANWANG DIGUI-152,+,1148.0,1150.0,50.0
67529,HULIANWANG DIGUI-153,+,1148.0,1150.0,50.0
67530,HULIANWANG DIGUI-154,+,1149.0,1150.0,50.01
67532,STARLINK-36587,+,464.0,467.0,97.29
67533,STARLINK-36417,+,464.0,467.0,97.29
67534,STARLINK-36576,+,464.0,467.0,97.29
67535,STARLINK-36574,+,464.0,467.0,97.28
67536,STARLINK-36572,+,464.0,467.0,97.29
67537,STARLINK-36561,+,464.0,467.0,97.29
67538,STARLINK-36397,+,464.0,467.0,97.29
67539,STARLINK-36573,+,464.0,467.0,97.29
67540,STARLINK-36585,+,464.0,467.0,97.29
67541,STARLINK-36579,+,464.0,467.0,97.28
67542,STARLINK-35934,+,464.0,468.0,97.29
67543,STARLINK-36581,+,464.0,467.0,97.28
67544,STARLINK-36565,+,464.0,467.0,97.28
67545,STARLINK-36583,+,463.0,468.0,97.29
67546,STARLINK-36580,+,464.0,467.0,97.29
67547,STARLINK-36584,+,465.0,466.0,97.28
67548,STARLINK-36586,+,464.0,468.0,97.29
67549,STARLINK-36564,+,464.0,468.0,97.29
67550,STARLINK-36563,+,464.0,467.0,97.29
67551,STARLINK-36566,+,464.0,467.0,97.29
67552,STARLINK-36567,+,465.0,466.0,97.28
67553,STARLINK-36569,+,464.0,467.0,97.29
67554,STARLINK-36395,+,464.0,467.0,97.29
67555,STARLINK-36559,+,464.0,467.0,97.28
67556,MR-2,+,1061.0,1064.0,88.99
67557,MR-1,+,1061.0,1064.0,88.99
67560,STARLINK-36426,+,464.0,467.0,97.28
67561,STARLINK-36621,+,464.0,467.0,97.28
67562,STARLINK-36398,+,465.0,466.0,97.29
67563,STARLINK-36403,+,465.0,466.0,97.28
67564,STARLINK-36593,+,465.0,466.0,97.29
67565,STARLINK-35725,+,465.0,466.0,97.28
67566,STARLINK-36394,+,464.0,467.0,97.28
67567,STARLINK-36352,+,465.0,466.0,97.29
67568,STARLINK-36435,+,465.0,466.0,97.29
67569,STARLINK-36575,+,465.0,466.0,97.29
67570,STARLINK-36562,+,465.0,466.0,97.28
67571,STARLINK-36578,+,464.0,467.0,97.28
67572,STARLINK-36350,+,465.0,466.0,97.29
67573,STARLINK-36588,+,464.0,467.0,97.29
67574,STARLINK-36594,+,465.0,466.0,97.29
67575,STARLINK-36400,+,465.0,466.0,97.29
67576,STARLINK-36591,+,465.0,466.0,97.29
67577,STARLINK-36590,+,465.0,466.0,97.28
67578,STARLINK-36613,+,465.0,466.0,97.29
67579,STARLINK-36571,+,465.0,466.0,97.28
67580,STARLINK-36612,+,465.0,466.0,97.29
67581,STARLINK-36632,+,465.0,466.0,97.28
67582,STARLINK-36609,+,465.0,466.0,97.29
67583,STARLINK-36577,+,465.0,466.0,97.29
67584,STARLINK-36419,+,465.0,466.0,97.28
67585,STARLINK-36560,+,465.0,466.0,97.28
67589,STARLINK-36641,+,465.0,466.0,97.29
67590,STARLINK-36376,+,465.0,466.0,97.29
67591,STARLINK-36391,+,465.0,466.0,97.29
67592,STARLINK-36603,+,465.0,466.0,97.29
67593,STARLINK-36634,+,464.0,467.0,97.29
67594,STARLINK-36638,+,465.0,466.0,97.29
67595,STARLINK-36628,+,465.0,466.0,97.29
67596,STARLINK-36629,+,465.0,466.0,97.28
67597,STARLINK-36384,+,465.0,466.0,97.29
67598,STARLINK-36358,+,465.0,466.0,97.28
67599,STARLINK-36582,+,465.0,466.0,97.29
67600,STARLINK-36640,+,465.0,466.0,97.28
67601,STARLINK-36635,+,465.0,466.0,97.29
67602,STARLINK-36631,+,465.0,466.0,97.29
67603,STARLINK-36626,+,465.0,466.0,97.29
67604,STARLINK-36605,+,465.0,466.0,97.28
67605,STARLINK-36281,+,465.0,466.0,97.28
67606,STARLINK-35843,+,465.0,467.0,97.29
67607,STARLINK-36351,+,465.0,466.0,97.29
67608,STARLINK-36411,+,465.0,467.0,97.29
67609,STARLINK-36312,+,465.0,467.0,97.28
67610,STARLINK-36387,+,465.0,467.0,97.29
67611,STARLINK-36636,+,465.0,466.0,97.29
67612,STARLINK-36407,+,465.0,466.0,97.29
67613,STARLINK-36597,+,464.0,467.0,97.29
67614,NEONSAT-1A,+,532.0,548.0,97.43
67617,STARLINK-36548,+,482.0,484.0,43.0
67618,STARLINK-36601,+,482.0,484.0,43.0
67619,STARLINK-36119,+,482.0,484.0,43.0
67620,STARLINK-36607,+,482.0,484.0,43.0
67621,STARLINK-36615,+,482.0,484.0,43.0
67622,STARLINK-36614,+,482.0,484.0,43.0
67623,STARLINK-36600,+,482.0,484.0,43.0
67624,STARLINK-36439,+,481.0,485.0,43.0
67625,STARLINK-36438,+,482.0,484.0,43.0
67626,STARLINK-36436,+,482.0,484.0,43.0
67627,STARLINK-36502,+,482.0,484.0,43.0
67628,STARLINK-36532,+,482.0,484.0,43.0
67629,STARLINK-36367,+,482.0,484.0,43.0
67631,STARLINK-36527,+,481.0,485.0,43.01
67632,STARLINK-36633,+,481.0,485.0,43.0
67633,STARLINK-36637,+,482.0,484.0,43.0
67634,STARLINK-36617,+,481.0,485.0,43.0
67635,STARLINK-36627,+,480.0,486.0,43.0
67636,STARLINK-36624,+,482.0,484.0,43.0
67637,STARLINK-36610,+,482.0,484.0,43.0
67638,STARLINK-36599,+,481.0,485.0,43.0
67639,STARLINK-36595,+,482.0,484.0,43.0
67640,STARLINK-36570,+,482.0,484.0,43.0
67641,STARLINK-36514,+,482.0,485.0,43.0
67642,STARLINK-36556,+,481.0,485.0,43.01
67643,STARLINK-36533,+,482.0,484.0,43.0
67644,STARLINK-36623,+,482.0,484.0,43.0
67645,STARLINK-36619,+,482.0,484.0,43.0
67646,ALSAT-3B,+,488.0,503.0,97.45
67648,STARLINK-36719,+,465.0,466.0,97.28
67649,STARLINK-36342,+,464.0,467.0,97.28
67650,STARLINK-36703,+,465.0,466.0,97.29
67651,STARLINK-36696,+,465.0,467.0,97.28
67652,STARLINK-36699,+,465.0,466.0,97.29
67653,STARLINK-36694,+,465.0,466.0,97.28
67654,STARLINK-36620,+,465.0,466.0,97.29
67655,STARLINK-36720,+,465.0,466.0,97.28
67656,STARLINK-36688,+,465.0,466.0,97.29
67657,STARLINK-36706,+,465.0,466.0,97.28
67658,STARLINK-36701,+,465.0,466.0,97.28
67659,STARLINK-36642,+,464.0,467.0,97.28
67660,STARLINK-36673,+,465.0,466.0,97.28
67661,STARLINK-36674,+,465.0,466.0,97.28
67662,STARLINK-36700,+,465.0,466.0,97.29
67663,STARLINK-36675,+,464.0,467.0,97.28
67664,STARLINK-36404,+,465.0,466.0,97.28
67665,STARLINK-36399,+,465.0,466.0,97.29
67666,STARLINK-36365,+,464.0,467.0,97.28
67667,STARLINK-36622,+,465.0,466.0,97.28
67668,STARLINK-36625,+,465.0,466.0,97.29
67669,STARLINK-36639,+,465.0,466.0,97.28
67670,STARLINK-36596,+,465.0,466.0,97.29
67671,STARLINK-36297,+,465.0,466.0,97.29
67672,STARLINK-36616,+,465.0,467.0,97.29
67674,COSMOS 2600,+,318.0,327.0,96.76
67675,COSMOS 2601,+,477.0,497.0,96.62
67676,COSMOS 2602,+,477.0,497.0,96.62
67677,COSMOS 2603,+,478.0,498.0,96.63
67678,COSMOS 2604,+,475.0,497.0,96.62
67679,COSMOS 2605,+,476.0,499.0,96.62
67680,COSMOS 2606,+,474.0,500.0,96.61
67681,COSMOS 2607,+,474.0,500.0,96.62
67682,COSMOS 2608,+,473.0,499.0,96.62
67683,KNACKSAT-2,+,365.0,375.0,51.63
67685,GXIBA-1,+,356.0,367.0,51.62
67686,UITMSAT-2,+,334.0,345.0,51.62
67687,LEOPARD,+,357.0,366.0,51.63
67688,HMU-SAT2,+,347.0,356.0,51.63
67689,PRC TEST SPACECRAFT 4,+,589.0,596.0,50.0
67693,STARLINK-36748,+,465.0,466.0,97.28
67694,STARLINK-36753,+,465.0,466.0,97.28
67695,STARLINK-36750,+,465.0,466.0,97.28
67696,STARLINK-36401,+,465.0,466.0,97.28
67697,STARLINK-36704,+,465.0,466.0,97.28
67698,STARLINK-36697,+,464.0,468.0,97.28
67699,STARLINK-36716,+,465.0,466.0,97.28
67700,STARLINK-36712,+,465.0,467.0,97.28
67701,STARLINK-36713,+,465.0,466.0,97.28
67702,STARLINK-36695,+,464.0,467.0,97.28
67703,STARLINK-36630,+,465.0,466.0,97.28
67704,STARLINK-36338,+,465.0,466.0,97.28
67705,STARLINK-36316,+,465.0,466.0,97.28
67706,STARLINK-36707,+,465.0,466.0,97.28
67707,STARLINK-36645,+,465.0,466.0,97.28
67708,STARLINK-36287,+,465.0,466.0,97.28
67709,STARLINK-36698,+,465.0,466.0,97.28
67710,STARLINK-36344,+,465.0,466.0,97.28
67711,STARLINK-36687,+,464.0,467.0,97.28
67712,STARLINK-36705,+,465.0,466.0,97.28
67713,STARLINK-36708,+,465.0,466.0,97.28
67714,STARLINK-36702,+,465.0,466.0,97.28
67715,STARLINK-36718,+,464.0,467.0,97.28
67716,STARLINK-36715,+,465.0,466.0,97.28
67717,STARLINK-36385,+,465.0,466.0,97.28
67721,STARLINK-36772,+,464.0,467.0,97.28
67722,STARLINK-36796,+,465.0,466.0,97.28
67723,STARLINK-36369,+,465.0,466.0,97.29
67724,STARLINK-36752,+,465.0,467.0,97.29
67725,STARLINK-36754,+,464.0,467.0,97.29
67726,STARLINK-36755,+,464.0,467.0,97.28
67727,STARLINK-36741,+,465.0,466.0,97.28
67728,STARLINK-36757,+,465.0,466.0,97.28
67729,STARLINK-36751,+,465.0,466.0,97.29
67730,STARLINK-36747,+,465.0,466.0,97.29
67731,STARLINK-36315,+,465.0,466.0,97.29
67732,STARLINK-36260,+,465.0,466.0,97.29
67733,STARLINK-36746,+,465.0,466.0,97.28
67734,STARLINK-36749,+,465.0,466.0,97.29
67735,STARLINK-36691,+,465.0,466.0,97.28
67736,STARLINK-36317,+,465.0,466.0,97.29
67737,STARLINK-36330,+,465.0,466.0,97.28
67738,STARLINK-36327,+,465.0,466.0,97.28
67739,STARLINK-36329,+,464.0,467.0,97.28
67740,STARLINK-36737,+,465.0,466.0,97.29
67741,STARLINK-36740,+,464.0,467.0,97.28
67742,STARLINK-36693,+,465.0,466.0,97.28
67743,STARLINK-36717,+,465.0,466.0,97.28
67744,STARLINK-36692,+,465.0,466.0,97.28
67746,OBJECT A,+,500.0,513.0,97.51
67747,OBJECT B,+,500.0,513.0,97.51
67748,OBJECT C,+,501.0,515.0,97.51
67749,OBJECT D,+,497.0,510.0,97.51
67750,OBJECT E,+,499.0,511.0,97.51
67751,OBJECT F,+,522.0,533.0,97.51
67752,OBJECT G,+,515.0,533.0,97.51
67764,KUIPER-00159,+,640.0,641.0,51.9
67765,KUIPER-00160,+,463.0,471.0,51.88
67766,KUIPER-00177,+,629.0,630.0,51.9
67767,KUIPER-00178,+,629.0,630.0,51.9
67768,KUIPER-00180,+,629.0,630.0,51.9
67769,KUIPER-00197,+,629.0,630.0,51.9
67770,KUIPER-00198,+,629.0,630.0,51.9
67771,KUIPER-00199,+,448.0,460.0,51.88
67772,KUIPER-00200,+,629.0,630.0,51.9
67773,KUIPER-00203,+,629.0,630.0,51.9
67774,KUIPER-00205,+,629.0,630.0,51.9
67775,KUIPER-00208,+,628.0,631.0,51.9
67776,KUIPER-00209,+,629.0,630.0,51.9
67777,KUIPER-00213,+,629.0,630.0,51.89
67778,KUIPER-00214,+,629.0,630.0,51.9
67779,KUIPER-00215,+,629.0,630.0,51.9
67780,KUIPER-00218,+,629.0,630.0,51.9
67781,KUIPER-00220,+,629.0,630.0,51.89
67782,KUIPER-00222,+,629.0,630.0,51.9
67783,KUIPER-00223,+,629.0,630.0,51.9
67784,KUIPER-00225,+,629.0,630.0,51.9
67785,KUIPER-00226,+,639.0,643.0,51.9
67786,KUIPER-00259,+,629.0,630.0,51.9
67787,KUIPER-00260,+,629.0,630.0,51.9
67788,KUIPER-00262,+,629.0,630.0,51.9
67789,KUIPER-00266,+,629.0,630.0,51.9
67790,KUIPER-00268,+,629.0,630.0,51.9
67791,KUIPER-00270,+,629.0,630.0,51.9
67792,KUIPER-00274,+,629.0,630.0,51.9
67793,KUIPER-00275,+,629.0,630.0,51.9
67794,KUIPER-00276,+,629.0,630.0,51.9
67795,KUIPER-00279,+,629.0,630.0,51.9
67797,STARLINK-36800,+,464.0,467.0,97.29
67798,STARLINK-36798,+,464.0,467.0,97.28
67799,STARLINK-36804,+,465.0,466.0,97.29
67800,STARLINK-36354,+,464.0,467.0,97.29
67801,STARLINK-36773,+,465.0,466.0,97.29
67802,STARLINK-36739,+,465.0,467.0,97.29
67803,STARLINK-36768,+,464.0,467.0,97.28
67804,STARLINK-36792,+,464.0,467.0,97.28
67805,STARLINK-36782,+,464.0,467.0,97.29
67806,STARLINK-36389,+,464.0,467.0,97.28
67807,STARLINK-36382,+,464.0,467.0,97.29
67808,STARLINK-36811,+,465.0,467.0,97.29
67809,STARLINK-36795,+,464.0,467.0,97.29
67810,STARLINK-36807,+,464.0,467.0,97.29
67811,STARLINK-36733,+,464.0,467.0,97.29
67812,STARLINK-36377,+,464.0,467.0,97.29
67813,STARLINK-36732,+,464.0,468.0,97.29
67814,STARLINK-36767,+,464.0,467.0,97.29
67815,STARLINK-36797,+,464.0,467.0,97.29
67816,STARLINK-36343,+,465.0,466.0,97.29
67817,STARLINK-36756,+,464.0,467.0,97.29
67818,STARLINK-36346,+,465.0,467.0,97.29
67819,STARLINK-36788,+,464.0,467.0,97.29
67820,STARLINK-36353,+,464.0,467.0,97.28
67821,STARLINK-36644,+,482.0,484.0,43.0
67822,STARLINK-36643,+,482.0,484.0,43.0
67823,STARLINK-36646,+,482.0,484.0,43.0
67824,STARLINK-36647,+,482.0,484.0,43.0
67825,STARLINK-36648,+,482.0,484.0,43.0
67826,STARLINK-35865,+,482.0,484.0,43.0
67827,STARLINK-36289,+,482.0,484.0,43.0
67828,STARLINK-36670,+,482.0,484.0,43.0
67829,STARLINK-36144,+,482.0,484.0,43.0
67830,STARLINK-36611,+,482.0,484.0,43.0
67831,STARLINK-36661,+,482.0,484.0,43.0
67832,STARLINK-36662,+,482.0,484.0,43.0
67833,STARLINK-36659,+,481.0,485.0,43.0
67834,STARLINK-36655,+,482.0,484.0,43.0
67835,STARLINK-36657,+,482.0,484.0,43.0
67836,STARLINK-36650,+,483.0,483.0,43.0
67837,STARLINK-36649,+,482.0,484.0,43.0
67838,STARLINK-36654,+,482.0,484.0,43.0
67839,STARLINK-36652,+,483.0,483.0,43.0
67840,STARLINK-36651,+,482.0,484.0,43.0
67841,STARLINK-36656,+,482.0,484.0,43.0
67842,STARLINK-36653,+,482.0,484.0,43.0
67843,STARLINK-36589,+,481.0,485.0,42.99
67844,STARLINK-36598,+,482.0,484.0,43.0
67845,STARLINK-36606,+,482.0,484.0,43.0
67846,STARLINK-36658,+,482.0,484.0,43.0
67847,STARLINK-36618,+,482.0,484.0,43.0
67848,STARLINK-36660,+,483.0,483.0,43.0
67849,STARLINK-36602,+,482.0,484.0,43.0
67850,STARLINK-36840,+,462.0,463.0,53.16
67851,STARLINK-36348,+,462.0,464.0,53.16
67852,STARLINK-36276,+,462.0,464.0,53.16
67853,STARLINK-36785,+,462.0,463.0,53.16
67854,STARLINK-36608,+,462.0,464.0,53.16
67855,STARLINK-36838,+,470.0,471.0,53.16
67856,STARLINK-36843,+,470.0,472.0,53.16
67857,STARLINK-36828,+,470.0,471.0,53.16
67858,STARLINK-36837,+,461.0,464.0,53.16
67859,STARLINK-36393,+,470.0,471.0,53.16
67860,STARLINK-35873,+,461.0,464.0,53.16
67861,STARLINK-36325,+,462.0,464.0,53.16
67862,STARLINK-36332,+,462.0,464.0,53.16
67863,STARLINK-36835,+,462.0,463.0,53.16
67864,STARLINK-36831,+,462.0,463.0,53.16
67865,STARLINK-36738,+,462.0,463.0,53.16
67866,STARLINK-36780,+,462.0,463.0,53.16
67867,STARLINK-36761,+,462.0,464.0,53.16
67868,STARLINK-36762,+,462.0,463.0,53.16
67869,STARLINK-36779,+,461.0,465.0,53.16
6787,OPS 8364 (DMSP 5B F4),-,761.0,797.0,98.56
67870,STARLINK-36770,+,462.0,463.0,53.16
67871,STARLINK-36769,+,462.0,463.0,53.16
67872,STARLINK-36786,+,470.0,472.0,53.16
67873,STARLINK-36783,+,462.0,464.0,53.16
67874,STARLINK-36730,+,462.0,463.0,53.16
67875,STARLINK-36727,+,470.0,472.0,53.16
67876,STARLINK-36743,+,462.0,463.0,53.16
67877,STARLINK-36784,+,462.0,463.0,53.16
67878,STARLINK-36689,+,462.0,464.0,53.15
67879,STARLINK-36818,+,464.0,467.0,97.28
67880,STARLINK-36821,+,464.0,467.0,97.28
67881,STARLINK-36808,+,464.0,467.0,97.28
67882,STARLINK-36817,+,463.0,468.0,97.28
67883,STARLINK-36856,+,464.0,467.0,97.28
67884,STARLINK-36842,+,464.0,467.0,97.29
67885,STARLINK-36826,+,464.0,467.0,97.28
67886,STARLINK-36390,+,464.0,467.0,97.28
67887,STARLINK-36368,+,464.0,467.0,97.28
67888,STARLINK-36801,+,463.0,467.0,97.28
67889,STARLINK-36372,+,464.0,467.0,97.28
67890,STARLINK-36363,+,464.0,467.0,97.28
67891,STARLINK-36816,+,464.0,467.0,97.28
67892,STARLINK-36813,+,464.0,467.0,97.28
67893,STARLINK-36803,+,464.0,467.0,97.29
67894,STARLINK-36846,+,464.0,467.0,97.28
67895,STARLINK-36866,+,464.0,467.0,97.28
67896,STARLINK-36877,+,464.0,467.0,97.28
67897,STARLINK-36870,+,464.0,467.0,97.29
67898,STARLINK-36810,+,464.0,467.0,97.28
67899,STARLINK-36878,+,465.0,466.0,97.28
67900,STARLINK-36361,+,464.0,467.0,97.28
67901,STARLINK-36336,+,464.0,467.0,97.28
67902,STARLINK-36876,+,464.0,467.0,97.28
67903,STARLINK-36257,+,464.0,467.0,97.28
67904,STARLINK-36814,+,482.0,484.0,43.0
67905,STARLINK-36729,+,482.0,484.0,43.0
67906,STARLINK-36763,+,483.0,484.0,43.0
67907,STARLINK-36742,+,482.0,484.0,43.0
67908,STARLINK-36827,+,482.0,484.0,43.0
67909,STARLINK-36822,+,482.0,484.0,43.0
6791,OPS 7724,,681.0,39670.0,62.85
67910,STARLINK-36847,+,482.0,484.0,43.0
67911,STARLINK-36736,+,482.0,484.0,43.0
67912,STARLINK-36676,+,482.0,484.0,43.0
67913,STARLINK-36690,+,482.0,484.0,43.0
67914,STARLINK-36724,+,482.0,484.0,43.0
67915,STARLINK-36723,+,482.0,484.0,43.0
67916,STARLINK-36721,+,482.0,484.0,43.0
67917,STARLINK-36722,+,482.0,484.0,43.0
67918,STARLINK-36341,+,482.0,484.0,43.0
67919,STARLINK-36663,+,482.0,484.0,43.0
67920,STARLINK-36375,+,482.0,484.0,43.0
67921,STARLINK-36405,+,482.0,484.0,43.0
67923,STARLINK-36406,+,481.0,485.0,43.0
67924,STARLINK-36714,+,482.0,484.0,43.0
67925,STARLINK-36726,+,482.0,484.0,43.0
67926,STARLINK-36758,+,482.0,484.0,43.0
67927,STARLINK-36728,+,482.0,484.0,43.0
67928,STARLINK-36771,+,482.0,484.0,43.0
67929,STARLINK-36809,+,482.0,484.0,43.0
67930,STARLINK-36865,+,483.0,484.0,43.0
67931,STARLINK-36781,+,482.0,484.0,43.0
67932,STARLINK-36301,+,482.0,484.0,43.0
67933,STARLINK-36852,+,482.0,484.0,43.0
67934,STARLINK-36861,+,482.0,484.0,43.0
67935,STARLINK-36860,+,482.0,484.0,43.0
67936,STARLINK-36848,+,482.0,484.0,43.0
67937,STARLINK-36370,+,482.0,484.0,43.0
67938,STARLINK-36371,+,482.0,484.0,43.0
67939,STARLINK-36246,+,482.0,484.0,43.0
67940,STARLINK-36907,+,482.0,484.0,43.0
67941,STARLINK-36927,+,482.0,484.0,43.0
67942,STARLINK-36914,+,482.0,484.0,43.0
67943,STARLINK-36851,+,482.0,484.0,43.0
67944,STARLINK-36892,+,482.0,484.0,43.0
67945,STARLINK-36908,+,482.0,484.0,43.0
67946,STARLINK-36909,+,482.0,484.0,43.0
67947,STARLINK-36920,+,482.0,484.0,43.0
67948,STARLINK-36873,+,483.0,483.0,43.0
67949,STARLINK-36863,+,482.0,484.0,43.0
67950,STARLINK-36887,+,482.0,484.0,43.0
67951,STARLINK-36897,+,482.0,484.0,43.0
67952,STARLINK-36381,+,482.0,484.0,43.0
67953,STARLINK-36824,+,482.0,484.0,43.0
67954,STARLINK-36869,+,482.0,484.0,43.0
67955,STARLINK-36872,+,482.0,484.0,43.0
67956,STARLINK-36918,+,482.0,484.0,43.01
67957,STARLINK-36829,+,482.0,484.0,43.0
67958,STARLINK-36799,+,482.0,484.0,43.0
67959,STARLINK-36834,+,482.0,484.0,43.0
67960,STARLINK-36841,+,481.0,485.0,43.01
67961,STARLINK-36912,+,465.0,466.0,97.29
67962,STARLINK-36881,+,465.0,466.0,97.29
67963,STARLINK-36357,+,464.0,467.0,97.28
67964,STARLINK-36349,+,465.0,466.0,97.29
67965,STARLINK-36806,+,465.0,466.0,97.29
67966,STARLINK-36820,+,465.0,466.0,97.28
67967,STARLINK-36819,+,465.0,466.0,97.29
67968,STARLINK-36812,+,465.0,466.0,97.29
67969,STARLINK-36709,+,464.0,467.0,97.29
67970,STARLINK-36319,+,465.0,466.0,97.29
67971,STARLINK-36710,+,465.0,466.0,97.29
67972,STARLINK-36894,+,465.0,466.0,97.29
67973,STARLINK-36900,+,464.0,467.0,97.29
67974,STARLINK-36901,+,464.0,467.0,97.28
67975,STARLINK-36883,+,465.0,466.0,97.29
67976,STARLINK-36880,+,465.0,466.0,97.29
67977,STARLINK-36904,+,464.0,467.0,97.28
67978,STARLINK-36364,+,464.0,467.0,97.29
67979,STARLINK-36359,+,465.0,466.0,97.29
67980,STARLINK-36882,+,464.0,467.0,97.29
67981,STARLINK-36874,+,465.0,466.0,97.29
67982,STARLINK-36879,+,464.0,467.0,97.28
67983,STARLINK-36867,+,465.0,466.0,97.29
67984,STARLINK-36266,+,465.0,466.0,97.29
67985,STARLINK-36802,+,464.0,467.0,97.28
67986,STARLINK-36535,+,482.0,484.0,43.0
67987,STARLINK-36744,+,481.0,485.0,43.0
67988,STARLINK-36734,+,482.0,484.0,43.0
67989,STARLINK-36957,+,482.0,484.0,43.0
67990,STARLINK-36951,+,482.0,484.0,43.0
67991,STARLINK-36941,+,482.0,484.0,43.0
67992,STARLINK-36950,+,482.0,484.0,43.0
67993,STARLINK-36975,+,483.0,483.0,43.0
67994,STARLINK-36993,+,482.0,484.0,43.0
67995,STARLINK-36968,+,482.0,484.0,43.0
67996,STARLINK-36979,+,483.0,483.0,43.0
67997,STARLINK-36994,+,482.0,484.0,43.0
67998,STARLINK-36988,+,482.0,484.0,43.0
67999,STARLINK-36926,+,482.0,484.0,43.0
68000,STARLINK-36931,+,482.0,484.0,43.0
68001,STARLINK-36903,+,481.0,485.0,43.0
68002,STARLINK-36898,+,483.0,483.0,43.0
68003,STARLINK-36862,+,482.0,484.0,43.0
68004,STARLINK-36888,+,482.0,484.0,43.0
68005,STARLINK-36910,+,482.0,484.0,43.0
68006,STARLINK-36889,+,482.0,484.0,43.0
68007,STARLINK-36592,+,482.0,484.0,43.0
68008,STARLINK-36911,+,483.0,484.0,43.0
68009,STARLINK-36956,+,482.0,484.0,43.0
68010,STARLINK-36953,+,482.0,484.0,43.0
68011,STARLINK-36991,+,482.0,484.0,43.0
68012,STARLINK-36936,+,482.0,484.0,43.0
68013,STARLINK-36967,+,482.0,484.0,43.0
68014,STARLINK-36985,+,482.0,484.0,43.0
68015,STARLINK-36335,+,464.0,467.0,97.28
68016,STARLINK-36923,+,464.0,467.0,97.28
68017,STARLINK-36568,+,465.0,466.0,97.28
68018,STARLINK-36930,+,465.0,466.0,97.28
68019,STARLINK-36921,+,465.0,466.0,97.28
68020,STARLINK-36928,+,465.0,466.0,97.28
68021,STARLINK-36858,+,464.0,467.0,97.28
68022,STARLINK-36916,+,464.0,467.0,97.28
68023,STARLINK-36871,+,464.0,467.0,97.28
68024,STARLINK-36891,+,464.0,467.0,97.28
68025,STARLINK-36378,+,464.0,467.0,97.28
68026,STARLINK-36884,+,464.0,467.0,97.28
68027,STARLINK-36940,+,464.0,467.0,97.28
68028,STARLINK-36253,P,425.0,436.0,97.28
68029,STARLINK-36944,+,464.0,467.0,97.28
68030,STARLINK-36942,+,464.0,467.0,97.28
68031,STARLINK-36913,+,465.0,467.0,97.28
68032,STARLINK-36935,+,464.0,467.0,97.28
68033,STARLINK-36947,+,464.0,467.0,97.28
68034,STARLINK-36939,+,464.0,467.0,97.28
68035,STARLINK-36943,+,464.0,467.0,97.28
68036,STARLINK-36906,+,464.0,467.0,97.29
68037,STARLINK-36388,+,465.0,466.0,97.28
68038,STARLINK-36895,+,464.0,467.0,97.28
68039,STARLINK-36373,+,464.0,467.0,97.28
68040,STARLINK-36711,+,462.0,464.0,53.16
68041,STARLINK-36825,+,462.0,464.0,53.16
68042,STARLINK-36925,+,462.0,463.0,53.16
68043,STARLINK-36902,+,462.0,463.0,53.16
68044,STARLINK-36966,+,462.0,463.0,53.16
68045,STARLINK-36864,+,462.0,463.0,53.16
68046,STARLINK-36321,+,462.0,463.0,53.16
68047,STARLINK-36181,+,462.0,463.0,53.16
68048,STARLINK-36318,+,462.0,463.0,53.16
68049,STARLINK-36885,+,462.0,464.0,53.16
68050,STARLINK-36945,+,462.0,463.0,53.16
68051,STARLINK-35911,+,462.0,464.0,53.16
68052,STARLINK-35808,+,462.0,463.0,53.16
68053,STARLINK-36919,+,462.0,463.0,53.16
68054,STARLINK-36924,+,462.0,463.0,53.16
68055,STARLINK-35998,+,462.0,463.0,53.16
68056,STARLINK-36845,+,463.0,463.0,53.16
68057,STARLINK-36954,+,462.0,463.0,53.16
68058,STARLINK-36899,+,462.0,463.0,53.16
68059,STARLINK-36917,+,462.0,464.0,53.16
68060,STARLINK-36959,+,462.0,463.0,53.16
68061,STARLINK-36915,+,462.0,463.0,53.16
68062,STARLINK-36952,+,462.0,464.0,53.16
68063,STARLINK-37000,+,462.0,463.0,53.16
68064,STARLINK-36996,+,462.0,463.0,53.17
68065,STARLINK-36836,+,462.0,463.0,53.16
68066,STARLINK-36976,+,462.0,463.0,53.16
68067,STARLINK-36929,+,462.0,463.0,53.16
68068,STARLINK-36990,+,461.0,464.0,53.16
68069,STARLINK-36766,+,462.0,463.0,53.16
68070,STARLINK-36823,+,462.0,464.0,53.16
68071,STARLINK-36970,+,462.0,463.0,53.16
68072,STARLINK-36972,+,462.0,463.0,53.16
68073,STARLINK-37074,+,462.0,463.0,53.16
68074,STARLINK-37045,+,461.0,464.0,53.16
68075,STARLINK-37026,+,462.0,463.0,53.16
68076,STARLINK-37023,+,462.0,464.0,53.16
68077,STARLINK-37036,+,462.0,464.0,53.16
68078,STARLINK-36973,+,462.0,464.0,53.16
68079,STARLINK-37063,+,462.0,464.0,53.16
68080,STARLINK-37051,+,462.0,464.0,53.16
68081,STARLINK-37066,+,462.0,463.0,53.16
68082,STARLINK-37054,+,462.0,464.0,53.16
68083,STARLINK-37065,+,462.0,464.0,53.16
68084,STARLINK-37037,+,462.0,463.0,53.16
68085,STARLINK-37068,+,462.0,463.0,53.16
68086,STARLINK-37067,+,462.0,463.0,53.16
68087,STARLINK-37062,+,462.0,463.0,53.16
68088,STARLINK-37059,+,462.0,463.0,53.16
68089,STARLINK-37004,+,462.0,464.0,53.16
68090,STARLINK-36320,+,462.0,463.0,53.16
68091,STARLINK-36324,+,462.0,464.0,53.16
68092,STARLINK-36896,+,462.0,464.0,53.16
68093,STARLINK-36251,+,462.0,463.0,53.16
68094,STARLINK-36787,+,462.0,463.0,53.16
68095,STARLINK-36790,+,462.0,464.0,53.16
68096,STARLINK-36328,+,462.0,464.0,53.16
68097,STARLINK-36853,+,462.0,464.0,53.16
68098,GLOBAL-34,+,463.0,466.0,42.02
68101,STARLINK-37022,+,464.0,467.0,97.28
68102,STARLINK-37046,+,464.0,467.0,97.28
68103,STARLINK-37018,+,464.0,467.0,97.28
68104,STARLINK-37041,+,464.0,467.0,97.28
68105,STARLINK-37021,+,465.0,466.0,97.29
68106,STARLINK-37024,+,464.0,467.0,97.28
68107,STARLINK-37005,+,465.0,466.0,97.28
68108,STARLINK-37017,+,464.0,467.0,97.28
68109,STARLINK-36833,+,464.0,467.0,97.28
68110,STARLINK-36830,+,464.0,467.0,97.29
68111,STARLINK-36791,+,464.0,467.0,97.28
68112,STARLINK-36893,+,464.0,467.0,97.29
68113,STARLINK-36937,+,464.0,467.0,97.29
68114,STARLINK-36229,+,464.0,467.0,97.28
68115,STARLINK-36392,+,464.0,467.0,97.28
68116,STARLINK-36805,+,464.0,467.0,97.28
68117,STARLINK-36844,+,464.0,467.0,97.28
68118,STARLINK-36789,+,464.0,467.0,97.28
68119,STARLINK-36850,+,464.0,467.0,97.28
68120,STARLINK-36868,+,464.0,467.0,97.28
68121,STARLINK-36855,+,464.0,467.0,97.28
68122,STARLINK-36366,+,464.0,467.0,97.28
68123,STARLINK-36922,+,464.0,467.0,97.28
68124,STARLINK-36938,+,464.0,467.0,97.28
68125,STARLINK-36839,+,465.0,466.0,97.28
68129,HULIANWANG DIGUI-155,+,1148.0,1150.0,50.0
68130,HULIANWANG DIGUI-156,+,1148.0,1150.0,50.0
68131,HULIANWANG DIGUI-157,+,1148.0,1150.0,50.0
68132,HULIANWANG DIGUI-158,+,1148.0,1150.0,50.0
68133,HULIANWANG DIGUI-159,+,1148.0,1150.0,50.0
68134,HULIANWANG DIGUI-160,+,1148.0,1150.0,50.01
68135,HULIANWANG DIGUI-161,+,1148.0,1150.0,50.01
68136,HULIANWANG DIGUI-162,+,1148.0,1150.0,50.01
68137,HULIANWANG DIGUI-163,+,1148.0,1150.0,50.01
68139,SHIYAN-30 03,+,589.0,595.0,35.0
68140,SHIYAN-30 04,+,590.0,594.0,34.99
68142,STARLINK-36604,+,465.0,466.0,97.29
68143,STARLINK-36995,+,465.0,466.0,97.29
68144,STARLINK-37020,+,464.0,467.0,97.28
68145,STARLINK-36244,+,464.0,467.0,97.28
68146,STARLINK-36980,+,465.0,466.0,97.28
68147,STARLINK-37055,+,464.0,467.0,97.28
68148,STARLINK-36981,+,465.0,466.0,97.29
68149,STARLINK-36992,+,465.0,466.0,97.28
68150,STARLINK-37060,+,465.0,466.0,97.28
68151,STARLINK-37073,+,464.0,467.0,97.28
68152,STARLINK-37049,+,465.0,466.0,97.29
68153,STARLINK-37072,+,465.0,466.0,97.28
68154,STARLINK-36241,+,465.0,466.0,97.28
68155,STARLINK-37048,+,465.0,466.0,97.28
68156,STARLINK-36313,+,464.0,467.0,97.29
68157,STARLINK-37064,+,465.0,466.0,97.28
68158,STARLINK-37069,+,464.0,467.0,97.28
68159,STARLINK-37053,+,464.0,467.0,97.28
68160,STARLINK-36306,+,465.0,466.0,97.28
68161,STARLINK-37057,+,464.0,467.0,97.28
68162,STARLINK-37013,+,465.0,466.0,97.29
68163,STARLINK-36958,+,464.0,467.0,97.28
68164,STARLINK-37002,+,465.0,466.0,97.29
68165,STARLINK-36971,+,465.0,466.0,97.28
68166,STARLINK-36273,+,465.0,466.0,97.28
68167,STARLINK-36969,+,461.0,464.0,53.15
68168,STARLINK-36984,+,462.0,464.0,53.16
68169,STARLINK-37077,+,462.0,463.0,53.15
68170,STARLINK-37003,+,462.0,464.0,53.16
68171,STARLINK-37034,+,462.0,463.0,53.16
68172,STARLINK-37031,+,462.0,463.0,53.15
68173,STARLINK-37076,+,462.0,464.0,53.16
68174,STARLINK-37078,+,462.0,464.0,53.16
68175,STARLINK-36886,+,462.0,464.0,53.16
68176,STARLINK-36905,+,462.0,463.0,53.16
68177,STARLINK-36668,+,462.0,463.0,53.16
68178,STARLINK-36677,+,462.0,463.0,53.16
68179,STARLINK-37052,+,462.0,464.0,53.16
68180,STARLINK-37035,+,462.0,463.0,53.16
68181,STARLINK-37032,+,461.0,465.0,53.16
68182,STARLINK-37082,+,462.0,464.0,53.16
68183,STARLINK-37102,+,462.0,463.0,53.16
68184,STARLINK-36964,+,462.0,463.0,53.16
68185,STARLINK-37061,+,462.0,464.0,53.16
68186,STARLINK-37079,+,462.0,464.0,53.16
68187,STARLINK-37006,+,462.0,463.0,53.15
68189,STARLINK-36305,+,462.0,464.0,53.16
68190,STARLINK-37071,+,462.0,463.0,53.16
68191,STARLINK-37091,+,462.0,463.0,53.16
68192,STARLINK-37098,+,462.0,463.0,53.16
68193,STARLINK-37090,+,462.0,463.0,53.16
68194,STARLINK-37093,+,462.0,463.0,53.16
68195,STARLINK-37058,+,461.0,464.0,53.16
68196,YAOGAN-50 02,+,952.0,953.0,141.99
68198,OBJECT A,+,521.0,541.0,97.53
68199,YUXING-3 06,+,522.0,542.0,97.53
68200,OBJECT C,+,532.0,534.0,97.53
68201,OBJECT D,+,521.0,539.0,97.53
68202,OBJECT E,+,521.0,539.0,97.53
68203,OBJECT F,+,521.0,537.0,97.53
68204,OBJECT G,+,522.0,538.0,97.53
68206,OBJECT J,+,280.0,915.0,97.32
68207,STARLINK-36986,+,464.0,467.0,97.28
68208,STARLINK-37009,+,464.0,467.0,97.28
68209,STARLINK-36948,+,464.0,467.0,97.28
68210,STARLINK-37119,+,465.0,467.0,97.28
68211,STARLINK-37120,+,464.0,467.0,97.28
68212,STARLINK-37117,+,464.0,467.0,97.29
68213,STARLINK-37116,+,464.0,467.0,97.29
68214,STARLINK-35854,+,464.0,467.0,97.29
68215,STARLINK-36272,+,464.0,467.0,97.29
68216,STARLINK-37014,+,464.0,467.0,97.29
68217,STARLINK-37011,+,464.0,467.0,97.28
68218,STARLINK-37108,+,464.0,467.0,97.29
68219,STARLINK-37106,+,464.0,467.0,97.29
6822,OPS 8314 (2),,1419.0,1464.0,95.63
68220,STARLINK-37030,+,464.0,467.0,97.29
68221,STARLINK-37012,+,464.0,467.0,97.28
68222,STARLINK-37110,+,464.0,467.0,97.29
68223,STARLINK-37025,+,464.0,467.0,97.28
68225,STARLINK-36960,+,464.0,467.0,97.29
68226,STARLINK-37038,+,464.0,467.0,97.29
68227,STARLINK-37083,+,464.0,467.0,97.29
68228,STARLINK-37050,+,465.0,466.0,97.29
68229,STARLINK-37081,+,464.0,467.0,97.29
68230,STARLINK-37100,+,464.0,467.0,97.29
68231,STARLINK-37104,+,464.0,467.0,97.29
68232,STARLINK-37027,+,462.0,464.0,53.16
68233,STARLINK-37132,+,462.0,463.0,53.15
68234,STARLINK-37101,+,462.0,463.0,53.16
68235,STARLINK-36963,+,461.0,464.0,53.16
68236,STARLINK-37127,+,462.0,463.0,53.16
68237,STARLINK-37095,+,461.0,464.0,53.16
68238,STARLINK-37097,+,462.0,464.0,53.16
68239,STARLINK-37096,+,461.0,464.0,53.16
68240,STARLINK-37092,+,462.0,463.0,53.16
68241,STARLINK-37094,+,462.0,464.0,53.16
68242,STARLINK-36356,+,462.0,463.0,53.16
68243,STARLINK-36345,+,462.0,463.0,53.16
68244,STARLINK-36310,+,462.0,464.0,53.16
68245,STARLINK-36247,+,462.0,463.0,53.16
68246,STARLINK-37043,+,462.0,464.0,53.16
68247,STARLINK-37044,+,461.0,465.0,53.15
68248,STARLINK-36997,+,462.0,463.0,53.16
68249,STARLINK-37141,+,462.0,464.0,53.16
6825,COSMOS 585,,1375.0,1403.0,74.02
68250,STARLINK-37087,+,461.0,464.0,53.16
68251,STARLINK-36274,+,462.0,464.0,53.16
68252,STARLINK-37085,+,462.0,463.0,53.16
68253,STARLINK-37086,+,462.0,463.0,53.16
68254,STARLINK-37084,+,462.0,464.0,53.16
68255,STARLINK-37075,+,462.0,464.0,53.16
68256,STARLINK-36333,+,462.0,464.0,53.16
68257,STARLINK-36745,+,462.0,463.0,53.16
68258,STARLINK-36890,+,462.0,463.0,53.16
68259,STARLINK-36323,+,461.0,464.0,53.16
68260,STARLINK-37056,+,462.0,464.0,53.16
68261,TEN-KOH 2,+,488.0,496.0,51.66
68262,STARLINK-37162,+,462.0,464.0,53.16
68263,STARLINK-37156,+,462.0,464.0,53.16
68264,STARLINK-37163,+,460.0,466.0,53.16
68265,STARLINK-37133,+,462.0,464.0,53.16
68266,STARLINK-37042,+,462.0,464.0,53.16
68267,STARLINK-37103,+,462.0,464.0,53.16
68268,STARLINK-36999,+,462.0,463.0,53.16
68269,STARLINK-36962,+,462.0,464.0,53.16
68270,STARLINK-37028,+,462.0,463.0,53.16
68271,STARLINK-37029,+,462.0,463.0,53.16
68272,STARLINK-36974,+,462.0,464.0,53.16
68273,STARLINK-37019,+,462.0,464.0,53.16
68274,STARLINK-37129,+,462.0,464.0,53.16
68275,STARLINK-37123,+,462.0,463.0,53.16
68276,STARLINK-37125,+,462.0,463.0,53.16
68277,STARLINK-36989,+,462.0,463.0,53.16
68278,STARLINK-36982,+,463.0,463.0,53.16
68279,STARLINK-36934,+,462.0,463.0,53.16
6828,COSMOS 586,,960.0,1001.0,82.94
68280,STARLINK-37070,+,461.0,465.0,53.15
68281,STARLINK-37134,+,461.0,464.0,53.15
68282,STARLINK-37160,+,462.0,463.0,53.16
68283,STARLINK-37124,+,462.0,463.0,53.16
68284,STARLINK-37159,+,462.0,463.0,53.16
68285,STARLINK-36725,+,462.0,464.0,53.16
68286,STARLINK-36998,+,462.0,463.0,53.16
68287,STARLINK-37165,+,462.0,464.0,53.16
68288,STARLINK-37016,+,461.0,465.0,53.16
68289,STARLINK-37010,+,462.0,463.0,53.16
68290,STARLINK-37151,+,461.0,464.0,53.16
68291,STRIX-6,+,554.0,577.0,50.28
68294,STARLINK-37107,+,464.0,467.0,97.28
68295,STARLINK-37147,+,465.0,466.0,97.28
68296,STARLINK-37142,+,465.0,466.0,97.28
68297,STARLINK-37115,+,464.0,467.0,97.28
68298,STARLINK-36355,+,464.0,467.0,97.28
68299,STARLINK-37118,+,464.0,467.0,97.28
68300,STARLINK-36875,+,465.0,466.0,97.29
68301,STARLINK-37099,+,465.0,466.0,97.28
68302,STARLINK-37007,+,465.0,466.0,97.28
68303,STARLINK-36300,+,465.0,466.0,97.29
68304,STARLINK-36849,+,464.0,466.0,97.28
68305,STARLINK-36277,+,465.0,466.0,97.29
68306,STARLINK-36307,+,465.0,466.0,97.29
68307,STARLINK-36264,+,465.0,466.0,97.28
68308,STARLINK-37138,+,465.0,466.0,97.28
68309,STARLINK-37149,+,465.0,466.0,97.28
68310,STARLINK-37148,+,465.0,466.0,97.29
68311,STARLINK-37140,+,465.0,466.0,97.28
68312,STARLINK-36854,+,465.0,466.0,97.29
68313,STARLINK-36815,+,465.0,466.0,97.29
68314,STARLINK-37155,+,465.0,467.0,97.28
68315,STARLINK-37150,+,465.0,466.0,97.28
68316,STARLINK-37154,+,465.0,466.0,97.28
68317,STARLINK-37139,+,465.0,466.0,97.29
68318,STARLINK-37113,+,465.0,466.0,97.29
68321,STARLINK-36987,+,462.0,464.0,53.16
68322,STARLINK-37088,+,462.0,463.0,53.16
68323,STARLINK-36983,+,462.0,463.0,53.16
68324,STARLINK-37164,+,461.0,464.0,53.16
68325,STARLINK-36309,+,462.0,463.0,53.16
68326,STARLINK-37206,+,462.0,464.0,53.16
68327,STARLINK-37199,+,462.0,463.0,53.16
68328,STARLINK-36245,+,462.0,463.0,53.16
68329,STARLINK-37204,+,462.0,463.0,53.16
68330,STARLINK-37001,+,462.0,464.0,53.16
68331,STARLINK-36932,+,462.0,463.0,53.16
68332,STARLINK-37205,+,462.0,463.0,53.16
68333,STARLINK-37180,+,462.0,463.0,53.16
68334,STARLINK-37191,+,460.0,465.0,53.16
68335,STARLINK-37217,+,462.0,463.0,53.16
68336,STARLINK-37143,+,462.0,463.0,53.16
68337,STARLINK-36237,+,462.0,464.0,53.16
68338,STARLINK-36254,+,462.0,464.0,53.16
68339,STARLINK-37200,+,462.0,463.0,53.16
68340,STARLINK-37185,+,462.0,463.0,53.16
68341,STARLINK-37181,+,462.0,463.0,53.16
68342,STARLINK-37192,+,461.0,464.0,53.16
68343,STARLINK-37158,+,462.0,463.0,53.16
68344,STARLINK-36380,+,462.0,464.0,53.16
68345,STARLINK-37214,+,462.0,463.0,53.16
68346,STARLINK-37169,+,462.0,463.0,53.16
68347,STARLINK-37136,+,461.0,464.0,53.16
68348,STARLINK-37182,+,462.0,463.0,53.16
68349,STARLINK-37183,+,462.0,463.0,53.16
68350,CENTISPACE-2 S1,+,774.0,785.0,54.98
68351,CENTISPACE-2 S2,+,771.0,785.0,54.98
68352,CENTISPACE-2 S3,+,771.0,786.0,54.98
68353,CENTISPACE-2 S4,+,766.0,785.0,54.98
68354,CENTISPACE-2 S5,+,768.0,786.0,54.98
68355,CENTISPACE-2 S6,+,745.0,768.0,54.98
68356,CENTISPACE-2 S7,+,752.0,787.0,54.99
68357,CENTISPACE-2 S8,+,756.0,781.0,54.98
68358,CENTISPACE-2 S9,+,772.0,786.0,54.98
68359,CENTISPACE-2 S10,+,752.0,773.0,54.98
68360,RASSVET-3 1,+,509.0,513.0,82.29
68361,RASSVET-3 2,+,510.0,513.0,82.29
68362,RASSVET-3 3,+,509.0,513.0,82.3
68364,RASSVET-3 5,+,509.0,513.0,82.3
68365,RASSVET-3 6,+,510.0,513.0,82.29
68366,RASSVET-3 7,+,511.0,512.0,82.3
68367,RASSVET-3 8,+,510.0,512.0,82.29
68368,RASSVET-3 9,+,508.0,515.0,82.29
68369,RASSVET-3 10,+,476.0,490.0,82.29
68370,RASSVET-3 11,+,364.0,371.0,82.29
68371,RASSVET-3 12,+,509.0,513.0,82.3
68372,RASSVET-3 13,+,510.0,513.0,82.3
68373,RASSVET-3 14,+,352.0,365.0,82.29
68374,RASSVET-3 15,+,509.0,513.0,82.3
68375,RASSVET-3 16,+,510.0,513.0,82.29
68377,SUPERVIEW NEO-2 05,+,506.0,508.0,97.44
68378,SUPERVIEW NEO-2 06,+,506.0,508.0,97.44
68380,STARLINK-36296,+,465.0,466.0,97.29
68381,STARLINK-37111,+,465.0,466.0,97.29
68382,STARLINK-36946,+,464.0,467.0,97.28
68383,STARLINK-37121,+,465.0,466.0,97.29
68384,STARLINK-37137,+,465.0,466.0,97.28
68385,STARLINK-37128,+,465.0,466.0,97.29
68386,STARLINK-37198,+,465.0,467.0,97.29
68387,STARLINK-37223,+,465.0,466.0,97.28
68388,STARLINK-37203,+,464.0,467.0,97.29
68389,STARLINK-37197,+,464.0,467.0,97.29
68390,STARLINK-37193,+,465.0,466.0,97.29
68391,STARLINK-37216,+,465.0,466.0,97.28
68392,STARLINK-37215,+,465.0,466.0,97.29
68393,STARLINK-37184,+,465.0,466.0,97.29
68394,STARLINK-37157,+,465.0,466.0,97.29
68395,STARLINK-37172,+,465.0,466.0,97.29
68396,STARLINK-37190,+,465.0,466.0,97.29
68397,STARLINK-37194,+,465.0,466.0,97.29
68398,STARLINK-37220,+,465.0,466.0,97.28
68399,STARLINK-37187,+,465.0,466.0,97.29
68400,STARLINK-36235,+,465.0,467.0,97.28
68401,STARLINK-37175,+,464.0,467.0,97.28
68402,STARLINK-36360,+,465.0,466.0,97.28
68403,STARLINK-37218,+,464.0,467.0,97.29
68404,STARLINK-37188,+,464.0,467.0,97.29
68405,SHIYAN-33,+,481.0,503.0,97.46
68408,LPNTSAT-001 (IOD-1),+,497.0,522.0,97.39
68409,LPNTSAT-002 (IOD-2),+,496.0,516.0,97.39
68412,XINZHENGCHENG-01,+,584.0,621.0,84.97
68414,XINZHENGCHENG 01,+,583.0,621.0,84.97
68415,TIANSHI-01,+,583.0,620.0,84.97
68416,PEAKSAT,+,503.0,508.0,97.46
68417,JACK-002,+,503.0,508.0,97.46
68418,OPTISAT,+,505.0,510.0,97.46
68419,FEMTO-1,+,506.0,510.0,97.46
68420,ERMIS-2,+,501.0,505.0,97.45
68421,VIREON-2,+,506.0,510.0,97.46
68422,BRO-19,+,507.0,510.0,97.45
68423,SPOQC,+,506.0,509.0,97.46
68424,SPACEVAN-002,+,506.0,510.0,97.46
68425,ERMIS-3,+,505.0,510.0,97.46
68426,TRANSPORTER-16 OBJECT L,+,500.0,506.0,97.46
68427,EMISAR,+,502.0,507.0,97.46
68428,OUT OF THE BOX (OOTB),+,507.0,512.0,97.46
68429,TROOP-F3,+,500.0,506.0,97.46
68430,VEGAFLY-1,+,504.0,508.0,97.45
68431,DISCO-2,+,503.0,509.0,97.46
68432,NUSAT-53 (JANE GOODALL),+,506.0,511.0,97.46
68433,T.MICROSAT-2,+,508.0,516.0,97.46
68434,VIREON-1,+,507.0,511.0,97.46
68435,ION SCV-019 (ASTOUNDING ALEXANDRA),+,499.0,513.0,97.46
68436,HAWK-14B,+,508.0,512.0,97.46
68437,AIGLONSAT-1,+,500.0,505.0,97.46
68438,TRANSPORTER-16 OBJECT Y,+,498.0,504.0,97.46
68439,TRANSPORTER-16 OBJECT Z,+,500.0,504.0,97.46
68440,TRANSPORTER-16 OBJECT AA,+,495.0,500.0,97.45
68441,HAWK-14C,+,508.0,512.0,97.45
68442,NUSAT-54 (BRANCA MARQUES),+,508.0,514.0,97.46
68443,DB-WALI-WMU,+,509.0,514.0,97.46
68444,SHARJAH-SAT-2,+,505.0,509.0,97.46
68445,DB SKYFORGE CORE TU,+,509.0,515.0,97.46
68446,HADES-SA (SPINNYONE),+,499.0,507.0,97.44
68447,IRIDE-MS1-EAGLET 2-14,+,504.0,509.0,97.46
68448,HAWK-14A,+,508.0,512.0,97.47
68449,IRIDE-MS1-EAGLET 2-9,+,507.0,512.0,97.46
6845,COSMOS 588,,1448.0,1492.0,74.0
68450,IRIDE-MS1-EAGLET 2-13,+,505.0,510.0,97.46
68451,IRIDE-MS1-EAGLET 2-10,+,505.0,509.0,97.46
68452,IRIDE-MS1-EAGLET 2-16,+,507.0,512.0,97.46
68453,IRIDE-MS1-EAGLET 2-11,+,505.0,510.0,97.46
68454,AISSAT 4,+,507.0,514.0,97.46
68455,DB CHARMS ND,+,509.0,516.0,97.46
68456,PARUS-6U1,+,508.0,515.0,97.46
68457,TRANSPORTER-16 OBJECT AT,+,502.0,507.0,97.46
68458,SAL-E,+,507.0,514.0,97.45
68459,DB GME UT (DB-GLOBE MISSION EARTH-UT),+,508.0,515.0,97.46
6846,COSMOS 589,,1414.0,1488.0,74.0
68460,COSMO,+,505.0,512.0,97.45
68461,IRIDE-MS1-EAGLET 2-12,+,507.0,512.0,97.46
68462,IRIDE-MS1-EAGLET 2-15,+,505.0,510.0,97.46
68463,GARAI-B (UNAMUNO),+,518.0,521.0,97.46
68464,FGN-100-D3,+,510.0,513.0,97.46
68465,HOTSAT-2,+,510.0,514.0,97.46
68466,DB-PFW,+,507.0,514.0,97.45
68467,TRANSPORTER-16 OBJECT BD,+,500.0,507.0,97.44
68468,ERMIS-1,+,505.0,514.0,97.46
6847,COSMOS 590,,1432.0,1487.0,74.0
68470,LUNA-2,+,507.0,516.0,97.45
68471,LEMUR-2-DELOITTE-3,+,589.0,594.0,97.76
68472,FLYLAB1,+,589.0,595.0,97.77
68473,VIGORIDE-7,+,491.0,501.0,97.46
68474,BLACK KITE-2,+,587.0,592.0,97.76
68475,UNICORN-2S,+,586.0,591.0,97.75
68476,LEMUR-2-JULIA-JOEL,+,586.0,591.0,97.76
68477,UNICORN-2R,+,587.0,592.0,97.75
68478,FOSSASAT-2E25,+,589.0,593.0,97.77
68479,LEMUR-2-PEGGY-2004,+,585.0,590.0,97.76
6848,COSMOS 591,,1346.0,1485.0,74.0
68480,LEMUR-2-IRINA,+,584.0,591.0,97.77
68481,TORO-3,+,588.0,594.0,97.77
68482,LEMUR-2-SEJONG-3,+,584.0,591.0,97.76
68483,LEMUR-2-CLARA,+,585.0,592.0,97.77
68484,VINDLER 2.2,+,589.0,593.0,97.77
68485,CAPELLA-20 (ACADIA-10),+,593.0,596.0,97.76
68486,VINDLER 2.3,+,589.0,593.0,97.76
68487,AE1A,+,586.0,590.0,97.76
68488,VINDLER 2.1,+,590.0,593.0,97.76
68489,LEMUR-2-CARROLLEMO,+,591.0,593.0,97.76
6849,COSMOS 592,,1330.0,1484.0,74.0
68490,MIMIR 1,+,593.0,597.0,97.77
68491,LEMUR-2-DELOITTE-2,+,590.0,594.0,97.76
68492,LEMUR-2-EMARCHIA,+,589.0,593.0,97.76
68493,LEMUR-2-POLO-11,+,588.0,594.0,97.77
68494,ICEYE-X71,+,586.0,591.0,97.77
68495,GRAVITAS,+,629.0,685.0,97.77
68496,ICEYE-X73,+,588.0,593.0,97.77
68497,ICEYE-X75,+,589.0,593.0,97.76
68498,IO-1,+,591.0,594.0,97.76
68499,SERT3,+,591.0,594.0,97.76
6850,COSMOS 593,,1364.0,1485.0,74.0
68500,ICEYE-X74,+,590.0,594.0,97.77
68501,N1-ATLAS,+,590.0,595.0,97.77
68502,ICEYE-X76,+,590.0,594.0,97.77
68503,FLYLAB2,+,591.0,598.0,97.76
68504,ICEYE-X72,+,568.0,575.0,97.77
68505,GEMS2-AMETHYST,+,589.0,597.0,97.77
68506,AEPEX,+,504.0,508.0,97.46
68507,CAMOES,+,506.0,510.0,97.47
68508,STARLINK-37262,+,462.0,463.0,53.16
68509,STARLINK-36292,+,461.0,464.0,53.16
6851,COSMOS 594,,1380.0,1486.0,74.0
68510,STARLINK-37260,+,462.0,464.0,53.16
68511,STARLINK-37280,+,462.0,464.0,53.16
68512,STARLINK-37286,+,462.0,463.0,53.16
68513,STARLINK-36250,+,462.0,464.0,53.16
68514,STARLINK-37251,+,462.0,463.0,53.16
68515,STARLINK-36293,+,462.0,463.0,53.16
68516,STARLINK-36290,+,462.0,464.0,53.16
68517,STARLINK-36298,+,462.0,463.0,53.16
68518,STARLINK-36857,+,462.0,463.0,53.16
68519,STARLINK-36326,+,462.0,464.0,53.16
6852,COSMOS 595,,1398.0,1485.0,74.0
68520,STARLINK-37126,+,462.0,464.0,53.16
68521,STARLINK-36347,+,462.0,463.0,53.16
68522,STARLINK-36322,+,462.0,464.0,53.16
68523,STARLINK-37208,+,461.0,464.0,53.16
68524,STARLINK-36302,+,461.0,464.0,53.16
68525,STARLINK-36311,+,462.0,464.0,53.16
68526,STARLINK-37178,+,462.0,463.0,53.16
68527,STARLINK-37248,+,462.0,464.0,53.16
68528,STARLINK-37241,+,462.0,463.0,53.16
68529,STARLINK-37244,+,462.0,464.0,53.16
68530,STARLINK-36285,+,461.0,464.0,53.16
68531,STARLINK-36294,+,461.0,464.0,53.16
68532,STARLINK-36249,+,462.0,463.0,53.16
68533,STARLINK-36252,+,462.0,463.0,53.16
68534,STARLINK-36299,+,462.0,463.0,53.16
68535,STARLINK-37234,+,462.0,463.0,53.16
68536,STARLINK-37173,+,462.0,464.0,53.16
68542,STARLINK-37326,+,462.0,464.0,53.16
68543,STARLINK-36308,+,461.0,464.0,53.16
68544,STARLINK-37263,+,462.0,464.0,53.16
68545,STARLINK-37289,+,462.0,464.0,53.16
68546,STARLINK-37290,+,462.0,463.0,53.16
68547,STARLINK-37245,+,462.0,463.0,53.16
68548,STARLINK-37145,+,463.0,464.0,53.16
68549,STARLINK-36204,+,462.0,464.0,53.16
68550,STARLINK-36304,+,462.0,463.0,53.16
68551,STARLINK-37288,+,462.0,463.0,53.16
68552,STARLINK-37295,+,462.0,463.0,53.16
68553,STARLINK-37254,+,462.0,463.0,53.16
68554,STARLINK-37255,+,462.0,464.0,53.16
68555,STARLINK-37146,+,462.0,463.0,53.16
68556,STARLINK-37144,+,462.0,463.0,53.16
68557,STARLINK-37210,+,462.0,464.0,53.16
68558,STARLINK-37227,+,462.0,463.0,53.16
68559,STARLINK-37294,+,462.0,463.0,53.16
68560,STARLINK-37291,+,462.0,463.0,53.16
68561,STARLINK-37114,+,462.0,463.0,53.16
68562,STARLINK-37233,+,462.0,464.0,53.16
68563,STARLINK-36238,+,462.0,464.0,53.16
68564,STARLINK-37008,+,461.0,464.0,53.16
68565,STARLINK-37161,+,462.0,463.0,53.16
68566,STARLINK-37212,+,461.0,464.0,53.16
68567,STARLINK-37261,+,462.0,464.0,53.16
68568,STARLINK-37283,+,462.0,463.0,53.16
68569,STARLINK-37256,+,462.0,463.0,53.16
68570,STARLINK-37228,+,462.0,464.0,53.16
68571,MERIDIAN-M 21L,+,1230.0,39126.0,62.83
68573,KUIPER-00131,+,628.0,631.0,51.9
68574,KUIPER-00189,+,629.0,630.0,51.9
68575,KUIPER-00192,+,629.0,630.0,51.9
68576,KUIPER-00193,+,629.0,630.0,51.91
68577,KUIPER-00194,+,629.0,630.0,51.9
68578,KUIPER-00229,+,629.0,630.0,51.9
68579,KUIPER-00230,+,459.0,460.0,51.87
68580,KUIPER-00231,+,629.0,631.0,51.9
68581,KUIPER-00234,+,629.0,630.0,51.9
68582,KUIPER-00236,+,478.0,483.0,51.88
68583,KUIPER-00244,+,629.0,630.0,51.9
68584,KUIPER-00253,+,629.0,630.0,51.9
68585,KUIPER-00254,+,629.0,630.0,51.9
68586,KUIPER-00263,+,628.0,631.0,51.9
68587,KUIPER-00269,+,629.0,630.0,51.9
68588,KUIPER-00272,+,629.0,630.0,51.9
68589,KUIPER-00285,+,629.0,630.0,51.9
68590,KUIPER-00286,+,629.0,630.0,51.9
68591,KUIPER-00289,+,629.0,630.0,51.9
68592,KUIPER-00290,+,640.0,641.0,51.9
68593,KUIPER-00293,+,629.0,630.0,51.9
68594,KUIPER-00294,+,629.0,630.0,51.9
68595,KUIPER-00296,+,629.0,630.0,51.9
68596,KUIPER-00297,+,629.0,631.0,51.9
68597,KUIPER-00300,+,629.0,630.0,51.9
68598,KUIPER-00301,+,619.0,622.0,51.9
68599,KUIPER-00304,+,640.0,641.0,51.9
68600,KUIPER-00317,+,629.0,630.0,51.9
68601,KUIPER-00320,+,629.0,630.0,51.9
68602,STARLINK-37135,+,465.0,467.0,97.28
68603,STARLINK-37189,+,464.0,467.0,97.29
68604,STARLINK-37130,+,464.0,467.0,97.28
68605,STARLINK-37131,+,464.0,467.0,97.29
68606,STARLINK-37253,+,464.0,467.0,97.29
68607,STARLINK-37246,+,464.0,467.0,97.29
68608,STARLINK-37243,+,464.0,467.0,97.29
68609,STARLINK-37250,+,464.0,467.0,97.29
68610,STARLINK-37105,+,464.0,467.0,97.29
68611,STARLINK-37177,+,464.0,467.0,97.28
68612,STARLINK-36386,+,464.0,467.0,97.29
68613,STARLINK-36187,+,464.0,467.0,97.29
68614,STARLINK-37170,+,463.0,468.0,97.29
68615,STARLINK-37176,+,465.0,467.0,97.29
68616,STARLINK-37152,+,464.0,467.0,97.29
68617,STARLINK-37186,+,464.0,467.0,97.29
68618,STARLINK-37179,+,464.0,467.0,97.29
68619,STARLINK-37226,+,464.0,467.0,97.29
68620,STARLINK-37211,+,465.0,466.0,97.29
68621,STARLINK-37269,+,464.0,467.0,97.28
68622,STARLINK-37252,+,464.0,467.0,97.29
68623,STARLINK-37284,+,464.0,467.0,97.29
68624,STARLINK-37231,+,464.0,467.0,97.29
68625,STARLINK-37249,+,464.0,467.0,97.29
68626,STARLINK-37285,+,464.0,467.0,97.29
68627,STP-S29A OBJECT A,+,466.0,515.0,60.02
68628,MISR-C-1,+,466.0,513.0,60.02
68629,RAWHIDE-1,+,465.0,517.0,60.02
68630,STPSAT-7,+,466.0,514.0,60.02
68631,STP-S29A OBJECT E,+,466.0,516.0,60.02
68632,RAWHIDE-2,+,465.0,514.0,60.03
68633,MISR-C-2,+,460.0,508.0,60.02
68634,AGGIESAT6 (AGS6),+,459.0,507.0,60.02
68635,CANVAS,+,461.0,511.0,60.02
68636,QIANFAN-109,+,1066.0,1070.0,88.99
68637,QIANFAN-110,+,1067.0,1070.0,88.99
68638,QIANFAN-111,+,1067.0,1070.0,88.99
68639,QIANFAN-112,+,1066.0,1071.0,88.99
68640,QIANFAN-113,+,1067.0,1070.0,88.99
68641,QIANFAN-114,+,1067.0,1070.0,88.99
68642,QIANFAN-115,+,1067.0,1070.0,88.99
68643,QIANFAN-116,+,1067.0,1070.0,88.99
68644,QIANFAN-117,+,1067.0,1070.0,88.99
68645,QIANFAN-118,+,1067.0,1070.0,88.99
68646,QIANFAN-119,+,1067.0,1070.0,88.99
68647,QIANFAN-120,+,1067.0,1070.0,88.99
68648,QIANFAN-121,+,1067.0,1070.0,88.99
68649,QIANFAN-122,+,1067.0,1070.0,88.99
68650,QIANFAN-123,+,1066.0,1071.0,88.99
68651,QIANFAN-124,+,1067.0,1070.0,88.99
68652,QIANFAN-125,+,1067.0,1070.0,88.99
68653,QIANFAN-126,+,1066.0,1071.0,88.99
68656,HULIANWANG DIGUI-164,+,1167.0,1169.0,86.5
68657,HULIANWANG DIGUI-165,+,1167.0,1169.0,86.5
68658,HULIANWANG DIGUI-166,+,1167.0,1169.0,86.49
68659,HULIANWANG DIGUI-167,+,1167.0,1169.0,86.5
68660,HULIANWANG DIGUI-168,+,1167.0,1169.0,86.5
68662,STARLINK-37195,+,464.0,467.0,97.29
68663,STARLINK-37222,+,464.0,467.0,97.29
68664,STARLINK-37153,+,464.0,467.0,97.29
68665,STARLINK-37171,+,464.0,467.0,97.29
68666,STARLINK-37109,+,464.0,467.0,97.29
68667,STARLINK-36295,+,464.0,467.0,97.28
68668,STARLINK-37221,+,464.0,467.0,97.28
68669,STARLINK-37302,+,464.0,467.0,97.29
68670,STARLINK-37298,+,464.0,467.0,97.29
68671,STARLINK-37224,+,464.0,467.0,97.29
68672,STARLINK-37296,+,464.0,467.0,97.29
68673,STARLINK-37316,+,464.0,467.0,97.29
68674,STARLINK-36672,+,464.0,467.0,97.28
68675,STARLINK-36669,+,464.0,467.0,97.28
68676,STARLINK-37312,+,465.0,467.0,97.29
68677,STARLINK-36168,+,464.0,467.0,97.28
68678,STARLINK-37122,+,464.0,467.0,97.29
68679,STARLINK-37310,+,464.0,467.0,97.29
68680,STARLINK-37306,+,464.0,467.0,97.29
68681,STARLINK-37307,+,464.0,467.0,97.28
68682,STARLINK-37300,+,464.0,467.0,97.29
68683,STARLINK-37304,+,464.0,467.0,97.29
68684,STARLINK-37287,+,463.0,468.0,97.28
68685,STARLINK-36278,+,464.0,467.0,97.28
68686,STARLINK-37213,+,464.0,467.0,97.29
68687,HJS-8A,+,1166.0,1170.0,86.5
68691,JILIN GAOFEN OBJECT A,+,530.0,549.0,97.66
68692,JILIN GAOFEN OBJECT B,+,528.0,552.0,97.66
68693,JILIN GAOFEN OBJECT C,+,530.0,550.0,97.66
68694,JILIN GAOFEN OBJECT D,+,527.0,553.0,97.66
68695,JILIN GAOFEN OBJECT E,+,529.0,551.0,97.66
68696,JILIN GAOFEN OBJECT F,+,530.0,550.0,97.66
68697,JILIN GAOFEN OBJECT G,+,529.0,551.0,97.66
68698,JILIN GAOFEN OBJECT H,+,528.0,552.0,97.66
68699,STARLINK-37358,+,462.0,463.0,53.16
68700,STARLINK-37334,+,461.0,464.0,53.16
68701,STARLINK-36955,+,463.0,463.0,53.16
68702,STARLINK-36275,+,462.0,463.0,53.16
68703,STARLINK-36271,+,462.0,463.0,53.16
68704,STARLINK-37356,+,462.0,463.0,53.16
68705,STARLINK-35369,+,462.0,463.0,53.16
68706,STARLINK-37319,+,462.0,463.0,53.16
68707,STARLINK-37112,+,462.0,463.0,53.16
68708,STARLINK-37340,+,462.0,463.0,53.16
68709,STARLINK-37303,+,462.0,464.0,53.16
68710,STARLINK-36859,+,461.0,464.0,53.16
68711,STARLINK-37320,+,462.0,463.0,53.16
68712,STARLINK-37318,+,462.0,463.0,53.16
68713,STARLINK-37305,+,462.0,463.0,53.16
68714,STARLINK-37225,+,462.0,463.0,53.16
68715,STARLINK-37322,+,461.0,465.0,53.16
68716,STARLINK-36337,+,462.0,464.0,53.16
68717,STARLINK-36685,+,462.0,463.0,53.16
68718,STARLINK-36684,+,462.0,464.0,53.16
68719,STARLINK-36686,+,462.0,463.0,53.16
68720,STARLINK-36681,+,462.0,464.0,53.16
68721,STARLINK-36680,+,462.0,463.0,53.16
68722,STARLINK-37271,+,462.0,463.0,53.16
68723,STARLINK-37273,+,462.0,464.0,53.16
68724,STARLINK-37274,+,462.0,463.0,53.16
68725,STARLINK-37275,+,462.0,464.0,53.16
68726,STARLINK-37272,+,462.0,464.0,53.16
68727,STARLINK-37270,+,462.0,464.0,53.16
68728,STARLINK-37242,+,464.0,467.0,97.29
68729,STARLINK-37264,+,464.0,467.0,97.29
68730,STARLINK-37230,+,464.0,467.0,97.29
68731,STARLINK-37202,+,464.0,467.0,97.29
68732,STARLINK-37167,+,464.0,467.0,97.29
68733,STARLINK-37278,+,464.0,467.0,97.29
68734,STARLINK-37349,+,464.0,467.0,97.29
68735,STARLINK-37339,+,464.0,467.0,97.29
68736,STARLINK-37327,+,463.0,468.0,97.28
68737,STARLINK-37348,+,464.0,467.0,97.29
68738,STARLINK-37331,+,464.0,467.0,97.29
68739,STARLINK-37338,+,464.0,467.0,97.29
68740,STARLINK-37314,+,464.0,467.0,97.29
68741,STARLINK-36314,+,464.0,467.0,97.29
68742,STARLINK-37351,+,464.0,467.0,97.28
68743,STARLINK-37354,+,464.0,467.0,97.29
68744,STARLINK-37344,+,464.0,467.0,97.28
68745,STARLINK-37267,+,463.0,468.0,97.28
68746,STARLINK-37347,+,464.0,467.0,97.29
68747,STARLINK-37268,+,463.0,468.0,97.28
68748,STARLINK-37325,+,464.0,467.0,97.28
68749,STARLINK-37324,+,464.0,467.0,97.28
68750,STARLINK-37350,+,464.0,467.0,97.29
68751,STARLINK-37277,+,464.0,467.0,97.29
68752,STARLINK-37342,+,464.0,467.0,97.28
68754,COSMOS 2609,+,541.0,557.0,98.13
68758,COSMOS 2610,+,539.0,553.0,97.81
68759,COSMOS 2611,+,539.0,555.0,97.82
68760,DAQI-2,+,700.0,702.0,98.28
68762,COSMOS 2612,+,536.0,554.0,97.86
68763,COSMOS 2613,+,543.0,555.0,97.79
68764,COSMOS 2614,+,543.0,553.0,97.79
68766,STARLINK-37168,+,465.0,467.0,97.28
68767,STARLINK-37174,+,464.0,467.0,97.28
68768,STARLINK-37279,+,465.0,466.0,97.28
68769,STARLINK-36379,+,465.0,466.0,97.29
68770,STARLINK-37417,+,465.0,466.0,97.29
68771,STARLINK-36759,+,465.0,467.0,97.28
68772,STARLINK-37399,+,465.0,466.0,97.29
68773,STARLINK-37281,+,465.0,466.0,97.29
68774,STARLINK-37381,+,465.0,466.0,97.29
68775,STARLINK-37418,+,465.0,466.0,97.28
68776,STARLINK-37393,+,465.0,466.0,97.28
68777,STARLINK-37400,+,464.0,467.0,97.28
68778,STARLINK-37389,+,465.0,466.0,97.28
68779,STARLINK-37391,+,465.0,466.0,97.28
68780,STARLINK-37266,+,465.0,466.0,97.28
68781,STARLINK-37236,+,464.0,467.0,97.28
68782,STARLINK-37390,+,465.0,466.0,97.29
68783,STARLINK-37364,+,465.0,466.0,97.28
68784,STARLINK-37401,+,465.0,466.0,97.28
68785,STARLINK-37335,+,465.0,466.0,97.28
68786,STARLINK-37404,+,465.0,466.0,97.28
68787,STARLINK-37292,+,465.0,466.0,97.29
68788,STARLINK-37403,+,464.0,467.0,97.28
68789,STARLINK-37413,+,464.0,467.0,97.28
68790,STARLINK-37313,+,465.0,466.0,97.28
68792,FSI-SAT2,+,536.0,554.0,97.52
68793,KAKUSHIN RISING OBJECT B,+,534.0,554.0,97.52
68794,KAKUSHIN RISING OBJECT C,+,535.0,551.0,97.52
68795,ORIGAMISAT-2,+,526.0,546.0,97.51
68796,ARICA-2,+,529.0,550.0,97.51
68797,WASEDA-SAT-ZERO-II,+,528.0,549.0,97.51
68798,MAGNARO-II,+,526.0,551.0,97.52
68799,KAKUSHIN RISING OBJECT H,+,526.0,551.0,97.51
68802,STARLINK-37471,+,464.0,467.0,97.29
68803,STARLINK-37460,+,465.0,467.0,97.29
68804,STARLINK-37473,+,464.0,467.0,97.29
68805,STARLINK-36832,+,463.0,468.0,97.29
68806,STARLINK-37370,+,465.0,467.0,97.29
68807,STARLINK-37366,+,463.0,468.0,97.29
68808,STARLINK-37446,+,464.0,467.0,97.29
68809,STARLINK-37405,+,464.0,467.0,97.29
68810,STARLINK-37447,+,464.0,467.0,97.28
68811,STARLINK-37442,+,464.0,466.0,97.29
68812,STARLINK-37431,+,464.0,466.0,97.29
68813,STARLINK-37426,+,465.0,467.0,97.29
68814,STARLINK-37459,+,464.0,467.0,97.29
68815,STARLINK-37425,+,465.0,466.0,97.28
68816,STARLINK-37315,+,464.0,467.0,97.29
68817,STARLINK-37444,+,464.0,467.0,97.29
68818,STARLINK-37450,+,464.0,467.0,97.29
68819,STARLINK-37409,+,464.0,467.0,97.28
68820,STARLINK-37470,+,464.0,467.0,97.28
68821,STARLINK-37421,+,464.0,467.0,97.29
68822,STARLINK-37462,+,464.0,467.0,97.29
68823,STARLINK-37410,+,464.0,467.0,97.29
68824,STARLINK-37443,+,464.0,467.0,97.29
68825,STARLINK-37015,+,464.0,467.0,97.29
68826,COSMOS 2615,+,309.0,324.0,96.63
68827,COSMOS 2616,+,307.0,328.0,96.64
68828,COSMOS 2617,+,306.0,328.0,96.64
68829,COSMOS 2618,+,307.0,327.0,96.64
68830,MARS-1,+,506.0,507.0,97.46
68831,HJS-9A,+,501.0,515.0,55.0
68832,HJS-9B,+,501.0,515.0,55.0
68833,HJS-9C,+,503.0,513.0,55.0
68834,HJS-9D,+,500.0,515.0,55.0
68835,PRSC-E03,+,543.0,548.0,38.0
68836,BESSA,+,500.0,517.0,97.46
68839,STARLINK-37475,+,464.0,467.0,97.28
68840,STARLINK-37452,+,464.0,467.0,97.28
68841,STARLINK-37495,+,464.0,467.0,97.28
68842,STARLINK-37524,+,464.0,467.0,97.28
68843,STARLINK-37219,+,465.0,466.0,97.29
68844,STARLINK-37538,+,465.0,467.0,97.28
68845,STARLINK-37539,+,465.0,466.0,97.29
68846,STARLINK-37547,+,465.0,466.0,97.28
68847,STARLINK-37465,+,465.0,466.0,97.29
68848,STARLINK-37373,+,465.0,466.0,97.28
68849,STARLINK-37492,+,464.0,467.0,97.28
68850,STARLINK-37482,+,464.0,467.0,97.28
68851,STARLINK-37382,+,465.0,466.0,97.29
68852,STARLINK-37423,+,465.0,467.0,97.29
68853,STARLINK-37476,+,465.0,466.0,97.29
68854,STARLINK-37463,+,464.0,467.0,97.28
68855,STARLINK-37467,+,464.0,467.0,97.28
68856,STARLINK-37483,+,465.0,467.0,97.28
68857,STARLINK-37468,+,464.0,467.0,97.28
68858,STARLINK-37441,+,464.0,467.0,97.28
68859,STARLINK-37488,+,465.0,466.0,97.28
68860,STARLINK-37388,+,465.0,466.0,97.28
68861,STARLINK-37479,+,464.0,467.0,97.29
68862,STARLINK-37453,+,464.0,467.0,97.28
68863,STARLINK-37430,+,465.0,467.0,97.28
68864,KUIPER-00299,+,639.0,642.0,51.9
68865,KUIPER-00353,+,629.0,630.0,51.9
68866,KUIPER-00357,+,630.0,630.0,51.9
68867,KUIPER-00364,+,629.0,630.0,51.91
68868,KUIPER-00375,+,629.0,630.0,51.9
68869,KUIPER-00433,+,629.0,630.0,51.9
68870,KUIPER-00437,+,448.0,458.0,51.88
68871,KUIPER-00448,+,640.0,642.0,51.9
68872,KUIPER-00459,+,629.0,630.0,51.9
68873,KUIPER-00468,+,639.0,641.0,51.9
68874,KUIPER-00476,+,472.0,486.0,51.87
68875,KUIPER-00478,+,628.0,631.0,51.9
68876,KUIPER-00480,+,628.0,630.0,51.9
68877,KUIPER-00482,+,629.0,630.0,51.9
68878,KUIPER-00483,+,628.0,631.0,51.9
68879,KUIPER-00488,+,629.0,630.0,51.9
68880,KUIPER-00489,+,629.0,630.0,51.9
68881,KUIPER-00499,+,629.0,630.0,51.9
68882,KUIPER-00500,+,629.0,630.0,51.9
68883,KUIPER-00502,+,629.0,630.0,51.9
68884,KUIPER-00503,+,629.0,630.0,51.9
68885,KUIPER-00504,+,629.0,630.0,51.9
68886,KUIPER-00505,+,629.0,630.0,51.9
68887,KUIPER-00507,+,629.0,630.0,51.9
68888,KUIPER-00511,+,629.0,630.0,51.9
68889,KUIPER-00512,+,629.0,630.0,51.9
68890,KUIPER-00519,+,629.0,630.0,51.9
68891,KUIPER-00521,+,629.0,630.0,51.9
68892,KUIPER-00524,+,639.0,642.0,51.9
68895,STARLINK-37527,+,464.0,467.0,97.29
68896,STARLINK-37432,+,464.0,467.0,97.29
68897,STARLINK-37534,+,464.0,467.0,97.28
68898,STARLINK-37386,+,464.0,467.0,97.29
68899,STARLINK-37514,+,464.0,467.0,97.29
68900,STARLINK-36961,+,464.0,467.0,97.29
68901,STARLINK-37360,+,464.0,467.0,97.29
68902,STARLINK-37564,+,464.0,467.0,97.29
68903,STARLINK-37567,+,465.0,466.0,97.28
68904,STARLINK-37528,+,464.0,467.0,97.28
68905,STARLINK-37494,+,465.0,467.0,97.28
68906,STARLINK-37541,+,464.0,467.0,97.29
68907,STARLINK-37551,+,465.0,466.0,97.29
68908,STARLINK-37566,+,464.0,467.0,97.29
68909,STARLINK-37544,+,464.0,467.0,97.29
68910,STARLINK-37493,+,464.0,467.0,97.29
68911,STARLINK-37543,+,464.0,467.0,97.29
68912,STARLINK-37477,+,464.0,467.0,97.29
68913,STARLINK-37504,+,464.0,467.0,97.29
68914,STARLINK-37540,+,464.0,467.0,97.29
68915,STARLINK-37516,+,464.0,467.0,97.28
68916,STARLINK-37507,+,464.0,467.0,97.29
68917,STARLINK-37542,+,464.0,467.0,97.29
68918,STARLINK-37529,+,465.0,467.0,97.28
68919,KUIPER-00370,+,629.0,630.0,51.9
68920,KUIPER-00380,+,635.0,637.0,51.9
68921,KUIPER-00386,+,629.0,630.0,51.9
68922,KUIPER-00388,+,629.0,630.0,51.9
68923,KUIPER-00405,+,628.0,631.0,51.9
68924,KUIPER-00408,+,629.0,630.0,51.9
68925,KUIPER-00409,+,629.0,630.0,51.9
68926,KUIPER-00410,+,628.0,631.0,51.9
68927,KUIPER-00412,+,628.0,630.0,51.9
68928,KUIPER-00413,+,628.0,631.0,51.9
68929,KUIPER-00414,+,627.0,632.0,51.9
68930,KUIPER-00415,+,628.0,631.0,51.9
68931,KUIPER-00416,+,614.0,615.0,51.92
68932,KUIPER-00420,+,622.0,625.0,51.9
68933,KUIPER-00421,+,629.0,630.0,51.9
68934,KUIPER-00425,+,629.0,630.0,51.9
68935,KUIPER-00430,+,628.0,631.0,51.9
68936,KUIPER-00431,+,629.0,630.0,51.9
68937,KUIPER-00432,+,629.0,630.0,51.9
68938,KUIPER-00434,+,639.0,642.0,51.9
68939,KUIPER-00436,+,629.0,630.0,51.9
68940,KUIPER-00438,+,629.0,630.0,51.9
68941,KUIPER-00439,+,629.0,630.0,51.9
68942,KUIPER-00440,+,620.0,626.0,51.9
68943,KUIPER-00442,+,639.0,642.0,51.9
68944,KUIPER-00446,+,629.0,631.0,51.9
68945,KUIPER-00451,+,629.0,630.0,51.9
68946,KUIPER-00452,+,629.0,630.0,51.9
68947,KUIPER-00453,+,627.0,632.0,51.9
68948,KUIPER-00454,+,639.0,642.0,51.9
68949,KUIPER-00455,+,628.0,631.0,51.9
68950,KUIPER-00458,+,634.0,636.0,51.9
68951,STARLINK-37258,+,462.0,463.0,53.16
68952,STARLINK-37308,+,462.0,464.0,53.16
68953,STARLINK-37337,+,462.0,464.0,53.16
68954,STARLINK-37301,+,462.0,464.0,53.16
68955,STARLINK-36794,+,462.0,463.0,53.16
68956,STARLINK-36760,+,462.0,464.0,53.16
68957,STARLINK-37047,+,462.0,463.0,53.16
68958,STARLINK-36242,+,462.0,463.0,53.16
68959,STARLINK-37033,+,462.0,464.0,53.15
68960,STARLINK-36978,+,462.0,464.0,53.16
68961,STARLINK-36965,+,462.0,464.0,53.16
68962,STARLINK-36765,+,462.0,464.0,53.16
68963,STARLINK-36764,+,461.0,465.0,53.16
68964,STARLINK-36731,+,461.0,464.0,53.15
68965,STARLINK-36664,+,462.0,463.0,53.16
68966,STARLINK-36402,+,462.0,463.0,53.16
68967,STARLINK-36671,+,462.0,463.0,53.16
68968,STARLINK-36665,+,462.0,464.0,53.15
68969,STARLINK-36303,+,462.0,464.0,53.16
68970,STARLINK-37257,+,462.0,463.0,53.16
68971,STARLINK-37367,+,462.0,463.0,53.16
68972,STARLINK-37259,+,462.0,464.0,53.16
68973,STARLINK-37387,+,462.0,463.0,53.16
68974,STARLINK-37362,+,462.0,464.0,53.16
68975,STARLINK-36667,+,462.0,463.0,53.16
68976,STARLINK-36735,+,462.0,463.0,53.16
68977,STARLINK-37371,+,462.0,464.0,53.16
68978,STARLINK-37293,+,462.0,463.0,53.16
68979,STARLINK-36248,+,462.0,463.0,53.16
68980,PEARL-1B,+,591.0,600.0,97.73
68981,IRIDE-MS2-HEO-7,+,592.0,597.0,97.73
68982,IRIDE-MS2-HEO-10,+,592.0,596.0,97.72
68983,IRIDE-MS2-HEO-11,+,593.0,596.0,97.73
68984,IRIDE-MS2-HEO-12,+,593.0,597.0,97.72
68985,IRIDE-MS2-HEO-13,+,592.0,593.0,97.73
68986,IRIDE-MS2-HEO-14,+,592.0,593.0,97.73
68987,IRIDE-MS2-HEO-15,+,592.0,592.0,97.72
68988,FOREST-17 (TELPERION),+,586.0,592.0,97.72
68989,CAS500-2 RIDESHARE OBJECT K,+,591.0,598.0,97.73
68990,PEARL-1A,+,591.0,597.0,97.72
68991,YAM-11,+,595.0,598.0,97.78
68992,YAM-16,+,592.0,594.0,97.73
68993,YAM-13,+,596.0,598.0,97.78
68994,NULINK-2,+,588.0,591.0,97.72
68995,ICEYE-X78,+,592.0,593.0,97.73
68996,ICEYE-X82,+,591.0,595.0,97.73
68997,YAM-15,+,595.0,598.0,97.78
68998,FOREST-16 (SOWITASGOHT),+,587.0,591.0,97.73
68999,FOREST-18 (MANGOSHRIKHAND),+,588.0,590.0,97.72
69000,GEMINI-POLLUX,+,589.0,592.0,97.72
69001,FOREST-19 (PATADASTRA),+,587.0,591.0,97.73
69002,NULINK-1,+,587.0,591.0,97.73
69003,YAM-12,+,595.0,598.0,97.78
69004,GEN1A-1,+,501.0,508.0,97.4
69005,GEN1A-2,+,499.0,508.0,97.39
69006,JEN-1,+,496.0,513.0,97.4
69007,BRO-21,+,495.0,506.0,97.4
69008,YAM-14,+,595.0,598.0,97.78
69009,CAS500-2 RIDESHARE OBJECT AF,+,497.0,506.0,97.39
69010,DRISHTI,+,499.0,508.0,97.39
69011,EYCORE-1,+,499.0,506.0,97.4
69012,JACKAL-004,+,495.0,509.0,97.46
69013,CAS500-2,+,497.0,512.0,97.38
69014,CAS500-2 RIDESHARE OBJECT AL,+,497.0,505.0,97.4
69015,FRONTIERSAT,+,492.0,504.0,97.39
69016,RAVEN,+,495.0,506.0,97.39
69017,PELICAN-7,+,492.0,494.0,97.37
69018,EDDA-1,+,487.0,490.0,97.35
69019,PELICAN-9,+,487.0,493.0,97.31
69020,SELENE,+,500.0,508.0,97.39
69021,HELIOS,+,499.0,508.0,97.39
69022,HYDRA-3,+,500.0,509.0,97.39
69023,QUBE-II,+,499.0,506.0,97.4
69024,BALKAN-2,+,501.0,507.0,97.4
69025,STARLINK-37592,+,465.0,467.0,97.29
69026,STARLINK-37637,+,464.0,467.0,97.29
69027,STARLINK-37548,+,464.0,467.0,97.28
69028,STARLINK-37634,+,464.0,467.0,97.29
69029,STARLINK-37635,+,464.0,467.0,97.29
69030,STARLINK-37615,+,464.0,467.0,97.29
69031,STARLINK-37240,+,464.0,467.0,97.28
69032,STARLINK-37596,+,464.0,467.0,97.28
69033,STARLINK-37591,+,464.0,467.0,97.29
69034,STARLINK-37611,+,464.0,467.0,97.29
69035,STARLINK-37512,+,464.0,467.0,97.29
69036,STARLINK-37609,+,463.0,468.0,97.29
69037,STARLINK-37608,+,464.0,467.0,97.29
69038,STARLINK-37466,+,464.0,467.0,97.29
69039,STARLINK-37612,+,464.0,467.0,97.28
69040,STARLINK-37616,+,464.0,467.0,97.29
69041,STARLINK-37614,+,464.0,467.0,97.29
69042,STARLINK-37644,+,464.0,467.0,97.29
69043,STARLINK-37571,+,464.0,467.0,97.29
69044,STARLINK-37664,+,464.0,467.0,97.28
69045,STARLINK-37667,+,464.0,467.0,97.29
69046,STARLINK-37666,+,464.0,467.0,97.29
69047,STARLINK-37576,+,464.0,467.0,97.29
69048,STARLINK-37663,+,464.0,467.0,97.29
69051,USA 586,+,512.0,517.0,70.03
69052,USA 587,+,514.0,520.0,70.03
69053,USA 588,+,286.0,299.0,69.99
69054,USA 589,+,288.0,297.0,70.0
69055,USA 590,+,287.0,299.0,70.0
69056,USA 591,+,286.0,291.0,69.99
69057,USA 592,+,348.0,353.0,70.03
69058,USA 593,+,291.0,297.0,69.99
69059,USA 594,+,349.0,353.0,70.03
69060,USA 595,+,348.0,353.0,70.03
69061,USA 596,+,436.0,441.0,70.03
69062,USA 597,+,280.0,294.0,70.0
69063,USA 598,+,285.0,298.0,69.99
69064,USA 599,+,348.0,353.0,70.03
69065,USA 600,+,514.0,520.0,70.03
69066,USA 601,+,286.0,301.0,70.0
69067,USA 602,+,293.0,297.0,70.0
69068,USA 603,+,267.0,329.0,69.98
69069,USA 604,+,292.0,304.0,69.99
69070,USA 605,+,512.0,517.0,70.03
69071,USA 606,+,515.0,519.0,70.03
69072,USA 607,+,348.0,353.0,70.03
69073,QIANFAN-127,+,1067.0,1070.0,88.99
69074,QIANFAN-128,+,1067.0,1070.0,88.99
69075,QIANFAN-129,+,1067.0,1070.0,88.99
69076,QIANFAN-130,+,1067.0,1070.0,88.99
69077,QIANFAN-131,+,1067.0,1070.0,88.99
69078,QIANFAN-132,+,1067.0,1070.0,88.99
69079,QIANFAN-133,+,1067.0,1070.0,88.99
69080,QIANFAN-134,+,1067.0,1070.0,88.99
69081,QIANFAN-135,+,1067.0,1070.0,88.99
69082,QIANFAN-136,+,1067.0,1070.0,88.99
69083,QIANFAN-137,+,1067.0,1070.0,88.99
69084,QIANFAN-138,+,1067.0,1070.0,88.99
69085,QIANFAN-139,+,1067.0,1070.0,88.99
69086,QIANFAN-140,+,1067.0,1070.0,88.99
69087,QIANFAN-141,+,1067.0,1070.0,88.99
69088,QIANFAN-142,+,1067.0,1070.0,88.99
69089,QIANFAN-143,+,1067.0,1070.0,88.99
6909,NNSS 20 (TRANSIT 20),,879.0,1109.0,89.86
69090,QIANFAN-144,+,1067.0,1070.0,88.99
69097,OBJECT A,+,522.0,539.0,97.51
69098,OBJECT B,+,527.0,545.0,97.5
69099,OBJECT C,+,522.0,539.0,97.51
69100,OBJECT D,+,524.0,527.0,97.51
69101,OBJECT E,+,519.0,540.0,97.5
69104,QIANFAN-145,+,1067.0,1070.0,89.02
69105,QIANFAN-146,+,1058.0,1086.0,89.02
69106,QIANFAN-147,+,1067.0,1070.0,89.02
69107,QIANFAN-148,+,1067.0,1070.0,89.01
69108,QIANFAN-149,+,1067.0,1070.0,89.01
69109,QIANFAN-150,+,1067.0,1070.0,89.02
69110,QIANFAN-151,+,1067.0,1070.0,89.02
69111,QIANFAN-152,+,1067.0,1070.0,89.01
69112,QIANFAN-153,+,1067.0,1070.0,89.01
69113,QIANFAN-154,+,1067.0,1070.0,89.02
69114,QIANFAN-155,+,1067.0,1070.0,89.02
69115,QIANFAN-156,+,1067.0,1070.0,89.02
69116,QIANFAN-157,+,1065.0,1095.0,89.01
69117,QIANFAN-158,+,1067.0,1070.0,89.02
69118,QIANFAN-159,+,1067.0,1070.0,89.01
69119,QIANFAN-160,+,1067.0,1070.0,89.02
69120,QIANFAN-161,+,1067.0,1070.0,89.02
69121,QIANFAN-162,+,1067.0,1070.0,89.02
69124,STARLINK-37726,+,465.0,466.0,97.28
69125,STARLINK-37722,+,464.0,467.0,97.29
69126,STARLINK-37715,+,464.0,467.0,97.29
69127,STARLINK-37706,+,464.0,467.0,97.29
69128,STARLINK-37723,+,464.0,467.0,97.29
69129,STARLINK-37720,+,464.0,467.0,97.29
69130,STARLINK-37533,+,464.0,467.0,97.29
69131,STARLINK-37530,+,465.0,466.0,97.29
69132,STARLINK-37660,+,464.0,467.0,97.29
69133,STARLINK-37633,+,464.0,467.0,97.28
69134,STARLINK-37361,+,464.0,467.0,97.29
69135,STARLINK-37372,+,465.0,467.0,97.29
69136,STARLINK-37531,+,465.0,467.0,97.29
69137,STARLINK-37662,+,465.0,466.0,97.29
69138,STARLINK-37658,+,464.0,467.0,97.29
69139,STARLINK-37659,+,464.0,467.0,97.29
69140,STARLINK-37653,+,464.0,467.0,97.28
69141,STARLINK-37654,+,464.0,467.0,97.29
69142,STARLINK-37655,+,464.0,467.0,97.29
69143,STARLINK-37636,+,465.0,466.0,97.29
69144,STARLINK-37638,+,465.0,466.0,97.29
69145,STARLINK-37657,+,464.0,467.0,97.29
69146,STARLINK-37639,+,464.0,467.0,97.29
69147,STARLINK-37661,+,464.0,467.0,97.28
69148,STARLINK-37395,+,462.0,464.0,53.16
69149,STARLINK-37346,+,462.0,464.0,53.16
69150,STARLINK-37332,+,462.0,464.0,53.16
69151,STARLINK-37297,+,462.0,464.0,53.16
69152,STARLINK-37317,+,462.0,464.0,53.16
69153,STARLINK-37374,+,462.0,464.0,53.16
69154,STARLINK-37235,+,462.0,464.0,53.16
69155,STARLINK-37329,+,462.0,464.0,53.16
69156,STARLINK-37345,+,462.0,464.0,53.16
69157,STARLINK-37353,+,462.0,464.0,53.16
69158,STARLINK-37363,+,462.0,464.0,53.16
69159,STARLINK-37343,+,461.0,464.0,53.16
69160,STARLINK-37328,+,462.0,464.0,53.16
69161,STARLINK-37311,+,462.0,464.0,53.16
69162,STARLINK-36286,+,462.0,464.0,53.16
69163,STARLINK-37196,+,462.0,464.0,53.16
69164,STARLINK-36288,+,462.0,464.0,53.16
69165,STARLINK-37445,+,462.0,464.0,53.16
69166,STARLINK-37491,+,462.0,464.0,53.15
69167,STARLINK-37474,+,462.0,464.0,53.16
69168,STARLINK-37469,+,462.0,464.0,53.16
69169,STARLINK-37515,+,462.0,464.0,53.16
69170,STARLINK-37437,+,462.0,464.0,53.16
69171,STARLINK-37392,+,462.0,463.0,53.16
69172,STARLINK-37472,+,462.0,463.0,53.16
69173,STARLINK-37461,+,462.0,463.0,53.16
69174,STARLINK-37333,+,462.0,463.0,53.16
69175,STARLINK-37385,+,461.0,464.0,53.16
69176,STARLINK-37414,+,462.0,463.0,53.16
69177,STRIX-7,+,545.0,578.0,44.91
69182,STARLINK-37380,+,462.0,463.0,53.16
69183,STARLINK-37089,+,462.0,463.0,53.16
69184,STARLINK-37428,+,462.0,464.0,53.16
69185,STARLINK-37237,+,460.0,465.0,53.16
69186,STARLINK-37365,+,462.0,464.0,53.16
69187,STARLINK-37209,+,462.0,463.0,53.16
69188,STARLINK-37359,+,462.0,463.0,53.16
69189,STARLINK-37440,+,461.0,464.0,53.16
69190,STARLINK-37282,+,462.0,464.0,53.16
69191,STARLINK-37422,+,462.0,464.0,53.16
69192,STARLINK-37424,+,462.0,463.0,53.15
69193,STARLINK-36666,+,462.0,463.0,53.16
69194,STARLINK-37355,+,462.0,463.0,53.16
69195,STARLINK-37166,+,462.0,464.0,53.16
69196,STARLINK-36933,+,462.0,463.0,53.16
69197,STARLINK-37419,+,461.0,464.0,53.16
69198,STARLINK-37321,+,461.0,464.0,53.15
69199,STARLINK-37406,+,462.0,463.0,53.16
6920,NOAA 3,-,1500.0,1510.0,102.29
69200,STARLINK-37761,+,462.0,463.0,53.16
69201,STARLINK-37754,+,462.0,464.0,53.15
69202,STARLINK-37649,+,462.0,463.0,53.16
69203,STARLINK-37604,+,462.0,463.0,53.16
69204,STARLINK-37669,+,462.0,464.0,53.16
69205,STARLINK-37691,+,462.0,464.0,53.16
69206,STARLINK-37671,+,462.0,463.0,53.16
69207,STARLINK-37647,+,462.0,464.0,53.15
69208,STARLINK-37562,+,462.0,463.0,53.16
69209,STARLINK-37682,+,462.0,463.0,53.16
69210,STARLINK-37402,+,462.0,464.0,53.15
69211,STARLINK-37613,+,465.0,466.0,97.28
69212,STARLINK-37713,+,465.0,466.0,97.29
69213,STARLINK-37716,+,465.0,466.0,97.29
69214,STARLINK-37620,+,464.0,467.0,97.28
69215,STARLINK-37700,+,465.0,466.0,97.29
69216,STARLINK-37766,+,465.0,466.0,97.29
69217,STARLINK-37763,+,465.0,466.0,97.29
69218,STARLINK-37724,+,465.0,466.0,97.29
69219,STARLINK-37758,+,465.0,466.0,97.29
69220,STARLINK-37201,+,465.0,466.0,97.29
69221,STARLINK-37728,+,464.0,467.0,97.28
69222,STARLINK-37760,+,465.0,466.0,97.29
69223,STARLINK-37759,+,465.0,466.0,97.29
69224,STARLINK-37725,+,465.0,466.0,97.29
69225,STARLINK-37770,+,465.0,466.0,97.29
69226,STARLINK-37736,+,465.0,466.0,97.29
69227,STARLINK-37737,+,465.0,466.0,97.29
69228,STARLINK-37618,+,465.0,466.0,97.29
69229,STARLINK-37679,+,465.0,466.0,97.29
69230,STARLINK-37746,+,464.0,467.0,97.29
69231,STARLINK-37557,+,465.0,466.0,97.28
69232,STARLINK-37745,+,465.0,466.0,97.29
69233,STARLINK-37739,+,464.0,467.0,97.28
69234,STARLINK-37755,+,465.0,466.0,97.29
69238,STARLINK-37665,+,462.0,464.0,53.16
69239,STARLINK-37558,+,465.0,466.0,53.16
69240,STARLINK-37680,+,462.0,463.0,53.16
69241,STARLINK-37742,+,462.0,463.0,53.16
69242,STARLINK-37718,+,462.0,463.0,53.16
69243,STARLINK-37735,+,461.0,465.0,53.15
69244,STARLINK-37757,+,462.0,464.0,53.16
69245,STARLINK-37767,+,462.0,463.0,53.16
69246,STARLINK-35759,+,462.0,464.0,53.16
69247,STARLINK-37238,+,462.0,464.0,53.16
69248,STARLINK-37412,+,462.0,464.0,53.16
69249,STARLINK-37398,+,462.0,464.0,53.16
69250,STARLINK-37499,+,462.0,463.0,53.16
69251,STARLINK-37489,+,462.0,463.0,53.16
69252,STARLINK-37434,+,462.0,463.0,53.16
69253,STARLINK-37368,+,465.0,466.0,53.16
69254,STARLINK-37517,+,462.0,464.0,53.16
69255,STARLINK-37378,+,462.0,463.0,53.16
69256,STARLINK-37396,+,462.0,463.0,53.16
69257,STARLINK-37508,+,462.0,464.0,53.16
69258,STARLINK-37276,+,462.0,463.0,53.16
69259,STARLINK-37518,+,462.0,463.0,53.16
69260,STARLINK-37478,+,462.0,463.0,53.16
69261,STARLINK-37506,+,461.0,464.0,53.16
69262,STARLINK-37503,+,462.0,463.0,53.16
69263,STARLINK-37502,+,462.0,463.0,53.16
69264,STARLINK-37486,+,462.0,464.0,53.16
69265,STARLINK-37435,+,462.0,463.0,53.16
69266,STARLINK-37464,+,462.0,463.0,53.16
69267,KUIPER-00282,+,628.0,631.0,51.9
69268,KUIPER-00383,+,629.0,630.0,51.9
69269,KUIPER-00527,+,629.0,630.0,51.9
69270,KUIPER-00562,+,606.0,613.0,51.9
69271,KUIPER-00570,+,629.0,630.0,51.9
69272,KUIPER-00572,+,638.0,641.0,51.9
69273,KUIPER-00581,+,627.0,632.0,51.9
69274,KUIPER-00584,+,629.0,630.0,51.9
69275,KUIPER-00587,+,640.0,640.0,51.9
69276,KUIPER-00590,+,628.0,631.0,51.9
69277,KUIPER-00592,+,639.0,642.0,51.9
69278,KUIPER-00593,+,505.0,509.0,51.88
69279,KUIPER-00594,+,591.0,595.0,51.9
69280,KUIPER-00595,+,503.0,504.0,51.88
69281,KUIPER-00596,+,629.0,630.0,51.9
69282,KUIPER-00597,+,531.0,540.0,51.88
69283,KUIPER-00599,+,629.0,631.0,51.9
69284,KUIPER-00600,+,531.0,541.0,51.88
69285,KUIPER-00601,+,629.0,630.0,51.9
69286,KUIPER-00602,+,628.0,631.0,51.9
69287,KUIPER-00603,+,629.0,630.0,51.9
69288,KUIPER-00605,+,629.0,630.0,51.9
69289,KUIPER-00606,+,629.0,630.0,51.9
69290,KUIPER-00607,+,538.0,548.0,51.88
69291,KUIPER-00608,+,541.0,555.0,51.88
69292,KUIPER-00610,+,639.0,642.0,51.9
69293,KUIPER-00613,+,629.0,630.0,51.9
69294,KUIPER-00618,+,618.0,619.0,51.9
69295,KUIPER-00620,+,629.0,630.0,51.9
69296,STARLINK-37501,+,465.0,467.0,97.28
69297,STARLINK-37496,+,465.0,466.0,97.29
69298,STARLINK-37519,+,465.0,467.0,97.28
69299,STARLINK-37455,+,465.0,466.0,97.29
69300,STARLINK-37456,+,465.0,466.0,97.29
69301,STARLINK-37630,+,465.0,466.0,97.29
69302,STARLINK-37804,+,465.0,466.0,97.29
69303,STARLINK-37730,+,465.0,466.0,97.28
69304,STARLINK-37731,+,465.0,466.0,97.28
69305,STARLINK-37734,+,465.0,466.0,97.28
69306,STARLINK-37701,+,464.0,467.0,97.29
69307,STARLINK-37732,+,464.0,467.0,97.28
69308,STARLINK-37689,+,465.0,466.0,97.28
69309,STARLINK-37619,+,464.0,467.0,97.29
69310,STARLINK-37794,+,464.0,467.0,97.28
69311,STARLINK-37795,+,465.0,466.0,97.29
69312,STARLINK-37790,+,465.0,466.0,97.29
69313,STARLINK-37676,+,465.0,466.0,97.29
69314,STARLINK-37617,+,465.0,466.0,97.29
69315,STARLINK-37627,+,465.0,466.0,97.29
69316,STARLINK-37738,+,465.0,466.0,97.29
69317,STARLINK-37799,+,465.0,466.0,97.29
69318,STARLINK-37802,+,465.0,466.0,97.29
69319,STARLINK-37803,+,465.0,466.0,97.28
69320,GUOWANG TEST OBJECT A,+,490.0,509.0,55.0
69321,GUOWANG TEST OBJECT B,+,455.0,471.0,55.0
69322,GUOWANG TEST OBJECT C,+,446.0,465.0,55.0
69323,GUOWANG TEST OBJECT D,+,481.0,500.0,55.0
69325,QIANFAN-163,+,1067.0,1069.0,89.01
69326,QIANFAN-164,+,1067.0,1070.0,89.01
69328,SZ-22 MODULE,+,376.0,385.0,41.48
69329,STARLINK-37733,+,465.0,467.0,97.28
69330,STARLINK-37772,+,465.0,466.0,97.28
69331,STARLINK-37768,+,464.0,467.0,97.28
69332,STARLINK-37833,+,465.0,466.0,97.28
69333,STARLINK-37818,+,465.0,466.0,97.28
69334,STARLINK-37868,+,465.0,466.0,97.29
69335,STARLINK-37877,+,465.0,466.0,97.29
69336,STARLINK-37791,+,465.0,467.0,97.28
69337,STARLINK-37765,+,465.0,466.0,97.28
69338,STARLINK-37788,+,464.0,467.0,97.28
69339,STARLINK-37743,+,464.0,467.0,97.28
69340,STARLINK-37780,+,465.0,466.0,97.28
69341,STARLINK-37781,+,465.0,466.0,97.29
69342,STARLINK-37782,+,464.0,467.0,97.28
69343,STARLINK-37776,+,465.0,466.0,97.29
69344,STARLINK-37786,+,465.0,466.0,97.28
69345,STARLINK-37785,+,465.0,467.0,97.28
69346,STARLINK-37773,+,465.0,467.0,97.29
69347,STARLINK-37744,+,464.0,467.0,97.29
69348,STARLINK-37775,+,465.0,467.0,97.28
69349,STARLINK-37777,+,464.0,467.0,97.28
69350,STARLINK-37779,+,465.0,466.0,97.29
69351,STARLINK-37549,+,465.0,466.0,97.28
69352,STARLINK-37778,+,465.0,466.0,97.28
69353,STARLINK-37651,+,459.0,461.0,53.16
69354,STARLINK-37652,+,459.0,460.0,53.15
69355,STARLINK-37593,+,460.0,463.0,53.16
69356,STARLINK-37597,+,459.0,460.0,53.16
69357,STARLINK-37598,+,460.0,463.0,53.16
69358,STARLINK-37602,+,462.0,463.0,53.16
69359,STARLINK-37600,+,459.0,460.0,53.16
69360,STARLINK-37599,+,462.0,464.0,53.16
69361,STARLINK-37039,+,459.0,461.0,53.16
69362,STARLINK-37040,+,462.0,464.0,53.16
69363,STARLINK-37582,+,458.0,461.0,53.16
69364,STARLINK-37309,+,459.0,460.0,53.16
69365,STARLINK-37436,+,459.0,461.0,53.16
69366,STARLINK-37581,+,462.0,463.0,53.16
69367,STARLINK-37683,+,458.0,461.0,53.16
69368,STARLINK-37687,+,462.0,464.0,53.16
69369,STARLINK-37631,+,459.0,460.0,53.16
69370,STARLINK-37673,+,460.0,460.0,53.16
69371,STARLINK-37645,+,459.0,460.0,53.16
69372,STARLINK-37688,+,459.0,460.0,53.16
69373,STARLINK-37685,+,462.0,463.0,53.16
69374,STARLINK-37632,+,462.0,463.0,53.16
69375,STARLINK-37454,+,459.0,460.0,53.16
69376,STARLINK-37485,+,462.0,464.0,53.16
69377,STARLINK-37439,+,459.0,460.0,53.16
69378,STARLINK-37376,+,458.0,462.0,53.15
69379,STARLINK-37383,+,462.0,464.0,53.16
6938,OPS 6630 (2),,1415.0,1454.0,96.94
69380,STARLINK-37411,+,462.0,464.0,53.16
69381,STARLINK-37427,+,462.0,463.0,53.16
69382,QIANFAN-165,+,1067.0,1070.0,89.01
69383,QIANFAN-166,+,1067.0,1070.0,89.01
69384,QIANFAN-167,+,1067.0,1070.0,89.0
69385,QIANFAN-168,+,1067.0,1070.0,89.0
69386,QIANFAN-169,+,1059.0,1078.0,89.0
69387,QIANFAN-170,+,1081.0,1087.0,89.0
69388,QIANFAN-171,+,1062.0,1074.0,89.01
69389,QIANFAN-172,+,1067.0,1070.0,89.01
69390,QIANFAN-173,+,1061.0,1076.0,89.0
69391,QIANFAN-174,+,1075.0,1095.0,89.0
69392,QIANFAN-175,+,1067.0,1070.0,89.01
69393,QIANFAN-176,+,1072.0,1078.0,89.0
69394,QIANFAN-177,+,1064.0,1081.0,89.0
69395,QIANFAN-178,+,1070.0,1091.0,89.0
69396,QIANFAN-179,+,1071.0,1091.0,89.0
69397,QIANFAN-180,+,1060.0,1077.0,89.0
69398,QIANFAN-181,+,1067.0,1078.0,89.01
69399,QIANFAN-182,+,1067.0,1070.0,89.0
694,ATLAS CENTAUR 2,,456.0,1245.0,30.35
69401,QIANFAN-183,+,1067.0,1070.0,88.99
69402,QIANFAN-184,+,1054.0,1083.0,88.99
69403,QIANFAN-185,+,1038.0,1072.0,88.99
69404,QIANFAN-186,+,1053.0,1084.0,88.99
69405,QIANFAN-187,+,1049.0,1083.0,88.99
69406,QIANFAN-188,+,1071.0,1082.0,88.99
69407,QIANFAN-189,+,1067.0,1070.0,88.99
69408,QIANFAN-190,+,1067.0,1070.0,88.99
69409,QIANFAN-191,+,1065.0,1073.0,88.99
69410,QIANFAN-192,+,1067.0,1070.0,88.99
69411,QIANFAN-193,+,1065.0,1072.0,88.99
69412,QIANFAN-194,+,1067.0,1070.0,88.99
69413,QIANFAN-195,+,1054.0,1090.0,88.99
69414,QIANFAN-196,+,1062.0,1075.0,88.99
69415,QIANFAN-197,+,1066.0,1071.0,88.99
69416,QIANFAN-198,+,1067.0,1070.0,88.99
69417,QIANFAN-199,+,1030.0,1062.0,88.99
69418,QIANFAN-200,+,1067.0,1070.0,88.99
69420,STARLINK-37537,+,464.0,467.0,97.29
69421,STARLINK-37585,+,464.0,467.0,97.28
69422,STARLINK-37573,+,464.0,467.0,97.29
69423,STARLINK-37820,+,464.0,467.0,97.29
69424,STARLINK-37822,+,464.0,467.0,97.29
69425,STARLINK-37836,+,464.0,467.0,97.29
69426,STARLINK-37850,+,464.0,467.0,97.29
69427,STARLINK-37823,+,464.0,467.0,97.29
69428,STARLINK-37834,+,464.0,467.0,97.28
69429,STARLINK-37857,+,464.0,467.0,97.29
69430,STARLINK-37866,+,464.0,467.0,97.29
69431,STARLINK-37555,+,464.0,467.0,97.29
69432,STARLINK-37870,+,464.0,467.0,97.29
69433,STARLINK-37872,+,464.0,467.0,97.29
69434,STARLINK-37815,+,464.0,467.0,97.28
69435,STARLINK-37801,+,464.0,467.0,97.28
69436,STARLINK-37800,+,464.0,467.0,97.28
69437,STARLINK-37792,+,464.0,467.0,97.29
69438,STARLINK-37783,+,464.0,467.0,97.29
69439,STARLINK-37771,+,463.0,468.0,97.28
69440,STARLINK-37747,+,464.0,467.0,97.29
69441,USA 608,+,317.0,326.0,97.28
69442,USA 609,+,316.0,325.0,97.28
69443,STARLINK-37629,+,462.0,463.0,53.16
69444,STARLINK-37509,+,459.0,460.0,53.16
69445,STARLINK-37641,+,461.0,464.0,53.16
69446,STARLINK-37522,+,461.0,464.0,53.16
69447,STARLINK-37640,+,462.0,464.0,53.16
69448,STARLINK-37572,+,462.0,463.0,53.16
69449,STARLINK-37643,+,462.0,463.0,53.16
69450,STARLINK-37601,+,462.0,463.0,53.16
69451,STARLINK-37578,+,460.0,464.0,53.16
69452,STARLINK-37577,+,462.0,464.0,53.16
69453,STARLINK-37500,+,462.0,464.0,53.16
69454,STARLINK-37575,+,462.0,463.0,53.16
69455,STARLINK-37642,+,462.0,463.0,53.16
69456,STARLINK-37513,+,462.0,463.0,53.16
69457,STARLINK-37563,+,462.0,463.0,53.16
69458,STARLINK-37565,+,462.0,463.0,53.16
69459,STARLINK-37498,+,462.0,463.0,53.16
69460,STARLINK-37384,+,462.0,463.0,53.16
69461,STARLINK-37707,+,462.0,464.0,53.16
69462,STARLINK-37525,+,461.0,464.0,53.16
69463,STARLINK-37526,+,462.0,463.0,53.16
69464,STARLINK-37574,+,462.0,464.0,53.16
69465,STARLINK-37535,+,462.0,464.0,53.16
69466,STARLINK-37583,+,462.0,463.0,53.16
69467,STARLINK-37546,+,462.0,463.0,53.16
69468,STARLINK-37532,+,459.0,460.0,53.16
69469,STARLINK-37708,+,462.0,463.0,53.16
69470,STARLINK-37686,+,461.0,464.0,53.16
69471,STARLINK-37451,+,461.0,465.0,53.16
69472,DTC TEST OBJECT A,+,390.0,407.0,54.99
69473,DTC TEST OBJECT B,+,392.0,411.0,55.0
69478,STARLINK-37816,+,465.0,466.0,97.29
69479,STARLINK-37878,+,465.0,467.0,97.29
69480,STARLINK-37817,+,465.0,466.0,97.29
69481,STARLINK-37727,+,465.0,466.0,97.28
69482,STARLINK-37814,+,465.0,467.0,97.28
69483,STARLINK-37869,+,465.0,466.0,97.29
69484,STARLINK-37873,+,464.0,467.0,97.29
69485,STARLINK-37892,+,465.0,466.0,97.28
69486,STARLINK-37893,+,464.0,467.0,97.29
69487,STARLINK-37842,+,465.0,466.0,97.29
69488,STARLINK-37449,+,465.0,466.0,97.29
69489,STARLINK-37831,+,465.0,466.0,97.29
69490,STARLINK-37879,+,465.0,466.0,97.29
69491,STARLINK-37856,+,465.0,466.0,97.29
69492,STARLINK-37568,+,465.0,466.0,97.29
69493,STARLINK-37855,+,465.0,467.0,97.28
69494,STARLINK-37854,+,464.0,467.0,97.28
69495,STARLINK-37789,+,465.0,466.0,97.29
69496,STARLINK-37839,+,465.0,466.0,97.29
69497,STARLINK-37798,+,465.0,466.0,97.29
69498,STARLINK-37853,+,354.0,357.0,97.28
69499,STARLINK-37849,+,465.0,466.0,97.29
69500,STARLINK-37835,+,464.0,467.0,97.29
69501,STARLINK-37843,+,465.0,466.0,97.28
69502,STARS-X,+,560.0,579.0,97.68
69503,PETREL,+,560.0,578.0,97.69
69504,BRO-22,+,554.0,580.0,97.69
69505,HORN-L,+,434.0,454.0,97.68
69506,VERTECS,+,552.0,575.0,97.67
69507,HORN-R,+,516.0,534.0,97.69
69508,STARLINK-37536,+,461.0,464.0,53.16
69509,STARLINK-37341,+,462.0,463.0,53.16
69510,STARLINK-36536,+,461.0,464.0,53.16
69511,STARLINK-37420,+,462.0,463.0,53.16
69512,STARLINK-37511,+,461.0,464.0,53.16
69513,STARLINK-37552,+,462.0,463.0,53.16
69514,STARLINK-37607,+,462.0,463.0,53.16
69515,STARLINK-37232,+,462.0,463.0,53.16
69516,STARLINK-37323,+,462.0,464.0,53.16
69517,STARLINK-37357,+,462.0,463.0,53.16
69518,STARLINK-37408,+,462.0,463.0,53.16
69519,STARLINK-37570,+,462.0,463.0,53.16
69520,STARLINK-37510,+,462.0,463.0,53.16
69521,STARLINK-37586,+,462.0,463.0,53.16
69522,STARLINK-37379,+,462.0,463.0,53.16
69523,STARLINK-37429,+,462.0,463.0,53.16
69524,STARLINK-37352,+,462.0,463.0,53.16
69525,STARLINK-37490,+,462.0,464.0,53.16
69526,STARLINK-37438,+,462.0,463.0,53.16
69527,STARLINK-37484,+,462.0,464.0,53.16
69528,STARLINK-37523,+,462.0,464.0,53.16
69529,STARLINK-37369,+,462.0,463.0,53.16
69530,STARLINK-37670,+,462.0,463.0,53.16
69531,STARLINK-37897,+,462.0,463.0,53.16
69532,STARLINK-37933,+,462.0,463.0,53.16
69533,STARLINK-37890,+,461.0,464.0,53.16
69534,STARLINK-37407,+,461.0,464.0,53.16
69535,STARLINK-37888,+,462.0,463.0,53.16
69536,STARLINK-37889,+,462.0,463.0,53.16
69538,OBJECT A,+,529.0,551.0,97.7
69539,OBJECT B,+,529.0,552.0,97.69
69540,OBJECT C,+,525.0,548.0,97.69
69541,OBJECT D,+,524.0,548.0,97.7
69542,OBJECT E,+,524.0,548.0,97.7
69543,OBJECT F,+,525.0,547.0,97.7
69544,OBJECT G,+,524.0,547.0,97.7
69545,OBJECT H,+,524.0,547.0,97.7
69546,STARLINK-37880,+,465.0,467.0,97.29
69547,STARLINK-37881,+,465.0,466.0,97.28
69548,STARLINK-37265,+,465.0,466.0,97.29
69549,STARLINK-37871,+,465.0,466.0,97.29
69550,STARLINK-37865,+,465.0,466.0,97.28
69551,STARLINK-37862,+,465.0,466.0,97.29
69552,STARLINK-37861,+,465.0,466.0,97.28
69553,STARLINK-37859,+,464.0,467.0,97.28
69554,STARLINK-37860,+,465.0,467.0,97.29
69555,STARLINK-37858,+,465.0,466.0,97.29
69556,STARLINK-37927,+,465.0,466.0,97.28
69557,STARLINK-37929,+,465.0,466.0,97.29
69558,STARLINK-37954,+,464.0,467.0,97.28
69559,STARLINK-37958,+,465.0,466.0,97.29
69560,STARLINK-37950,+,465.0,466.0,97.28
69561,STARLINK-37952,+,465.0,466.0,97.29
69562,STARLINK-37935,+,465.0,466.0,97.28
69563,STARLINK-37936,+,465.0,467.0,97.29
69564,STARLINK-37932,+,465.0,467.0,97.28
69565,STARLINK-37916,+,465.0,466.0,97.29
69566,STARLINK-37909,+,465.0,466.0,97.28
69567,STARLINK-37934,+,465.0,466.0,97.29
69568,STARLINK-37938,+,465.0,467.0,97.29
69569,STARLINK-37924,+,465.0,466.0,97.28
69570,SHIJIAN-31 (SJ-31),+,1990.0,39900.0,63.49
69572,HULIANWANG DIGUI-169,+,1111.0,1112.0,50.01
69573,HULIANWANG DIGUI-170,+,1110.0,1111.0,50.0
69574,HULIANWANG DIGUI-171,+,1111.0,1116.0,50.0
69575,HULIANWANG DIGUI-172,+,1103.0,1104.0,50.0
69576,HULIANWANG DIGUI-173,+,1107.0,1109.0,50.02
69577,HULIANWANG DIGUI-174,+,1107.0,1107.0,50.0
69578,HULIANWANG DIGUI-175,+,1106.0,1107.0,50.0
69579,HULIANWANG DIGUI-176,+,1099.0,1104.0,49.99
69580,HULIANWANG DIGUI-177,+,1098.0,1101.0,50.0
69582,CENTISPACE-1 GROUP 05 OBJECT A,+,830.0,851.0,55.14
69583,CENTISPACE-1 GROUP 05 OBJECT B,+,831.0,850.0,55.14
69584,CENTISPACE-1 GROUP 05 OBJECT C,+,830.0,849.0,55.14
69585,CENTISPACE-1 GROUP 05 OBJECT D,+,830.0,848.0,55.14
69586,CENTISPACE-1 GROUP 05 OBJECT E,+,830.0,848.0,55.14
69587,CENTISPACE-1 GROUP 05 OBJECT F,+,830.0,848.0,55.14
69588,CENTISPACE-1 GROUP 05 OBJECT G,+,830.0,847.0,55.14
69589,SPACEMOBILE-008,+,524.0,530.0,53.0
69590,SPACEMOBILE-009,+,524.0,531.0,53.0
69591,SPACEMOBILE-010,+,525.0,532.0,53.0
69592,KUIPER-00423,+,461.0,478.0,51.88
69593,KUIPER-00428,+,450.0,458.0,51.88
69594,KUIPER-00481,+,509.0,524.0,51.88
69595,KUIPER-00490,+,598.0,605.0,51.9
69596,KUIPER-00493,+,628.0,631.0,51.9
69597,KUIPER-00496,+,466.0,481.0,51.88
69598,KUIPER-00513,+,598.0,606.0,51.9
69599,KUIPER-00516,+,446.0,456.0,51.88
69600,KUIPER-00517,+,448.0,463.0,51.88
69601,KUIPER-00520,+,610.0,616.0,51.9
69602,KUIPER-00522,+,453.0,472.0,51.88
69603,KUIPER-00528,+,627.0,628.0,51.9
69604,KUIPER-00532,+,451.0,458.0,51.88
69605,KUIPER-00533,+,566.0,575.0,51.92
69606,KUIPER-00534,+,455.0,472.0,51.88
69607,KUIPER-00537,+,639.0,642.0,51.9
69608,KUIPER-00538,+,632.0,641.0,51.9
69609,KUIPER-00540,+,449.0,457.0,51.88
69610,KUIPER-00541,+,448.0,460.0,51.88
69611,KUIPER-00542,+,448.0,460.0,51.88
69612,KUIPER-00543,+,450.0,460.0,51.88
69613,KUIPER-00544,+,450.0,458.0,51.88
69614,KUIPER-00546,+,459.0,479.0,51.88
69615,KUIPER-00547,+,443.0,458.0,51.88
69616,KUIPER-00549,+,448.0,458.0,51.88
69617,KUIPER-00550,+,474.0,486.0,51.88
69618,KUIPER-00551,+,444.0,461.0,51.88
69619,KUIPER-00554,+,442.0,458.0,51.88
69620,KUIPER-00555,+,443.0,458.0,51.88
69621,KUIPER-00556,+,488.0,507.0,51.89
69622,KUIPER-00557,+,439.0,458.0,51.88
69623,KUIPER-00560,+,449.0,462.0,51.88
69624,KUIPER-00561,+,561.0,571.0,51.91
69625,KUIPER-00564,+,518.0,530.0,51.89
69626,KUIPER-00567,+,482.0,500.0,51.89
69627,KUIPER-00573,+,529.0,545.0,51.89
69636,CENTISPACE-1 GROUP 05 OBJECT J,+,831.0,848.0,55.14
69637,USA 610,+,442.0,446.0,70.0
69638,USA 611,+,443.0,448.0,70.0
69639,USA 612,+,442.0,450.0,70.0
69640,USA 613,+,442.0,447.0,70.0
69641,USA 614,+,441.0,446.0,70.0
69642,USA 615,+,428.0,432.0,70.02
69643,USA 616,+,428.0,432.0,70.01
69644,USA 617,+,428.0,432.0,70.02
69645,USA 618,+,428.0,432.0,70.02
69646,VICTUS HAZE PUMA,+,495.0,509.0,97.38
69648,HOKUSHIN-1,+,405.0,413.0,51.63
69649,STARLINK-37656,+,465.0,466.0,97.29
6965,COSMOS 614,,742.0,774.0,74.05
69650,STARLINK-37646,+,465.0,466.0,97.28
69651,STARLINK-37749,+,465.0,466.0,97.28
69652,STARLINK-37819,+,465.0,466.0,97.28
69653,STARLINK-37729,+,486.0,487.0,97.28
69654,STARLINK-37838,+,457.0,471.0,97.28
69655,STARLINK-37884,+,465.0,466.0,97.28
69656,STARLINK-37876,+,465.0,466.0,97.28
69657,STARLINK-37784,+,465.0,466.0,97.28
69658,STARLINK-37851,+,465.0,466.0,97.28
69659,STARLINK-37229,+,465.0,466.0,97.28
69660,STARLINK-37556,+,465.0,466.0,97.28
69661,STARLINK-37867,+,465.0,466.0,97.28
69662,STARLINK-37852,+,465.0,466.0,97.28
69663,STARLINK-37554,+,465.0,466.0,97.28
69664,STARLINK-37830,+,465.0,466.0,97.28
69665,STARLINK-37837,+,465.0,466.0,97.28
69666,STARLINK-37943,+,465.0,466.0,97.28
69667,STARLINK-37941,+,465.0,466.0,97.28
69668,STARLINK-37930,+,465.0,466.0,97.28
69669,STARLINK-37945,+,465.0,466.0,97.28
69670,STARLINK-37948,+,465.0,466.0,97.28
69671,STARLINK-37949,+,464.0,467.0,97.28
69672,STARLINK-37946,+,465.0,466.0,97.28
69677,STARLINK-38005,+,464.0,467.0,97.29
69678,STARLINK-38009,+,464.0,467.0,97.29
69679,STARLINK-37998,+,464.0,467.0,97.28
69680,STARLINK-37994,+,464.0,467.0,97.28
69681,STARLINK-37992,+,464.0,467.0,97.28
69682,STARLINK-37997,+,464.0,467.0,97.28
69683,STARLINK-37990,+,464.0,467.0,97.29
69684,STARLINK-37951,+,343.0,345.0,97.28
69685,STARLINK-37957,+,464.0,467.0,97.28
69686,STARLINK-37968,+,464.0,467.0,97.29
69687,STARLINK-37977,+,465.0,467.0,97.28
69688,STARLINK-37908,+,464.0,467.0,97.28
69689,STARLINK-37979,+,465.0,467.0,97.29
69690,STARLINK-37940,+,464.0,466.0,97.28
69691,STARLINK-37961,+,464.0,467.0,97.28
69692,STARLINK-37787,+,464.0,467.0,97.29
69693,STARLINK-37962,+,464.0,467.0,97.28
69694,STARLINK-37953,+,464.0,467.0,97.28
69695,STARLINK-37926,+,464.0,467.0,97.29
69696,STARLINK-37959,+,464.0,467.0,97.28
69697,STARLINK-37976,+,464.0,467.0,97.28
69698,STARLINK-37912,+,464.0,467.0,97.29
69699,STARLINK-37974,+,464.0,467.0,97.29
69700,STARLINK-37955,+,464.0,467.0,97.29
69701,STRIX-8,+,546.0,559.0,41.99
69704,STARLINK-38055,+,465.0,466.0,97.29
69705,STARLINK-37898,+,465.0,466.0,97.28
69706,STARLINK-37970,+,464.0,467.0,97.28
69707,STARLINK-37975,+,465.0,466.0,97.29
69708,STARLINK-37972,+,465.0,466.0,97.28
69709,STARLINK-37963,+,465.0,466.0,97.29
69710,STARLINK-37969,+,465.0,466.0,97.29
69711,STARLINK-37956,+,465.0,466.0,97.28
69712,STARLINK-38043,+,465.0,467.0,97.28
69713,STARLINK-38020,+,465.0,466.0,97.28
69714,STARLINK-38059,+,465.0,466.0,97.28
69715,STARLINK-38061,+,465.0,466.0,97.29
69716,STARLINK-38060,+,465.0,466.0,97.29
69717,STARLINK-38040,+,465.0,466.0,97.29
69718,STARLINK-37989,+,465.0,466.0,97.29
69719,STARLINK-38039,+,465.0,466.0,97.28
69720,STARLINK-38003,+,465.0,466.0,97.29
69721,STARLINK-38014,+,465.0,467.0,97.28
69722,STARLINK-37915,+,465.0,467.0,97.28
69723,STARLINK-38007,+,465.0,466.0,97.28
69724,STARLINK-38008,+,465.0,466.0,97.29
69725,STARLINK-38021,+,465.0,467.0,97.28
69726,STARLINK-38015,+,343.0,345.0,97.28
69727,STARLINK-38010,+,343.0,345.0,97.28
69737,HAIYANG-2E,+,966.0,967.0,99.35
69739,STARLINK-38033,+,465.0,466.0,97.29
69740,STARLINK-38076,+,462.0,464.0,97.28
69741,STARLINK-38074,+,464.0,467.0,97.29
69742,STARLINK-38041,+,464.0,467.0,97.29
69743,STARLINK-38087,+,464.0,467.0,97.28
69744,STARLINK-38078,+,464.0,467.0,97.29
69745,STARLINK-38047,+,464.0,467.0,97.28
69746,STARLINK-38046,+,464.0,467.0,97.29
69747,STARLINK-38067,+,454.0,456.0,97.29
69748,STARLINK-37988,+,454.0,457.0,97.29
69749,STARLINK-37987,+,464.0,467.0,97.28
69750,STARLINK-38037,+,464.0,467.0,97.29
69751,STARLINK-38049,+,464.0,467.0,97.28
69752,STARLINK-38029,+,456.0,458.0,97.28
69753,STARLINK-37965,+,464.0,467.0,97.29
69754,STARLINK-38048,+,464.0,467.0,97.28
69755,STARLINK-38006,+,464.0,467.0,97.28
69756,STARLINK-38036,+,461.0,463.0,97.28
69757,STARLINK-38058,+,464.0,467.0,97.29
69758,STARLINK-38066,+,464.0,467.0,97.28
69759,STARLINK-38035,+,465.0,466.0,97.28
69760,STARLINK-38056,+,464.0,467.0,97.28
69761,STARLINK-38069,+,464.0,467.0,97.28
69762,STARLINK-38019,+,343.0,345.0,97.29
69763,KUIPER-00258,+,459.0,475.0,51.87
69764,KUIPER-00526,+,628.0,630.0,51.9
69765,KUIPER-00558,+,623.0,626.0,51.93
69766,KUIPER-00569,+,606.0,610.0,51.9
69767,KUIPER-00589,+,639.0,642.0,51.9
69768,KUIPER-00598,+,512.0,522.0,51.88
69769,KUIPER-00604,+,580.0,581.0,51.9
69770,KUIPER-00609,+,519.0,522.0,51.89
69771,KUIPER-00611,+,570.0,576.0,51.9
69772,KUIPER-00612,+,588.0,591.0,51.9
69773,KUIPER-00614,+,578.0,583.0,51.9
69774,KUIPER-00615,+,638.0,641.0,51.9
69775,KUIPER-00616,+,452.0,456.0,51.88
69776,KUIPER-00617,+,494.0,501.0,51.89
69777,KUIPER-00619,+,539.0,542.0,51.89
69778,KUIPER-00621,+,578.0,583.0,51.9
69779,KUIPER-00622,+,627.0,633.0,51.9
69780,KUIPER-00623,+,618.0,625.0,51.9
69781,KUIPER-00626,+,520.0,529.0,51.88
69782,KUIPER-00627,+,468.0,479.0,51.87
69783,KUIPER-00629,+,629.0,630.0,51.9
69784,KUIPER-00631,+,629.0,630.0,51.9
69785,KUIPER-00634,+,608.0,620.0,51.9
69786,KUIPER-00639,+,460.0,474.0,51.87
69787,KUIPER-00641,+,472.0,488.0,51.87
69788,KUIPER-00644,+,449.0,461.0,51.88
69789,KUIPER-00646,+,480.0,494.0,51.88
69790,KUIPER-00647,+,478.0,491.0,51.87
69791,KUIPER-00662,+,640.0,641.0,51.9
69792,LINK,+,317.0,332.0,20.59
69794,ISS OBJECT YJ,+,405.0,416.0,51.63
69795,ISS OBJECT YK,+,399.0,408.0,51.63
69796,ISS OBJECT YL,+,401.0,412.0,51.63
69797,ISS OBJECT YM,+,400.0,413.0,51.63
69798,ISS OBJECT YN,+,404.0,416.0,51.63
69799,PROVES-ELECTRA,+,400.0,413.0,51.63
69800,QIANFAN-201,+,841.0,855.0,89.0
69801,QIANFAN-202,+,837.0,852.0,89.0
69802,QIANFAN-203,+,848.0,862.0,89.0
69803,QIANFAN-204,+,843.0,857.0,89.0
69804,QIANFAN-205,+,852.0,866.0,89.0
69805,QIANFAN-206,+,832.0,846.0,89.0
69806,QIANFAN-207,+,848.0,862.0,89.0
69807,QIANFAN-208,+,834.0,847.0,89.0
69808,QIANFAN-209,+,849.0,864.0,89.0
69809,QIANFAN-210,+,847.0,862.0,89.0
69810,QIANFAN-211,+,837.0,851.0,89.0
69811,QIANFAN-212,+,841.0,857.0,89.0
69812,QIANFAN-213,+,843.0,857.0,89.0
69813,QIANFAN-214,+,829.0,843.0,89.0
69814,QIANFAN-215,+,812.0,827.0,89.0
69815,QIANFAN-216,+,825.0,839.0,89.0
69816,QIANFAN-217,+,795.0,810.0,89.0
69817,QIANFAN-218,+,795.0,809.0,89.0
69819,STARLINK-37520,+,462.0,463.0,53.16
69820,STARLINK-37553,+,462.0,463.0,53.16
69821,STARLINK-37561,+,459.0,461.0,53.16
69822,STARLINK-37521,+,458.0,462.0,53.16
69823,STARLINK-37628,+,462.0,464.0,53.16
69824,STARLINK-37695,+,462.0,464.0,53.16
69825,STARLINK-37690,+,462.0,464.0,53.16
69826,STARLINK-37710,+,459.0,460.0,53.16
69827,STARLINK-38031,+,459.0,460.0,53.16
69828,STARLINK-38001,+,459.0,460.0,53.16
69829,STARLINK-37622,+,459.0,461.0,53.16
69830,STARLINK-37621,+,458.0,461.0,53.16
69831,STARLINK-37918,+,459.0,461.0,53.16
69832,STARLINK-37887,+,462.0,464.0,53.16
69833,STARLINK-37624,+,459.0,460.0,53.16
69834,STARLINK-37769,+,458.0,461.0,53.16
69835,STARLINK-37247,+,459.0,461.0,53.16
69836,STARLINK-37569,+,462.0,463.0,53.16
69837,STARLINK-37587,+,459.0,460.0,53.16
69838,STARLINK-37590,+,458.0,461.0,53.16
69839,STARLINK-37589,+,459.0,460.0,53.16
69840,STARLINK-37487,+,462.0,463.0,53.16
69841,STARLINK-37433,+,462.0,464.0,53.16
69842,STARLINK-37588,+,459.0,460.0,53.16
69843,STARLINK-37579,+,459.0,461.0,53.16
69844,STARLINK-37584,+,459.0,460.0,53.16
69845,STARLINK-37606,+,462.0,464.0,53.16
69846,STARLINK-37603,+,459.0,460.0,53.16
69847,STARLINK-37595,+,459.0,461.0,53.16
69848,QIANFAN-219,+,922.0,975.0,89.01
69849,QIANFAN-220,+,944.0,996.0,89.01
6985,COSMOS 617,,1333.0,1484.0,74.03
69850,QIANFAN-221,+,829.0,884.0,89.0
69851,QIANFAN-222,+,942.0,994.0,89.0
69852,QIANFAN-223,+,941.0,989.0,89.01
69853,QIANFAN-224,+,928.0,985.0,89.0
69854,QIANFAN-225,+,959.0,1002.0,89.0
69855,QIANFAN-226,+,945.0,997.0,89.0
69856,QIANFAN-227,+,934.0,984.0,89.01
69857,QIANFAN-228,+,941.0,994.0,89.01
69858,QIANFAN-229,+,925.0,976.0,89.0
69859,QIANFAN-230,+,942.0,991.0,89.01
6986,COSMOS 618,,1443.0,1486.0,74.03
69860,QIANFAN-231,+,922.0,974.0,89.01
69861,QIANFAN-232,+,927.0,966.0,89.0
69862,QIANFAN-233,+,921.0,973.0,89.01
69863,QIANFAN-234,+,913.0,954.0,89.0
69864,QIANFAN-235,+,810.0,858.0,89.01
69865,QIANFAN-236,+,941.0,991.0,89.0
69866,QIANFAN-237,+,919.0,969.0,89.01
69867,QIANFAN-238,+,939.0,984.0,89.01
69869,CAS500-4,+,882.0,900.0,98.99
6987,COSMOS 619,,1423.0,1487.0,74.03
69870,ICEYE-X79,+,587.0,597.0,97.75
69871,PELICAN-11,+,586.0,590.0,97.74
69872,TOM-1,+,593.0,598.0,97.75
69873,FIRESAT2,+,589.0,597.0,97.75
69874,CUBY-4,+,593.0,597.0,97.75
69875,CUBY-3,+,592.0,597.0,97.75
69876,ION SCV-023,+,587.0,597.0,97.6
69877,TRANSPORTER-17 OBJECT J,+,590.0,597.0,97.75
69878,GRUS-3G,+,588.0,597.0,97.75
69879,ANDURIL-216,+,589.0,597.0,97.76
6988,COSMOS 620,,1458.0,1493.0,74.03
69880,TRANSPORTER-17 OBJECT M,+,591.0,597.0,97.74
69881,CUBY-2,+,592.0,597.0,97.74
69882,LEMUR-2-DELOITTE-6,+,591.0,597.0,97.75
69883,HYPERION GR-1,+,590.0,598.0,97.75
69884,YAM-17,+,594.0,598.0,97.56
69885,GRUS-3A,+,589.0,597.0,97.75
69886,FIRESAT1,+,587.0,598.0,97.76
69887,TRANSPORTER-17 OBJECT U,+,587.0,597.0,97.75
69888,TRANSPORTER-17 OBJECT V,+,590.0,597.0,97.75
69889,ICEYE-X81,+,589.0,597.0,97.75
6989,COSMOS 621,,1406.0,1484.0,74.03
69890,FIRESAT3,+,586.0,597.0,97.75
69891,GRUS-3C,+,589.0,597.0,97.75
69892,ICEYE-X77,+,586.0,597.0,97.75
69893,ICEYE-X80,+,589.0,597.0,97.75
69894,GRUS-3F,+,589.0,597.0,97.75
69895,MIKROGLOB-1 (PIRX-1),+,588.0,597.0,97.75
69896,BRO-31,+,586.0,597.0,97.75
69897,TRANSPORTER-17 OBJECT AE,+,593.0,597.0,97.75
69898,GRUS-3E,+,589.0,597.0,97.75
69899,FOSSASAT-2E26,+,590.0,598.0,97.75
6990,COSMOS 622,,1369.0,1485.0,74.03
69900,TRANSPORTER-17 OBJECT AH,+,591.0,597.0,97.75
69901,R5-S9,+,591.0,597.0,97.75
69902,CUBY-1,+,592.0,597.0,97.74
69903,BALKAN-3,+,592.0,597.0,97.75
69904,TRANSPORTER-17 OBJECT AM,+,588.0,597.0,97.75
69905,LEMUR-2-ALEX-FULTON,+,591.0,597.0,97.75
69906,TOM-3,+,592.0,597.0,97.74
69907,CUBY-5,+,592.0,597.0,97.75
69908,MISR-D 1,+,589.0,597.0,97.75
69909,TRANSPORTER-17 OBJECT AS,+,590.0,597.0,97.75
6991,COSMOS 623,,1386.0,1485.0,74.03
69910,LEMUR-2-DELOITTE-5,+,592.0,597.0,97.75
69911,TRANSPORTER-17 OBJECT AU,+,594.0,597.0,97.75
69912,MARMOTSAT,+,593.0,597.0,97.75
69913,TRANSPORTER-17 OBJECT AW,+,593.0,597.0,97.75
69914,TOM-2,+,594.0,597.0,97.75
69915,MISR-D 2,+,587.0,597.0,97.75
69916,KOYO,+,593.0,597.0,97.75
69917,TRANSPORTER-17 OBJECT BA,+,583.0,597.0,97.75
69918,GRUS-3B,+,588.0,597.0,97.75
69919,GRUS-3D,+,587.0,597.0,97.75
6992,COSMOS 624,,1351.0,1484.0,74.03
69920,MARINA,+,586.0,597.0,97.75
69921,TRANSPORTER-17 OBJECT BE,+,586.0,597.0,97.75
69922,POSIDONIA,+,586.0,597.0,97.75
69923,RAFS,+,586.0,597.0,97.75
69924,CENTAURI-9,+,585.0,597.0,97.75
69925,TRANSPORTER-17 OBJECT BJ,+,584.0,596.0,97.75
69926,LEMUR-2-JESS-R,+,584.0,597.0,97.75
69927,REPLICATOR 2,+,585.0,597.0,97.75
69928,LEMUR-2-ALYX,+,584.0,597.0,97.75
69929,N2-P-BODY,+,583.0,596.0,97.75
69930,LEMUR-2-SOPHILUNA-X1,+,583.0,597.0,97.75
69931,GRITSS,+,584.0,597.0,97.75
69932,LEMUR-2-NURAY,+,584.0,597.0,97.74
69933,LEMUR-2-CRIMBOREALIS,+,583.0,597.0,97.76
69934,LEMUR-2-DELOITTE-4,+,583.0,597.0,97.75
69935,KOSTKA,+,583.0,597.0,97.74
69936,TRANSPORTER-17 OBJECT BV,+,583.0,597.0,97.74
69937,LEONAV-1,+,581.0,597.0,97.75
69938,CYBERCUBE,+,583.0,597.0,97.74
69939,CLOUDCT-PRECURSOR,+,583.0,597.0,97.75
69940,LEMUR-2-ELEONORE,+,582.0,597.0,97.75
69941,TRANSPORTER-17 OBJECT CA,+,584.0,597.0,97.75
69942,TRANSPORTER-17 OBJECT CB,+,585.0,597.0,97.75
69943,STARLINK-37886,+,459.0,461.0,53.16
69944,STARLINK-37937,+,459.0,461.0,53.16
69945,STARLINK-37903,+,459.0,460.0,53.16
69946,STARLINK-37905,+,462.0,464.0,53.16
69947,STARLINK-37904,+,458.0,461.0,53.16
69948,STARLINK-37891,+,459.0,461.0,53.16
69949,STARLINK-37923,+,459.0,461.0,53.16
69950,STARLINK-37895,+,458.0,461.0,53.16
69951,STARLINK-37841,+,459.0,460.0,53.16
69952,STARLINK-37899,+,459.0,461.0,53.16
69953,STARLINK-37900,+,459.0,460.0,53.16
69954,STARLINK-37882,+,459.0,461.0,53.16
69955,STARLINK-37928,+,458.0,461.0,53.16
69956,STARLINK-37824,+,458.0,461.0,53.16
69957,STARLINK-37919,+,459.0,461.0,53.16
69958,STARLINK-37964,+,459.0,460.0,53.16
69959,STARLINK-37907,+,462.0,463.0,53.16
69960,STARLINK-37901,+,462.0,463.0,53.16
69961,STARLINK-37910,+,462.0,464.0,53.16
69962,STARLINK-37925,+,462.0,463.0,53.16
69963,STARLINK-37931,+,462.0,464.0,53.16
69964,STARLINK-37914,+,459.0,460.0,53.16
69965,STARLINK-37840,+,459.0,460.0,53.16
69966,STARLINK-37894,+,459.0,460.0,53.16
69967,STARLINK-37875,+,462.0,464.0,53.16
69968,STARLINK-36218,+,459.0,461.0,53.16
69969,STARLINK-37921,+,459.0,460.0,53.16
69970,STARLINK-37896,+,459.0,460.0,53.16
69971,STARLINK-37922,+,458.0,461.0,53.16
69972,CHUANG XIN 26 (CX-26),+,804.0,812.0,49.98
69975,STARLINK-38024,+,343.0,345.0,97.28
69976,STARLINK-37993,+,343.0,345.0,97.29
69977,STARLINK-37995,+,342.0,345.0,97.28
69978,STARLINK-38057,+,343.0,345.0,97.28
69979,STARLINK-38063,+,343.0,345.0,97.28
69980,STARLINK-38093,+,343.0,346.0,97.28
69981,STARLINK-38050,+,343.0,345.0,97.28
69982,STARLINK-38065,+,343.0,345.0,97.28
69983,STARLINK-38077,+,343.0,345.0,97.28
69984,STARLINK-38068,+,343.0,345.0,97.28
69985,STARLINK-38089,+,343.0,345.0,97.28
69986,STARLINK-38073,+,343.0,345.0,97.28
69987,STARLINK-38099,+,343.0,345.0,97.28
69988,STARLINK-38064,+,343.0,345.0,97.28
69989,STARLINK-38080,+,343.0,345.0,97.28
69990,STARLINK-38070,+,343.0,345.0,97.28
69991,STARLINK-38042,+,343.0,346.0,97.28
69992,STARLINK-38071,+,343.0,345.0,97.28
69993,STARLINK-38082,+,343.0,345.0,97.28
69994,STARLINK-38090,+,342.0,346.0,97.29
69995,STARLINK-38084,+,343.0,345.0,97.28
69996,STARLINK-38085,+,343.0,345.0,97.28
69997,STARLINK-38091,+,343.0,345.0,97.28
69998,STARLINK-38086,+,343.0,345.0,97.28
7003,AUREOLE 2,,273.0,361.0,73.89
7005,COSMOS 626,,909.0,979.0,65.44
7008,COSMOS 627,,964.0,1013.0,82.95
704,TRANSIT 5B-2,,1055.0,1110.0,89.92
705,TRANSIT 5E-3,,1054.0,1107.0,89.92
7094,COSMOS 628,,952.0,1004.0,82.96
716,TIROS 8,-,636.0,666.0,58.49
7209,METEOR 1-16,,816.0,871.0,81.23
7213,MIRANDA (X-4),,657.0,819.0,97.8
7218,OPS 8579 (DMSP 5B F5),-,744.0,825.0,98.99
7244,OPS 4547,,768.0,803.0,94.6
7265,COSMOS 641,,1387.0,1481.0,74.01
7266,COSMOS 642,,1319.0,1479.0,74.02
7267,COSMOS 643,,1352.0,1481.0,74.02
7268,COSMOS 644,,1334.0,1481.0,74.02
7269,COSMOS 645,,1369.0,1481.0,74.02
7270,COSMOS 646,,1403.0,1484.0,74.02
7271,COSMOS 647,,1422.0,1483.0,74.02
7272,COSMOS 648,,1437.0,1489.0,74.02
7274,METEOR 1-17,,848.0,878.0,81.21
7276,MOLNIYA 2-9,,1266.0,32451.0,64.38
728,GGSE 1 (GGRS),,890.0,913.0,69.91
7281,COSMOS 650,,1367.0,1400.0,74.04
729,SECOR 1B,,900.0,921.0,69.9
7291,COSMOS 651,,895.0,940.0,64.97
7297,COSMOS 654,,911.0,1020.0,64.95
730,SOLRAD 7A,,896.0,919.0,69.91
731,GREB,,895.0,918.0,69.91
7337,COSMOS 660,,364.0,968.0,82.93
734,OPS 3367 A,,782.0,803.0,98.98
7349,COSMOS 663,,959.0,998.0,82.95
735,OPS 3367 B,,784.0,809.0,98.98
7363,METEOR 1-18,,881.0,905.0,81.23
737,RELAY 2,,1859.0,7642.0,46.45
7411,OPS 6983 (DMSP 5B F6),-,763.0,822.0,98.51
7424,COSMOS 675,,1364.0,1423.0,74.06
7433,COSMOS 676,,770.0,790.0,74.05
7435,COSMOS 677,,1396.0,1466.0,74.03
7436,COSMOS 678,,1466.0,1532.0,74.03
7437,COSMOS 679,,1466.0,1510.0,74.04
7438,COSMOS 680,,1466.0,1491.0,74.03
7439,COSMOS 681,,1464.0,1472.0,74.03
7440,COSMOS 682,,1452.0,1467.0,74.04
7441,COSMOS 683,,1434.0,1466.0,74.03
7442,COSMOS 684,,1416.0,1466.0,74.04
746,ELEKTRON 1,,405.0,6207.0,60.89
7476,COSMOS 689,,970.0,1012.0,82.94
7490,METEOR 1-19,,836.0,878.0,81.19
7529,NOAA 4,-,1444.0,1459.0,102.0
7530,OSCAR 7 (AO-7),P,1439.0,1459.0,101.99
7531,INTASAT,,1441.0,1459.0,102.0
7574,METEOR 1-20,,840.0,865.0,81.23
7593,COSMOS 700,,956.0,994.0,82.95
7615,LANDSAT 2,-,897.0,911.0,99.05
7646,STARLETTE,+,805.0,1106.0,49.82
7663,COSMOS 708,,1371.0,1407.0,69.24
7678,COSMOS 711,,1461.0,1492.0,74.01
7679,COSMOS 712,,1411.0,1489.0,74.0
7680,COSMOS 713,,1395.0,1486.0,74.0
7681,COSMOS 714,,1445.0,1490.0,74.0
7682,COSMOS 715,,1469.0,1504.0,74.0
7683,COSMOS 716,,1479.0,1513.0,74.0
7684,COSMOS 717,,1479.0,1536.0,74.01
7685,COSMOS 718,,1428.0,1489.0,74.0
7714,METEOR 1-21,,843.0,886.0,81.19
7718,COSMOS 723,,889.0,970.0,64.72
7727,COSMOS 724,,864.0,930.0,65.59
7734,GEOS 3,,809.0,847.0,114.99
7736,COSMOS 726,,951.0,988.0,83.0
7768,COSMOS 729,,970.0,1003.0,82.96
7780,MOLNIYA 1-29,,1762.0,38591.0,64.17
7816,OPS 6226 (DMSP 5C F7),-,770.0,845.0,98.6
7820,COSMOS 732,,1404.0,1469.0,74.01
7822,COSMOS 733,,1470.0,1553.0,74.02
7823,COSMOS 734,,1443.0,1471.0,74.02
7824,COSMOS 735,,1461.0,1473.0,74.01
7825,COSMOS 736,,1469.0,1486.0,74.02
7826,COSMOS 737,,1469.0,1529.0,74.01
7827,COSMOS 738,,1469.0,1509.0,74.02
7828,COSMOS 739,,1422.0,1472.0,74.02
7924,NIMBUS 6,-,1100.0,1113.0,100.0
7937,OPS 6381 (SSU 1),,1384.0,1394.0,95.07
801,OPS 4412 (TRANSIT 9),,801.0,869.0,90.46
8026,METEOR 2-1,,840.0,873.0,81.28
8072,COSMOS 755,,965.0,1004.0,82.9
812,OPS 4467 A,,806.0,813.0,99.83
813,OPS 4467 B,,809.0,817.0,99.84
8195,MOLNIYA 2-14,,1920.0,38181.0,64.85
8197,KIKU-1 (ETS-I),-,974.0,1101.0,46.99
8285,COSMOS 761,,1399.0,1482.0,74.01
8286,COSMOS 762,,1437.0,1484.0,74.01
8287,COSMOS 763,,1474.0,1509.0,74.01
8288,COSMOS 764,,1479.0,1525.0,74.01
8289,COSMOS 765,,1477.0,1550.0,74.01
829,ELEKTRON 3,,408.0,6057.0,60.81
8290,COSMOS 766,,1418.0,1484.0,74.01
8291,COSMOS 767,,1455.0,1486.0,74.01
8292,COSMOS 768,,1471.0,1491.0,74.01
8293,METEOR 1-22,,795.0,904.0,81.25
8325,COSMOS 770,,1165.0,1206.0,82.96
8343,COSMOS 773,,764.0,779.0,74.05
8419,COSMOS 778,,966.0,999.0,82.97
8458,COSMOS 783,,770.0,789.0,74.06
8473,COSMOS 785,,886.0,1025.0,65.08
8519,METEOR 1-23,,845.0,865.0,81.24
8591,COSMOS 789,,965.0,1011.0,82.98
8607,COSMOS 791,,1401.0,1486.0,74.05
8608,COSMOS 792,,1436.0,1490.0,74.05
8609,COSMOS 793,,1417.0,1490.0,74.06
8610,COSMOS 794,,1451.0,1493.0,74.06
8611,COSMOS 795,,1466.0,1498.0,74.05
8612,COSMOS 796,,1472.0,1514.0,74.05
8613,COSMOS 797,,1478.0,1529.0,74.06
8614,COSMOS 798,,1479.0,1554.0,74.05
8645,COSMOS 800,,976.0,1008.0,82.97
8688,COSMOS 803,,363.0,385.0,65.84
870,EXPLORER 20,,851.0,994.0,79.9
8709,UME (ISS),-,984.0,1002.0,69.68
8744,COSMOS 807,,361.0,1003.0,82.91
876,COSMOS 44,,569.0,780.0,65.06
8799,METEOR 1-24,,828.0,878.0,81.26
8818,OPS 6431,,667.0,1179.0,63.36
8835,SSU 1,,677.0,1228.0,63.36
8836,SSU 2,,678.0,1228.0,63.36
8845,METEOR 1-25,,824.0,882.0,81.26
8860,P 76-5,,975.0,1036.0,99.9
8873,COSMOS 823,,970.0,1004.0,82.96
8884,SSU 3,,669.0,1202.0,63.36
8889,COSMOS 825,,1395.0,1486.0,74.0
8890,COSMOS 826,,1481.0,1544.0,74.0
8891,COSMOS 827,,1413.0,1489.0,74.0
8892,COSMOS 828,,1432.0,1489.0,74.0
8893,COSMOS 829,,1450.0,1490.0,74.0
8894,COSMOS 830,,1468.0,1493.0,74.0
8895,COSMOS 831,,1475.0,1507.0,74.0
8896,COSMOS 832,,1482.0,1520.0,74.0
8923,COSMOS 836,,766.0,790.0,74.05
897,OPS 5798 (TRANSIT 5B-4),,1044.0,1073.0,90.23
899,EXPLORER 22,,865.0,1041.0,79.69
900,CALSPHERE 1,+,955.0,996.0,90.22
9011,COSMOS 839,,975.0,2099.0,65.85
902,CALSPHERE 2,+,1047.0,1076.0,90.23
9022,COSMOS 841,,759.0,779.0,74.04
9025,COSMOS 842,,963.0,1006.0,82.99
9057,NOAA 5,-,1508.0,1523.0,102.31
9061,COSMOS 846,,946.0,1006.0,82.93
932,EXPLORER 25 (INJUN 4),,523.0,2262.0,81.34
9415,OPS 5721 (DMSP 5D-1 F1),-,786.0,812.0,98.37
9443,COSMOS 858,,765.0,784.0,74.05
9481,METEOR 1-26,,841.0,876.0,81.22
9486,COSMOS 860,,912.0,1005.0,64.7
9494,COSMOS 861,,926.0,989.0,64.86
9509,COSMOS 864,,958.0,1001.0,82.94
9588,COSMOS 871,,1417.0,1464.0,74.03
9589,COSMOS 872,,1399.0,1463.0,74.03
959,OPS 6582 (TRANSIT 5E-5),,994.0,1059.0,90.01
9590,COSMOS 873,,1464.0,1495.0,74.03
9591,COSMOS 874,,1463.0,1516.0,74.03
9592,COSMOS 875,,1436.0,1464.0,74.03
9593,COSMOS 876,,1464.0,1538.0,74.03
9594,COSMOS 877,,1455.0,1463.0,74.03
9595,COSMOS 878,,1464.0,1474.0,74.03
9610,COSMOS 883,,951.0,1003.0,82.95
9634,COSMOS 886,,584.0,2290.0,65.84
9637,COSMOS 887,,942.0,1010.0,82.94
965,OPS 6582 (TRANSIT 5B-5),,1014.0,1079.0,90.08
9661,METEOR 2-2,,871.0,887.0,81.26
9737,COSMOS 890,,972.0,1013.0,82.96
978,TIROS 9,-,705.0,2558.0,96.41
9841,TANSEI-3 (MS-T3),-,794.0,3805.0,65.76
9846,COSMOS 894,,962.0,1007.0,82.94
9903,METEOR 1-27,,838.0,890.0,81.27
